track_id,frame_id,timestamp,x,y,w,h,confidence,class_name
0,0,0.000,1158.21,807.45,96.76,238.77,0.7379,person
1,0,0.000,55.86,598.09,80.12,236.59,0.7243,person
2,0,0.000,989.18,320.95,66.60,195.18,0.6342,person
3,0,0.000,601.75,763.70,73.09,198.38,0.6270,person
4,0,0.000,735.73,641.48,80.47,224.92,0.6104,person
5,0,0.000,1321.93,480.31,77.28,217.14,0.5784,person
1,1,0.040,1157.50,808.55,96.37,237.88,0.7487,person
2,1,0.040,56.05,597.52,79.87,235.91,0.7307,person
3,1,0.040,989.81,320.10,66.08,193.65,0.6587,person
4,1,0.040,601.91,763.62,73.20,198.67,0.6280,person
5,1,0.040,736.87,641.16,80.70,225.65,0.6213,person
1,2,0.080,1156.45,808.62,97.35,240.62,0.7687,person
2,2,0.080,57.03,596.73,80.20,236.91,0.7440,person
3,2,0.080,990.84,318.52,65.81,192.78,0.6885,person
4,2,0.080,602.21,764.00,72.98,198.03,0.6649,person
5,2,0.080,738.35,640.24,81.23,227.42,0.6714,person
6,2,0.080,1321.38,481.10,77.82,216.30,0.6288,person
1,3,0.120,1154.48,803.52,100.73,249.94,0.7646,person
2,3,0.120,59.09,596.11,80.44,237.58,0.7457,person
3,3,0.120,992.87,316.58,65.34,191.15,0.7308,person
4,3,0.120,601.93,763.96,72.81,197.53,0.6249,person
5,3,0.120,740.49,640.27,81.13,227.69,0.6770,person
6,3,0.120,1320.09,481.08,78.17,217.29,0.6465,person
1,4,0.160,1155.01,805.68,99.64,248.40,0.7785,person
2,4,0.160,60.24,595.77,80.53,238.11,0.7703,person
3,4,0.160,994.32,313.93,65.67,191.88,0.7190,person
4,4,0.160,601.84,764.01,73.15,198.50,0.6500,person
5,4,0.160,741.83,639.65,81.24,228.44,0.6766,person
6,4,0.160,1319.32,480.82,78.42,218.06,0.6496,person
1,5,0.200,1155.56,807.96,97.84,245.12,0.7684,person
2,5,0.200,62.00,595.10,79.60,235.42,0.8074,person
3,5,0.200,995.27,313.18,65.58,191.43,0.7228,person
4,5,0.200,601.63,763.86,73.22,198.76,0.6281,person
5,5,0.200,742.47,638.23,81.73,230.54,0.6602,person
6,5,0.200,1318.78,480.36,78.45,218.45,0.6391,person
1,6,0.240,1156.69,811.07,96.40,242.94,0.7781,person
2,6,0.240,62.91,593.84,78.00,230.51,0.7765,person
3,6,0.240,996.60,312.20,66.01,192.69,0.7091,person
4,6,0.240,601.61,764.08,73.36,199.24,0.6142,person
5,6,0.240,744.97,637.83,81.57,230.87,0.6184,person
6,6,0.240,1318.57,480.30,78.05,217.80,0.6514,person
1,7,0.280,1157.73,813.37,95.43,242.11,0.7804,person
2,7,0.280,62.98,591.60,77.57,229.43,0.7380,person
3,7,0.280,997.96,311.49,66.18,193.40,0.7120,person
4,7,0.280,601.72,764.11,73.28,199.11,0.6187,person
5,7,0.280,748.42,637.55,80.81,229.52,0.5905,person
6,7,0.280,1319.07,480.44,77.67,217.26,0.6521,person
8,7,0.280,1289.33,980.06,92.09,99.94,0.6093,person
1,8,0.320,1159.55,818.76,92.36,235.24,0.7702,person
2,8,0.320,62.94,588.69,77.71,230.48,0.7519,person
3,8,0.320,998.95,310.89,66.40,194.25,0.7048,person
4,8,0.320,601.61,764.16,73.06,198.35,0.5591,person
5,8,0.320,750.28,636.35,80.27,229.15,0.5912,person
6,8,0.320,1318.80,480.40,77.55,217.36,0.6330,person
8,8,0.320,1291.13,981.92,90.52,98.08,0.6217,person
1,9,0.360,1161.99,820.80,91.81,234.96,0.7643,person
2,9,0.360,62.55,584.51,78.20,232.10,0.6979,person
3,9,0.360,1000.18,310.52,66.57,194.86,0.6928,person
4,9,0.360,601.29,764.03,73.46,199.35,0.5646,person
5,9,0.360,752.23,634.24,80.03,229.99,0.6318,person
6,9,0.360,1319.07,480.47,77.49,217.88,0.6334,person
8,9,0.360,1294.25,983.41,89.51,96.59,0.6496,person
1,10,0.400,1164.13,822.83,91.95,235.97,0.7525,person
2,10,0.400,63.05,582.15,77.39,229.38,0.7076,person
3,10,0.400,1001.40,310.39,66.63,195.12,0.6806,person
4,10,0.400,601.02,764.33,73.70,199.94,0.5664,person
5,10,0.400,754.60,632.46,79.65,230.74,0.6379,person
6,10,0.400,1318.63,480.70,77.41,218.51,0.6608,person
8,10,0.400,1293.90,985.77,87.63,94.23,0.6150,person
9,10,0.400,1184.62,642.78,65.72,143.00,0.5683,person
1,11,0.440,1167.15,823.96,91.42,235.02,0.7321,person
2,11,0.440,64.08,578.79,76.16,225.20,0.7435,person
3,11,0.440,1002.50,310.53,66.48,194.95,0.6990,person
4,11,0.440,600.93,764.99,74.95,202.97,0.6132,person
5,11,0.440,756.11,631.80,79.09,230.75,0.6767,person
6,11,0.440,1318.25,481.74,76.54,217.18,0.7145,person
8,11,0.440,1295.36,987.36,86.53,92.64,0.6288,person
1,12,0.480,1167.45,821.53,92.48,238.57,0.7389,person
2,12,0.480,64.64,576.67,75.46,223.00,0.7287,person
3,12,0.480,1003.18,309.73,66.96,196.26,0.7058,person
4,12,0.480,601.06,764.09,74.30,201.54,0.6523,person
5,12,0.480,757.30,630.50,78.63,230.97,0.7082,person
6,12,0.480,1317.87,480.93,76.39,218.29,0.7107,person
8,12,0.480,1296.15,987.89,86.53,92.11,0.6079,person
1,13,0.520,1168.71,823.72,92.69,240.31,0.7496,person
2,13,0.520,64.93,575.25,75.37,222.17,0.7282,person
3,13,0.520,1004.40,309.54,66.85,196.31,0.7043,person
4,13,0.520,601.06,763.78,74.16,201.53,0.6596,person
5,13,0.520,757.90,630.09,78.10,230.86,0.7227,person
6,13,0.520,1317.90,480.89,75.69,217.69,0.6933,person
8,13,0.520,1297.17,989.71,85.47,90.29,0.6061,person
10,13,0.520,1001.09,838.20,121.14,241.57,0.7008,person
9,13,0.520,1185.90,655.10,89.88,194.72,0.5403,person
1,14,0.560,1169.67,825.64,92.21,239.80,0.7190,person
2,14,0.560,64.71,573.27,76.64,225.88,0.7461,person
3,14,0.560,1005.66,309.36,66.72,196.40,0.7082,person
4,14,0.560,601.22,763.46,73.92,201.16,0.6768,person
5,14,0.560,758.65,629.64,77.09,228.96,0.7376,person
6,14,0.560,1317.94,480.44,75.43,218.20,0.6778,person
8,14,0.560,1297.16,990.66,85.09,89.30,0.5486,person
10,14,0.560,1001.18,837.22,121.55,242.67,0.6684,person
9,14,0.560,1186.27,658.59,100.71,218.70,0.5816,person
1,15,0.600,1171.22,826.76,92.93,242.70,0.7230,person
2,15,0.600,64.03,572.03,77.53,227.93,0.7705,person
3,15,0.600,1006.64,307.70,66.84,197.06,0.6806,person
4,15,0.600,601.18,763.56,73.93,201.38,0.6544,person
5,15,0.600,759.52,629.92,76.58,228.38,0.7219,person
6,15,0.600,1318.08,480.45,75.06,218.18,0.6670,person
8,15,0.600,1299.24,993.36,83.13,86.62,0.5274,person
10,15,0.600,1000.79,834.76,122.53,245.06,0.6833,person
9,15,0.600,1190.05,663.95,103.16,223.59,0.5389,person
1,16,0.640,1172.14,827.81,94.00,245.77,0.7354,person
2,16,0.640,65.43,571.50,76.98,225.28,0.7635,person
3,16,0.640,1007.17,306.74,66.97,197.49,0.6740,person
4,16,0.640,601.08,763.11,73.50,200.24,0.6106,person
5,16,0.640,759.80,629.89,76.15,228.01,0.6956,person
6,16,0.640,1318.27,480.08,74.88,218.51,0.6520,person
10,16,0.640,999.24,831.98,123.59,247.63,0.6720,person
9,16,0.640,1194.63,669.12,104.38,225.25,0.5450,person
1,17,0.680,1174.05,828.05,94.71,247.24,0.7526,person
2,17,0.680,66.25,570.81,76.87,224.09,0.7634,person
3,17,0.680,1008.02,305.51,66.65,196.47,0.6754,person
4,17,0.680,600.56,762.41,73.72,200.69,0.6009,person
5,17,0.680,759.87,629.96,75.90,228.16,0.7073,person
6,17,0.680,1318.56,479.94,74.26,217.50,0.6368,person
10,17,0.680,998.41,829.57,124.45,249.79,0.6593,person
9,17,0.680,1202.20,671.68,101.75,218.17,0.5751,person
11,17,0.680,1026.55,83.56,66.01,184.38,0.5715,person
1,18,0.720,1176.07,829.64,94.47,246.12,0.7732,person
2,18,0.720,67.05,570.20,77.29,224.63,0.7556,person
3,18,0.720,1008.19,304.09,66.66,196.14,0.6284,person
4,18,0.720,600.18,762.44,73.66,200.23,0.6024,person
5,18,0.720,759.96,629.62,75.63,228.46,0.6921,person
6,18,0.720,1318.72,480.17,73.91,217.26,0.6420,person
10,18,0.720,999.65,827.41,124.28,250.12,0.7031,person
9,18,0.720,1211.86,675.25,100.58,215.91,0.6127,person
11,18,0.720,1027.74,84.98,65.10,181.71,0.5577,person
1,19,0.760,1178.71,829.85,95.05,246.98,0.7653,person
2,19,0.760,67.05,569.92,77.70,225.48,0.7764,person
3,19,0.760,1009.72,302.28,66.49,195.54,0.5986,person
4,19,0.760,599.98,761.91,73.98,201.00,0.6378,person
5,19,0.760,760.32,628.94,75.38,228.86,0.6925,person
6,19,0.760,1318.81,480.54,73.70,217.47,0.6180,person
10,19,0.760,997.12,823.67,126.49,255.18,0.7340,person
9,19,0.760,1227.97,680.56,80.76,165.97,0.5501,person
11,19,0.760,1029.08,87.01,64.07,178.74,0.5802,person
1,20,0.800,1180.61,831.55,95.48,246.99,0.7633,person
2,20,0.800,67.30,567.40,79.36,229.65,0.7570,person
3,20,0.800,1011.12,300.29,66.10,194.24,0.5919,person
4,20,0.800,599.70,761.81,74.24,201.40,0.6392,person
5,20,0.800,760.02,628.12,75.16,229.52,0.6881,person
6,20,0.800,1319.17,480.37,73.63,218.01,0.5999,person
10,20,0.800,998.71,821.64,126.23,255.54,0.6137,person
9,20,0.800,1229.65,686.55,92.78,189.57,0.5491,person
11,20,0.800,1030.09,88.48,64.16,178.99,0.5651,person
1,21,0.840,1182.59,833.38,95.59,246.52,0.7716,person
2,21,0.840,68.28,565.10,78.90,227.52,0.7539,person
3,21,0.840,1012.37,299.05,65.71,193.20,0.5845,person
4,21,0.840,599.17,761.83,74.31,200.63,0.6188,person
5,21,0.840,759.99,627.42,74.58,228.82,0.6650,person
6,21,0.840,1319.64,480.70,73.07,217.13,0.6095,person
10,21,0.840,1000.98,819.09,125.97,256.61,0.6652,person
9,21,0.840,1233.62,691.13,96.69,196.57,0.6601,person
11,21,0.840,1030.98,92.33,64.24,179.30,0.5559,person
1,22,0.880,1185.81,835.65,95.46,244.35,0.7660,person
2,22,0.880,68.99,561.70,78.80,225.98,0.7648,person
3,22,0.880,1013.65,298.16,65.51,192.30,0.5378,person
4,22,0.880,598.84,761.97,73.91,197.87,0.6317,person
5,22,0.880,759.52,626.84,74.31,229.11,0.6744,person
6,22,0.880,1319.50,480.92,72.96,217.25,0.6194,person
10,22,0.880,1002.11,817.92,124.62,255.41,0.6925,person
9,22,0.880,1238.95,696.17,93.42,186.71,0.5245,person
11,22,0.880,1032.79,95.06,64.20,179.09,0.5879,person
1,23,0.920,1187.31,836.95,95.77,243.05,0.7962,person
2,23,0.920,70.54,558.29,79.20,225.05,0.7860,person
3,23,0.920,1014.70,297.21,65.48,192.09,0.5695,person
4,23,0.920,598.16,762.22,74.02,195.82,0.5996,person
5,23,0.920,758.86,626.41,73.76,228.52,0.6754,person
6,23,0.920,1319.71,481.32,72.44,216.49,0.6215,person
10,23,0.920,1003.84,816.29,122.57,252.63,0.6765,person
11,23,0.920,1034.57,96.34,64.22,178.93,0.6155,person
1,24,0.960,1187.78,839.47,95.27,240.53,0.8063,person
2,24,0.960,70.50,554.72,81.51,229.70,0.7916,person
3,24,0.960,1016.04,296.04,65.56,192.41,0.5945,person
4,24,0.960,596.91,763.12,74.97,195.83,0.5676,person
5,24,0.960,758.07,625.73,73.38,228.49,0.6717,person
6,24,0.960,1319.64,482.08,71.70,214.84,0.6371,person
10,24,0.960,1003.62,814.51,122.82,255.42,0.7055,person
11,24,0.960,1036.00,96.98,64.73,180.06,0.6343,person
1,25,1.000,1188.92,842.88,94.55,237.12,0.8140,person
2,25,1.000,70.23,553.25,81.58,228.17,0.7902,person
3,25,1.000,1017.43,295.19,65.87,192.89,0.6069,person
4,25,1.000,595.58,763.39,76.17,196.34,0.5304,person
5,25,1.000,757.22,624.63,72.97,228.51,0.6953,person
6,25,1.000,1319.61,482.24,71.58,214.94,0.6515,person
10,25,1.000,1002.47,813.31,122.57,257.14,0.7176,person
11,25,1.000,1036.74,97.21,65.09,180.99,0.6404,person
9,25,1.000,1259.69,708.88,87.03,169.05,0.5785,person
1,26,1.040,1189.11,845.54,94.26,234.46,0.8106,person
2,26,1.040,70.92,551.53,80.75,224.92,0.7905,person
3,26,1.040,1017.71,294.62,66.24,193.85,0.5601,person
4,26,1.040,594.15,763.40,77.34,196.58,0.5324,person
5,26,1.040,756.51,623.94,72.19,227.47,0.6838,person
6,26,1.040,1319.62,482.42,71.31,214.53,0.6495,person
10,26,1.040,1002.09,812.81,121.43,256.88,0.7038,person
11,26,1.040,1037.83,97.47,64.66,179.34,0.6226,person
9,26,1.040,1272.24,715.54,76.59,141.01,0.6389,person
1,27,1.080,1189.78,848.10,94.20,231.90,0.8029,person
2,27,1.080,72.65,549.69,80.12,222.39,0.8028,person
3,27,1.080,1018.35,294.43,66.45,194.11,0.5564,person
4,27,1.080,593.14,762.89,78.65,197.20,0.5704,person
5,27,1.080,755.73,622.89,72.56,230.09,0.7024,person
6,27,1.080,1319.98,483.04,71.06,214.08,0.6491,person
10,27,1.080,1001.49,811.24,121.29,258.77,0.7392,person
11,27,1.080,1037.91,97.52,65.42,181.19,0.6493,person
9,27,1.080,1277.39,720.98,77.60,136.18,0.5437,person
1,28,1.120,1191.34,850.84,94.26,228.54,0.8163,person
2,28,1.120,73.67,547.47,80.15,222.37,0.8152,person
3,28,1.120,1019.25,296.20,66.23,192.51,0.5057,person
4,28,1.120,591.64,762.77,79.87,197.51,0.5632,person
5,28,1.120,755.49,621.76,72.32,230.84,0.6362,person
6,28,1.120,1319.98,482.99,70.92,214.00,0.6583,person
10,28,1.120,1001.26,810.14,121.21,260.53,0.7536,person
11,28,1.120,1037.80,97.72,65.68,181.67,0.6535,person
9,28,1.120,1283.15,725.02,79.08,133.34,0.5005,person
1,29,1.160,1192.38,853.06,94.64,225.41,0.8149,person
2,29,1.160,74.26,545.26,80.33,222.75,0.7798,person
3,29,1.160,1019.36,292.67,67.62,195.73,0.5370,person
4,29,1.160,591.02,762.54,81.33,198.60,0.6156,person
5,29,1.160,755.11,621.54,72.40,232.76,0.6252,person
6,29,1.160,1320.04,483.19,70.81,213.92,0.6642,person
10,29,1.160,1001.24,809.32,121.06,262.13,0.7530,person
11,29,1.160,1038.64,98.03,64.63,177.41,0.6982,person
1,30,1.200,1192.47,854.85,95.22,222.70,0.8186,person
2,30,1.200,75.81,542.38,80.33,223.73,0.7923,person
3,30,1.200,1020.67,290.35,68.04,197.07,0.5292,person
4,30,1.200,590.48,762.32,82.25,198.81,0.5557,person
5,30,1.200,754.00,620.64,72.39,234.87,0.6664,person
6,30,1.200,1319.84,482.34,71.23,215.54,0.6444,person
10,30,1.200,1001.32,808.52,120.91,263.57,0.7391,person
11,30,1.200,1038.78,99.01,65.42,179.03,0.7141,person
9,30,1.200,1289.98,734.95,90.44,149.58,0.5403,person
1,31,1.240,1189.53,856.01,95.88,221.51,0.8074,person
2,31,1.240,76.99,540.19,79.82,223.62,0.7685,person
3,31,1.240,1023.02,290.64,67.73,195.80,0.5505,person
5,31,1.240,753.34,620.27,72.66,236.85,0.6310,person
6,31,1.240,1319.42,481.85,71.48,216.71,0.6511,person
10,31,1.240,1001.54,807.74,120.26,264.14,0.7175,person
11,31,1.240,1039.43,100.57,66.06,179.69,0.7239,person
1,32,1.280,1187.19,858.07,95.64,218.63,0.8151,person
2,32,1.280,78.26,538.04,79.34,223.66,0.7505,person
3,32,1.280,1024.37,289.10,67.90,196.18,0.5393,person
5,32,1.280,752.20,619.54,72.67,237.16,0.6447,person
6,32,1.280,1319.55,481.55,71.36,216.67,0.6301,person
10,32,1.280,1002.57,807.33,119.17,263.08,0.7451,person
11,32,1.280,1040.23,102.61,66.07,178.53,0.7343,person
4,32,1.280,590.41,760.23,83.45,199.61,0.5042,person
9,32,1.280,1293.22,744.12,107.92,178.76,0.5445,person
1,33,1.320,1185.87,860.09,95.44,216.27,0.8011,person
2,33,1.320,78.47,537.32,78.59,222.68,0.7429,person
3,33,1.320,1027.21,290.50,66.61,192.26,0.5932,person
5,33,1.320,752.77,619.28,69.60,227.26,0.6246,person
6,33,1.320,1320.15,481.33,71.14,216.26,0.6420,person
10,33,1.320,1003.38,805.98,117.90,260.94,0.7631,person
11,33,1.320,1040.70,104.75,66.58,179.08,0.7445,person
4,33,1.320,589.10,757.82,85.54,203.24,0.6116,person
9,33,1.320,1293.94,749.19,120.30,203.68,0.5563,person
1,34,1.360,1185.02,862.58,95.25,213.76,0.7988,person
2,34,1.360,79.06,536.59,78.51,223.70,0.7668,person
3,34,1.360,1029.39,291.27,65.56,188.31,0.5650,person
5,34,1.360,751.90,619.23,68.38,223.08,0.6266,person
6,34,1.360,1320.08,481.46,70.89,215.76,0.6443,person
10,34,1.360,1003.81,804.78,117.23,259.80,0.7640,person
11,34,1.360,1041.99,107.26,65.62,176.09,0.6825,person
4,34,1.360,588.25,756.10,87.22,206.46,0.6141,person
9,34,1.360,1300.46,755.01,118.62,203.12,0.5497,person
12,34,1.360,359.49,264.31,60.87,177.82,0.5564,person
1,35,1.400,1184.70,864.62,95.13,211.02,0.7880,person
2,35,1.400,79.68,536.10,78.15,224.25,0.7591,person
3,35,1.400,1032.40,291.62,64.27,185.00,0.5893,person
5,35,1.400,751.38,618.73,68.19,222.03,0.6295,person
6,35,1.400,1319.98,481.26,71.08,216.68,0.6513,person
10,35,1.400,1002.16,801.72,118.29,262.27,0.7802,person
11,35,1.400,1042.46,110.63,65.23,174.28,0.6916,person
4,35,1.400,588.12,754.77,87.91,207.98,0.5700,person
9,35,1.400,1303.63,760.97,123.05,214.18,0.5640,person
12,35,1.400,361.82,266.11,60.63,176.87,0.5855,person
1,36,1.440,1182.74,865.43,95.82,211.08,0.8068,person
2,36,1.440,79.83,535.58,77.49,223.70,0.7410,person
3,36,1.440,1035.33,291.34,63.42,182.70,0.5569,person
5,36,1.440,749.93,618.19,68.32,221.70,0.6097,person
6,36,1.440,1321.13,481.21,71.01,216.51,0.6433,person
10,36,1.440,1001.95,798.66,118.75,263.56,0.7827,person
11,36,1.440,1041.63,112.91,65.29,173.91,0.6970,person
4,36,1.440,592.64,751.37,85.79,206.25,0.5347,person
9,36,1.440,1311.86,765.21,123.55,218.70,0.6228,person
12,36,1.440,362.69,267.10,60.26,175.54,0.6354,person
1,37,1.480,1182.19,866.15,96.63,211.40,0.8039,person
2,37,1.480,79.87,533.60,77.37,224.44,0.7456,person
3,37,1.480,1037.59,294.69,62.30,179.06,0.5563,person
5,37,1.480,750.71,618.35,70.07,223.25,0.5816,person
6,37,1.480,1321.55,481.55,70.87,216.14,0.6467,person
10,37,1.480,1001.97,796.35,118.65,263.33,0.7710,person
11,37,1.480,1041.28,114.67,64.97,172.46,0.6831,person
4,37,1.480,590.21,751.05,86.41,207.78,0.5261,person
9,37,1.480,1320.33,769.49,121.77,219.11,0.5640,person
12,37,1.480,363.33,267.43,60.18,175.48,0.5837,person
1,38,1.520,1182.23,867.25,96.58,210.18,0.8029,person
2,38,1.520,80.04,532.06,76.75,223.67,0.7474,person
5,38,1.520,751.14,617.47,71.18,222.50,0.5924,person
6,38,1.520,1321.59,482.28,70.78,215.93,0.6718,person
10,38,1.520,1002.46,794.75,117.17,259.38,0.7730,person
11,38,1.520,1040.03,115.57,66.30,176.51,0.6646,person
4,38,1.520,590.23,750.27,86.32,207.64,0.5447,person
9,38,1.520,1326.64,773.69,120.10,218.92,0.5565,person
12,38,1.520,365.00,268.09,59.79,174.52,0.6475,person
1,39,1.560,1180.85,867.89,96.53,209.93,0.8362,person
2,39,1.560,80.71,530.90,74.39,216.76,0.7581,person
5,39,1.560,751.79,617.34,72.81,223.33,0.6070,person
6,39,1.560,1321.56,482.74,70.53,215.47,0.6642,person
10,39,1.560,1003.55,793.06,115.88,256.27,0.7689,person
11,39,1.560,1039.19,116.30,66.71,178.04,0.6341,person
4,39,1.560,592.00,749.32,85.41,207.70,0.6151,person
9,39,1.560,1331.31,777.11,119.86,219.89,0.5952,person
12,39,1.560,365.63,267.92,59.85,174.97,0.5770,person
13,39,1.560,1714.10,435.52,86.87,235.25,0.6347,person
3,39,1.560,1041.69,295.35,61.99,178.10,0.5257,person
1,40,1.600,1180.02,869.02,96.22,209.38,0.8438,person
2,40,1.600,79.74,527.30,73.85,215.71,0.7478,person
5,40,1.600,750.91,616.63,74.41,225.05,0.5942,person
6,40,1.600,1321.27,482.54,70.41,215.39,0.6587,person
10,40,1.600,1005.68,791.99,112.87,248.89,0.7346,person
11,40,1.600,1038.88,116.61,66.37,177.63,0.6582,person
4,40,1.600,592.41,748.07,85.07,209.10,0.6225,person
9,40,1.600,1339.94,783.69,117.90,217.10,0.6430,person
12,40,1.600,367.66,267.93,59.94,175.40,0.5939,person
13,40,1.600,1714.64,436.94,87.66,237.37,0.5999,person
14,40,1.600,953.11,910.12,66.45,168.83,0.7027,person
3,40,1.600,1042.59,291.82,63.14,181.70,0.5780,person
1,41,1.640,1179.22,870.43,95.69,208.82,0.8483,person
2,41,1.640,79.41,526.67,74.15,217.84,0.7396,person
5,41,1.640,748.99,615.94,75.18,226.42,0.5981,person
6,41,1.640,1321.36,482.02,70.51,216.14,0.6415,person
10,41,1.640,1007.00,791.12,111.84,246.15,0.7564,person
11,41,1.640,1038.54,116.45,66.47,178.14,0.6673,person
4,41,1.640,594.26,747.15,84.38,210.54,0.6430,person
9,41,1.640,1346.03,789.30,118.59,219.91,0.5751,person
12,41,1.640,369.86,267.49,60.22,175.81,0.6199,person
13,41,1.640,1715.17,441.20,87.98,238.59,0.5882,person
14,41,1.640,950.39,908.23,67.58,171.53,0.6965,person
3,41,1.640,1043.45,289.49,63.91,184.44,0.6047,person
1,42,1.680,1179.61,871.10,94.87,208.38,0.8522,person
2,42,1.680,78.70,523.85,73.40,216.41,0.7649,person
5,42,1.680,746.22,615.62,75.58,227.01,0.6161,person
6,42,1.680,1321.47,482.13,70.45,216.23,0.6527,person
10,42,1.680,1006.96,789.87,111.81,246.09,0.7833,person
11,42,1.680,1038.35,116.65,66.82,179.41,0.6641,person
4,42,1.680,595.68,744.98,83.73,212.37,0.6781,person
12,42,1.680,371.39,269.20,60.16,175.22,0.6607,person
13,42,1.680,1717.74,446.46,86.86,235.88,0.5854,person
14,42,1.680,947.86,906.88,68.41,173.12,0.7508,person
3,42,1.680,1045.45,294.32,62.51,179.63,0.6678,person
1,43,1.720,1180.22,873.19,93.53,206.73,0.8452,person
2,43,1.720,78.32,519.89,73.70,218.20,0.7560,person
5,43,1.720,744.62,616.43,73.60,221.75,0.6163,person
6,43,1.720,1321.48,482.50,70.27,215.91,0.6548,person
10,43,1.720,1007.00,788.18,112.18,247.13,0.7761,person
11,43,1.720,1037.78,116.57,67.78,182.63,0.6773,person
4,43,1.720,597.02,744.24,83.00,213.76,0.6795,person
12,43,1.720,372.98,269.63,60.26,174.97,0.6250,person
13,43,1.720,1720.52,451.91,85.53,232.16,0.5483,person
14,43,1.720,946.18,906.57,68.82,173.43,0.7468,person
3,43,1.720,1046.95,294.62,62.77,179.59,0.6899,person
1,44,1.760,1181.10,874.41,92.40,205.59,0.8334,person
2,44,1.760,78.18,515.79,74.08,219.14,0.7398,person
5,44,1.760,743.53,618.10,72.57,219.56,0.6269,person
6,44,1.760,1321.57,482.19,70.00,215.40,0.6406,person
10,44,1.760,1006.50,786.71,112.56,248.40,0.7535,person
11,44,1.760,1036.90,117.11,69.31,187.59,0.6772,person
4,44,1.760,594.26,746.76,83.24,214.05,0.6344,person
12,44,1.760,373.50,268.33,61.09,177.44,0.6817,person
14,44,1.760,945.15,906.77,69.07,173.23,0.6439,person
3,44,1.760,1047.43,294.55,62.97,179.42,0.6515,person
9,44,1.760,1362.57,803.93,128.17,243.77,0.5416,person
1,45,1.800,1182.85,876.82,90.94,203.18,0.8172,person
2,45,1.800,78.42,513.05,74.00,217.89,0.7871,person
5,45,1.800,742.92,618.87,70.85,216.18,0.6214,person
6,45,1.800,1321.84,482.22,69.77,215.38,0.6518,person
10,45,1.800,1005.41,784.42,113.34,250.99,0.7207,person
11,45,1.800,1036.48,118.20,70.70,192.21,0.6663,person
4,45,1.800,593.45,747.61,83.45,214.56,0.5982,person
12,45,1.800,375.18,268.24,61.88,179.50,0.6849,person
14,45,1.800,942.56,905.37,70.12,174.63,0.5951,person
3,45,1.800,1048.44,298.36,61.96,175.10,0.6116,person
9,45,1.800,1372.97,808.11,121.00,232.37,0.5361,person
1,46,1.840,1184.67,880.41,89.06,199.59,0.8136,person
2,46,1.840,78.16,511.32,74.14,217.02,0.8047,person
5,46,1.840,741.59,619.50,69.81,214.91,0.6552,person
6,46,1.840,1322.20,481.88,69.73,215.85,0.6528,person
10,46,1.840,1004.63,782.92,113.63,252.19,0.6773,person
11,46,1.840,1036.60,119.19,70.69,192.50,0.6687,person
4,46,1.840,592.39,747.45,83.31,213.42,0.6066,person
12,46,1.840,375.20,268.73,62.10,180.91,0.6838,person
14,46,1.840,936.55,905.06,71.35,174.63,0.5948,person
3,46,1.840,1049.68,298.92,61.97,173.82,0.6260,person
13,46,1.840,1729.76,458.69,84.15,228.38,0.5297,person
1,47,1.880,1187.13,883.41,87.72,196.59,0.8047,person
2,47,1.880,77.63,510.08,74.90,218.19,0.7964,person
5,47,1.880,740.81,619.65,69.64,216.46,0.6836,person
6,47,1.880,1322.41,481.81,69.62,216.22,0.6637,person
10,47,1.880,1003.98,781.64,113.64,252.90,0.7219,person
11,47,1.880,1037.35,121.69,70.18,191.41,0.6850,person
4,47,1.880,591.66,747.19,83.69,213.61,0.6467,person
12,47,1.880,374.88,269.28,62.54,182.60,0.7108,person
14,47,1.880,929.99,904.95,73.17,174.72,0.6106,person
3,47,1.880,1050.32,298.84,61.94,172.47,0.6368,person
13,47,1.880,1732.44,459.54,83.71,227.64,0.5641,person
9,47,1.880,1384.73,819.28,127.09,247.57,0.5278,person
1,48,1.920,1189.78,884.60,87.37,195.40,0.8039,person
2,48,1.920,76.69,509.57,75.75,219.25,0.7757,person
5,48,1.920,738.83,615.52,69.86,221.04,0.6243,person
6,48,1.920,1322.21,482.28,69.55,216.14,0.6385,person
10,48,1.920,1003.75,780.14,113.83,254.67,0.6878,person
11,48,1.920,1038.17,124.00,68.22,185.29,0.6814,person
4,48,1.920,593.98,747.11,83.05,212.74,0.6129,person
12,48,1.920,375.51,270.25,63.73,185.68,0.7327,person
14,48,1.920,924.21,904.91,75.38,175.00,0.6233,person
3,48,1.920,1051.66,297.68,62.11,171.75,0.5789,person
1,49,1.960,1192.13,886.76,86.82,193.24,0.8150,person
2,49,1.960,75.72,508.59,76.90,221.24,0.7734,person
5,49,1.960,737.97,613.48,69.67,224.24,0.6180,person
6,49,1.960,1321.97,482.38,69.78,216.82,0.6414,person
10,49,1.960,1002.76,779.60,113.69,256.06,0.7260,person
11,49,1.960,1039.52,126.00,67.12,181.59,0.6983,person
4,49,1.960,593.29,747.30,83.56,213.86,0.6299,person
12,49,1.960,374.84,272.15,63.98,186.27,0.7198,person
14,49,1.960,919.15,904.86,77.81,175.14,0.6510,person
9,49,1.960,1407.63,829.02,103.84,199.82,0.5543,person
1,50,2.000,1193.95,888.59,86.38,191.41,0.8252,person
2,50,2.000,74.87,508.17,77.74,222.38,0.7720,person
5,50,2.000,738.23,612.86,68.70,224.43,0.6317,person
6,50,2.000,1321.92,482.48,69.71,216.38,0.6460,person
10,50,2.000,1002.70,779.18,113.09,256.83,0.7700,person
11,50,2.000,1040.64,128.53,65.59,176.45,0.7057,person
4,50,2.000,592.17,746.75,84.14,214.85,0.6438,person
12,50,2.000,374.26,273.10,64.20,186.70,0.7334,person
14,50,2.000,912.96,903.88,80.71,176.12,0.6932,person
9,50,2.000,1404.28,833.70,118.53,230.42,0.5316,person
1,51,2.040,1195.68,889.45,86.36,190.55,0.8295,person
2,51,2.040,74.53,507.15,78.41,223.66,0.7481,person
5,51,2.040,737.44,611.80,67.94,225.23,0.6060,person
6,51,2.040,1322.07,482.89,69.59,215.99,0.6047,person
10,51,2.040,1002.76,778.33,112.67,258.13,0.7661,person
11,51,2.040,1041.49,130.85,64.45,172.39,0.6942,person
4,51,2.040,592.06,746.99,84.45,215.54,0.6465,person
12,51,2.040,374.60,273.81,63.85,184.76,0.6732,person
14,51,2.040,908.61,903.04,83.81,176.96,0.6952,person
9,51,2.040,1410.87,840.75,119.10,233.43,0.7352,person
1,52,2.080,1197.48,890.29,86.55,189.71,0.8408,person
2,52,2.080,73.62,505.91,79.21,226.73,0.7301,person
5,52,2.080,738.23,613.10,65.45,218.72,0.5560,person
6,52,2.080,1321.98,483.29,69.52,215.69,0.6404,person
10,52,2.080,1002.57,777.80,112.36,259.27,0.7719,person
11,52,2.080,1042.05,132.69,63.36,168.26,0.6333,person
4,52,2.080,591.30,746.91,84.37,214.68,0.6443,person
12,52,2.080,374.89,275.41,64.19,183.96,0.6921,person
14,52,2.080,905.05,901.65,87.00,178.35,0.7266,person
9,52,2.080,1417.87,845.78,117.37,230.73,0.6681,person
1,53,2.120,1198.70,890.74,87.26,189.26,0.8368,person
2,53,2.120,73.46,504.57,79.21,226.95,0.7160,person
5,53,2.120,737.93,611.18,64.91,219.50,0.5373,person
6,53,2.120,1322.18,483.27,69.70,215.93,0.6191,person
10,53,2.120,1002.71,776.98,111.90,259.42,0.7593,person
11,53,2.120,1042.93,134.31,62.49,164.55,0.5889,person
4,53,2.120,592.02,747.42,83.81,213.08,0.6220,person
12,53,2.120,374.93,275.75,65.49,185.91,0.6090,person
14,53,2.120,900.30,900.48,90.06,179.52,0.7138,person
9,53,2.120,1425.21,851.08,115.51,227.80,0.7329,person
1,54,2.160,1199.94,891.56,87.86,188.44,0.8301,person
2,54,2.160,74.34,503.06,78.24,223.98,0.6152,person
5,54,2.160,737.57,608.31,65.06,223.06,0.5463,person
6,54,2.160,1322.07,482.95,70.01,216.75,0.6016,person
10,54,2.160,1001.53,775.49,112.29,260.92,0.8013,person
11,54,2.160,1043.62,135.59,62.02,162.03,0.5875,person
4,54,2.160,592.62,747.88,83.32,211.86,0.6320,person
12,54,2.160,375.14,277.48,65.85,184.79,0.6393,person
14,54,2.160,896.48,898.70,92.69,181.30,0.7376,person
9,54,2.160,1430.53,857.63,113.83,222.37,0.7470,person
13,54,2.160,1742.42,465.65,85.42,232.06,0.5117,person
1,55,2.200,1202.15,892.02,88.23,187.98,0.8369,person
2,55,2.200,75.14,501.20,78.28,224.93,0.6470,person
5,55,2.200,737.34,605.96,64.44,223.43,0.5324,person
6,55,2.200,1321.83,483.27,70.01,216.42,0.6373,person
10,55,2.200,1000.41,773.04,113.25,263.49,0.7660,person
11,55,2.200,1043.39,135.87,62.37,161.76,0.5771,person
4,55,2.200,592.68,748.65,82.98,210.67,0.6402,person
12,55,2.200,375.73,279.40,66.69,184.36,0.6973,person
14,55,2.200,892.61,896.69,95.24,183.31,0.7480,person
9,55,2.200,1438.56,864.49,111.23,215.51,0.7743,person
3,55,2.200,1062.34,277.45,65.29,179.78,0.5018,person
1,56,2.240,1204.01,891.84,88.81,188.16,0.8263,person
2,56,2.240,76.30,500.11,77.51,222.96,0.6405,person
5,56,2.240,738.72,607.26,62.75,219.37,0.5164,person
6,56,2.240,1321.70,482.67,70.37,217.30,0.6427,person
10,56,2.240,999.21,770.78,112.92,261.84,0.7601,person
11,56,2.240,1042.30,136.09,63.66,164.11,0.5841,person
4,56,2.240,592.74,748.52,82.97,210.53,0.6377,person
12,56,2.240,375.65,280.55,67.69,185.23,0.7135,person
14,56,2.240,888.96,893.97,97.70,186.03,0.7224,person
9,56,2.240,1445.21,869.28,109.45,210.72,0.7829,person
1,57,2.280,1206.45,892.92,88.87,187.08,0.8150,person
2,57,2.280,77.65,498.79,76.59,220.41,0.6449,person
5,57,2.280,737.17,605.12,62.63,219.74,0.5280,person
6,57,2.280,1321.92,482.37,70.14,216.28,0.6446,person
10,57,2.280,999.17,768.68,111.68,257.80,0.7580,person
11,57,2.280,1040.89,135.80,66.43,170.94,0.6008,person
4,57,2.280,592.71,748.69,82.82,209.61,0.6623,person
12,57,2.280,375.61,281.76,68.35,185.50,0.7291,person
14,57,2.280,886.06,891.94,99.43,188.06,0.7283,person
9,57,2.280,1452.11,873.20,108.06,206.80,0.7910,person
13,57,2.280,1745.82,471.41,89.67,243.28,0.5123,person
1,58,2.320,1209.30,894.74,88.68,184.87,0.8160,person
2,58,2.320,78.20,496.72,75.63,216.89,0.6975,person
5,58,2.320,736.47,604.44,62.27,219.08,0.5005,person
6,58,2.320,1322.01,482.29,70.06,215.76,0.6347,person
10,58,2.320,1000.98,767.34,109.23,250.42,0.7273,person
11,58,2.320,1038.29,135.99,69.94,180.51,0.6065,person
4,58,2.320,592.69,748.82,83.17,210.26,0.6645,person
12,58,2.320,376.34,283.27,68.18,183.64,0.6786,person
14,58,2.320,883.45,890.08,100.45,189.92,0.7438,person
9,58,2.320,1459.07,879.11,106.12,200.89,0.8026,person
15,58,2.320,1064.66,979.19,92.27,100.81,0.6753,person
1,59,2.360,1212.51,897.00,88.75,182.17,0.8206,person
2,59,2.360,78.87,493.19,74.80,213.89,0.7249,person
5,59,2.360,735.51,603.24,62.06,217.62,0.5446,person
6,59,2.360,1322.34,482.02,70.02,215.42,0.6280,person
10,59,2.360,1004.21,765.87,105.57,240.39,0.7482,person
11,59,2.360,1035.49,136.99,73.59,191.69,0.5867,person
4,59,2.360,593.08,749.06,83.00,209.94,0.6652,person
12,59,2.360,377.06,284.24,68.23,182.61,0.6709,person
14,59,2.360,882.29,887.46,101.27,192.54,0.7653,person
9,59,2.360,1464.83,884.55,104.06,195.45,0.8197,person
15,59,2.360,1061.16,977.17,94.20,102.83,0.6869,person
13,59,2.360,1750.56,478.28,90.66,243.63,0.5516,person
1,60,2.400,1215.71,899.49,88.68,179.18,0.8111,person
2,60,2.400,79.23,489.10,74.80,214.26,0.7246,person
6,60,2.400,1322.07,482.05,69.95,215.11,0.6318,person
10,60,2.400,1005.14,763.66,103.68,235.26,0.7416,person
11,60,2.400,1035.37,139.62,72.44,188.75,0.6552,person
4,60,2.400,592.54,748.65,83.07,209.98,0.6607,person
12,60,2.400,377.87,285.28,67.51,179.65,0.6597,person
14,60,2.400,881.46,885.01,101.45,194.96,0.7710,person
9,60,2.400,1471.85,890.29,102.27,189.71,0.7989,person
15,60,2.400,1057.45,974.70,96.67,105.30,0.7015,person
13,60,2.400,1752.63,482.29,91.34,241.63,0.5988,person
3,60,2.400,1067.98,272.75,67.11,182.99,0.5153,person
1,61,2.440,1218.97,901.64,89.44,176.95,0.7993,person
2,61,2.440,79.83,486.15,74.83,215.10,0.5931,person
6,61,2.440,1321.96,482.69,69.73,214.09,0.6495,person
10,61,2.440,1004.70,761.77,103.37,233.99,0.7681,person
11,61,2.440,1034.62,141.36,72.71,190.16,0.6888,person
4,61,2.440,592.08,748.32,83.17,210.08,0.6610,person
12,61,2.440,378.59,286.40,67.17,178.15,0.6132,person
14,61,2.440,880.75,881.98,101.33,197.42,0.7884,person
9,61,2.440,1477.38,896.29,100.31,183.71,0.7202,person
15,61,2.440,1052.79,972.56,99.03,107.44,0.6661,person
13,61,2.440,1752.69,483.35,92.06,241.51,0.6710,person
1,62,2.480,1221.82,903.73,90.33,175.10,0.7807,person
2,62,2.480,80.22,484.62,74.67,215.74,0.6171,person
6,62,2.480,1321.95,482.89,69.72,213.79,0.6175,person
10,62,2.480,1004.51,760.21,103.53,234.05,0.7886,person
11,62,2.480,1034.19,142.96,72.85,191.33,0.7082,person
4,62,2.480,591.99,748.56,82.63,208.41,0.6595,person
12,62,2.480,379.71,287.14,66.52,176.30,0.6166,person
14,62,2.480,879.06,879.38,101.07,199.89,0.7765,person
9,62,2.480,1484.51,901.85,98.50,178.15,0.6759,person
15,62,2.480,1050.20,970.77,101.20,109.23,0.6646,person
13,62,2.480,1752.64,481.44,93.66,244.29,0.5852,person
3,62,2.480,1069.99,270.70,68.44,185.17,0.5142,person
1,63,2.520,1222.95,905.96,90.95,173.64,0.7825,person
6,63,2.520,1321.91,482.60,69.91,214.12,0.6160,person
10,63,2.520,1004.23,759.00,103.85,234.29,0.7965,person
11,63,2.520,1034.53,145.55,71.69,188.52,0.7316,person
4,63,2.520,591.99,748.90,82.67,208.07,0.6530,person
12,63,2.520,381.10,287.29,66.71,177.09,0.6695,person
14,63,2.520,877.05,877.89,100.76,201.84,0.7701,person
9,63,2.520,1492.27,908.08,96.45,171.92,0.7264,person
15,63,2.520,1047.70,968.92,103.50,111.08,0.6627,person
13,63,2.520,1753.26,480.13,94.57,245.37,0.6206,person
3,63,2.520,1071.28,269.43,68.86,185.59,0.5090,person
5,63,2.520,733.66,601.18,62.18,217.52,0.5129,person
1,64,2.560,1224.48,908.02,91.18,170.94,0.7434,person
6,64,2.560,1321.65,482.75,69.98,214.02,0.6114,person
10,64,2.560,1003.74,757.61,104.21,234.82,0.8048,person
11,64,2.560,1035.35,148.34,70.37,185.67,0.7464,person
4,64,2.560,591.98,748.95,83.17,208.86,0.6483,person
12,64,2.560,383.20,288.78,66.24,177.05,0.6295,person
14,64,2.560,875.15,876.76,100.07,203.15,0.7770,person
9,64,2.560,1497.80,914.35,94.56,165.65,0.7101,person
15,64,2.560,1045.00,968.29,104.75,111.71,0.6641,person
13,64,2.560,1753.37,477.80,97.09,251.21,0.5721,person
3,64,2.560,1073.38,268.20,68.38,184.33,0.5313,person
5,64,2.560,733.97,601.32,62.10,217.01,0.5033,person
1,65,2.600,1225.96,910.81,91.19,167.97,0.7361,person
6,65,2.600,1321.50,482.30,70.39,214.79,0.5889,person
10,65,2.600,1003.07,755.63,104.86,236.44,0.8153,person
11,65,2.600,1035.31,149.96,69.86,185.11,0.7408,person
4,65,2.600,591.60,749.48,83.45,208.92,0.6473,person
12,65,2.600,385.60,289.46,66.59,179.09,0.6232,person
14,65,2.600,872.95,875.47,99.57,204.50,0.7478,person
9,65,2.600,1502.91,920.35,93.48,159.65,0.6953,person
15,65,2.600,1042.09,966.26,107.27,113.74,0.6301,person
13,65,2.600,1756.28,478.91,97.20,251.63,0.5563,person
3,65,2.600,1076.28,265.86,68.16,184.38,0.5686,person
1,66,2.640,1227.15,912.77,91.99,166.18,0.7036,person
6,66,2.640,1321.60,482.01,70.52,215.08,0.5913,person
10,66,2.640,1002.33,754.16,105.21,237.57,0.8034,person
11,66,2.640,1034.13,151.85,69.28,183.77,0.6982,person
4,66,2.640,591.37,750.41,83.88,209.29,0.6615,person
12,66,2.640,386.92,289.47,66.85,181.33,0.6413,person
14,66,2.640,871.11,873.86,99.17,206.13,0.7763,person
9,66,2.640,1509.03,926.78,93.54,153.22,0.6686,person
15,66,2.640,1039.57,964.15,109.49,115.72,0.6700,person
13,66,2.640,1759.70,479.57,96.50,250.45,0.5163,person
3,66,2.640,1079.02,263.50,68.68,185.14,0.5585,person
2,66,2.640,83.54,485.95,72.90,213.52,0.5101,person
5,66,2.640,732.52,599.33,63.63,223.48,0.5325,person
1,67,2.680,1230.51,914.64,94.22,164.96,0.7306,person
6,67,2.680,1321.76,481.82,70.53,215.14,0.6042,person
10,67,2.680,1002.02,753.55,105.74,239.16,0.8110,person
11,67,2.680,1032.84,152.81,68.86,182.96,0.6649,person
4,67,2.680,590.93,750.46,84.14,209.36,0.6752,person
12,67,2.680,388.53,290.04,66.45,181.34,0.6270,person
14,67,2.680,868.89,872.63,98.47,207.37,0.7602,person
9,67,2.680,1513.83,935.63,92.29,144.37,0.6996,person
15,67,2.680,1036.93,960.57,112.65,119.09,0.6861,person
13,67,2.680,1764.56,478.83,95.59,250.38,0.5332,person
3,67,2.680,1080.96,265.05,68.25,183.29,0.5734,person
16,67,2.680,917.20,164.51,52.32,150.84,0.5964,person
5,67,2.680,733.98,599.54,62.94,222.01,0.5169,person
1,68,2.720,1231.11,916.78,95.72,163.11,0.7547,person
6,68,2.720,1321.89,481.53,70.77,216.05,0.6116,person
10,68,2.720,1001.89,753.13,106.23,240.34,0.8186,person
11,68,2.720,1031.60,154.13,69.60,185.70,0.6204,person
4,68,2.720,590.62,751.08,84.26,208.91,0.6856,person
12,68,2.720,388.40,290.09,66.28,182.56,0.6199,person
14,68,2.720,866.50,871.84,97.87,208.16,0.7514,person
9,68,2.720,1516.13,939.55,93.40,140.45,0.6682,person
15,68,2.720,1035.07,957.18,115.42,122.35,0.7097,person
13,68,2.720,1768.67,481.26,94.30,249.16,0.5881,person
3,68,2.720,1082.41,264.27,68.24,182.51,0.5945,person
16,68,2.720,917.59,164.36,52.35,151.01,0.5527,person
5,68,2.720,733.98,598.78,63.05,224.03,0.5102,person
2,68,2.720,83.48,484.55,72.33,214.32,0.5311,person
1,69,2.760,1231.28,918.92,97.02,161.06,0.7745,person
6,69,2.760,1321.52,481.29,70.96,216.85,0.6078,person
10,69,2.760,1001.59,752.49,106.57,241.21,0.8192,person
11,69,2.760,1031.21,155.79,68.13,181.95,0.6483,person
4,69,2.760,590.06,751.82,84.55,209.13,0.6752,person
12,69,2.760,389.85,291.98,65.16,181.27,0.6161,person
14,69,2.760,863.08,871.36,97.37,208.64,0.7003,person
9,69,2.760,1526.42,946.76,91.22,133.24,0.6856,person
15,69,2.760,1032.89,952.66,118.52,126.43,0.7221,person
3,69,2.760,1085.18,263.27,68.78,185.11,0.5759,person
16,69,2.760,917.24,164.97,53.30,153.81,0.5077,person
5,69,2.760,733.61,598.06,62.92,225.50,0.5170,person
2,69,2.760,82.61,478.91,73.22,219.80,0.5881,person
1,70,2.800,1229.41,920.68,97.67,159.32,0.7690,person
6,70,2.800,1321.59,481.53,70.94,217.04,0.6271,person
10,70,2.800,1000.85,751.47,106.80,242.14,0.8234,person
11,70,2.800,1030.26,155.44,67.53,181.00,0.6086,person
4,70,2.800,590.04,751.95,84.50,208.44,0.6899,person
12,70,2.800,391.21,294.36,64.19,180.51,0.6534,person
14,70,2.800,859.98,870.59,96.91,209.41,0.7054,person
9,70,2.800,1531.07,953.19,89.78,126.81,0.7158,person
15,70,2.800,1031.12,949.84,120.11,129.20,0.7327,person
3,70,2.800,1088.09,262.63,69.13,187.02,0.5709,person
5,70,2.800,734.46,598.93,61.67,221.96,0.5424,person
2,70,2.800,81.92,472.68,73.93,224.56,0.5957,person
13,70,2.800,1775.20,482.07,95.79,253.92,0.5998,person
1,71,2.840,1228.69,922.37,98.15,157.63,0.7787,person
6,71,2.840,1321.36,481.26,70.92,216.96,0.6232,person
10,71,2.840,1000.50,750.27,106.87,242.92,0.8318,person
11,71,2.840,1029.09,155.07,67.78,182.22,0.5929,person
4,71,2.840,590.75,752.10,84.53,208.31,0.6905,person
12,71,2.840,391.76,296.06,64.48,183.41,0.6468,person
14,71,2.840,856.90,869.12,96.64,210.88,0.7456,person
9,71,2.840,1537.36,959.85,88.35,120.15,0.7238,person
15,71,2.840,1029.79,947.76,120.97,131.48,0.7514,person
3,71,2.840,1090.62,262.54,68.52,186.04,0.6093,person
2,71,2.840,81.40,470.28,73.35,224.59,0.6182,person
13,71,2.840,1776.05,485.40,95.40,254.03,0.5024,person
1,72,2.880,1228.34,924.39,98.42,155.61,0.7791,person
6,72,2.880,1325.03,494.75,65.48,199.97,0.6121,person
10,72,2.880,999.62,747.62,107.36,244.84,0.8039,person
11,72,2.880,1027.93,155.04,68.49,184.47,0.5806,person
4,72,2.880,591.56,752.71,84.34,208.13,0.6542,person
12,72,2.880,393.47,296.37,64.75,185.47,0.6393,person
14,72,2.880,853.95,867.29,96.41,212.71,0.7328,person
9,72,2.880,1543.56,964.65,88.61,115.35,0.6435,person
15,72,2.880,1028.83,945.11,122.19,134.30,0.7596,person
3,72,2.880,1094.70,262.24,67.86,185.50,0.6397,person
2,72,2.880,81.20,466.41,72.26,222.96,0.6118,person
13,72,2.880,1776.72,490.01,93.64,250.76,0.5183,person
16,72,2.880,918.51,167.67,53.65,155.39,0.5241,person
5,72,2.880,732.08,598.15,62.31,225.76,0.5399,person
1,73,2.920,1227.36,926.10,98.12,153.43,0.7774,person
6,73,2.920,1326.87,499.32,63.77,194.22,0.6134,person
10,73,2.920,999.55,744.24,107.24,245.26,0.7885,person
11,73,2.920,1026.83,155.25,69.26,187.06,0.6082,person
4,73,2.920,591.40,752.96,84.54,208.99,0.6704,person
12,73,2.920,394.58,297.36,63.96,184.63,0.6732,person
14,73,2.920,850.69,864.96,96.29,215.04,0.7276,person
9,73,2.920,1549.87,971.42,87.31,108.58,0.6669,person
15,73,2.920,1027.07,942.51,123.27,137.27,0.7406,person
3,73,2.920,1096.85,261.59,67.42,185.45,0.6492,person
13,73,2.920,1777.42,496.84,90.77,245.33,0.5053,person
16,73,2.920,918.74,168.64,53.43,155.13,0.5155,person
5,73,2.920,733.39,599.81,61.28,223.05,0.5691,person
1,74,2.960,1226.62,927.19,97.97,151.65,0.7793,person
6,74,2.960,1327.64,501.82,62.79,190.99,0.5692,person
10,74,2.960,1000.78,741.79,106.85,244.22,0.7802,person
11,74,2.960,1025.58,155.10,72.10,194.96,0.6058,person
4,74,2.960,591.59,753.35,84.50,209.00,0.6505,person
12,74,2.960,395.86,298.42,63.15,183.30,0.6656,person
14,74,2.960,847.42,863.31,95.95,216.69,0.7595,person
9,74,2.960,1555.00,978.56,85.64,101.44,0.6594,person
15,74,2.960,1024.51,938.03,125.45,141.90,0.7193,person
3,74,2.960,1097.76,260.28,67.13,186.84,0.6130,person
13,74,2.960,1779.44,502.32,88.05,239.27,0.5140,person
16,74,2.960,919.07,169.57,53.17,154.81,0.5113,person
5,74,2.960,733.97,600.05,60.88,222.74,0.5273,person
2,74,2.960,79.67,461.02,71.45,220.53,0.7070,person
1,75,3.000,1226.07,928.22,97.67,149.89,0.7757,person
6,75,3.000,1327.58,501.68,62.75,190.96,0.5580,person
10,75,3.000,1000.71,739.44,107.17,244.70,0.7860,person
11,75,3.000,1025.07,156.07,73.62,199.76,0.5984,person
4,75,3.000,592.33,753.61,84.39,209.14,0.6576,person
12,75,3.000,397.00,298.52,63.74,185.32,0.7060,person
14,75,3.000,844.16,860.81,96.11,219.04,0.7816,person
9,75,3.000,1557.71,982.92,85.53,97.08,0.6705,person
15,75,3.000,1022.52,934.71,126.25,145.26,0.6911,person
3,75,3.000,1098.98,259.19,66.97,187.95,0.6064,person
13,75,3.000,1781.75,507.32,84.97,231.22,0.5842,person
5,75,3.000,734.47,600.58,60.45,223.40,0.5168,person
2,75,3.000,78.91,457.62,71.31,218.17,0.7140,person
1,76,3.040,1225.54,929.62,97.15,148.75,0.7730,person
6,76,3.040,1323.25,487.87,68.63,209.17,0.5966,person
10,76,3.040,1000.96,738.02,106.80,243.27,0.7802,person
11,76,3.040,1024.96,158.80,73.66,199.95,0.5683,person
4,76,3.040,592.19,753.56,84.33,209.38,0.6477,person
12,76,3.040,396.57,298.65,63.75,186.51,0.6761,person
14,76,3.040,839.29,856.76,97.29,223.18,0.7952,person
9,76,3.040,1560.56,988.51,84.16,91.49,0.6646,person
15,76,3.040,1020.05,931.35,126.91,148.65,0.6552,person
3,76,3.040,1100.06,258.49,66.47,188.33,0.5886,person
13,76,3.040,1784.59,512.50,82.36,223.94,0.5289,person
2,76,3.040,77.65,455.79,71.82,217.31,0.7159,person
1,77,3.080,1225.12,930.58,96.24,147.37,0.7720,person
6,77,3.080,1321.82,482.98,70.63,215.47,0.5781,person
10,77,3.080,1001.73,736.28,106.97,243.61,0.7563,person
11,77,3.080,1025.16,162.80,72.03,195.50,0.6016,person
4,77,3.080,591.96,753.92,84.55,210.00,0.6522,person
12,77,3.080,396.79,299.43,63.82,186.97,0.6939,person
14,77,3.080,834.96,853.32,98.43,226.66,0.7997,person
9,77,3.080,1564.67,995.95,80.71,84.05,0.6312,person
15,77,3.080,1019.54,929.51,125.98,150.49,0.6754,person
3,77,3.080,1101.50,257.53,66.19,188.67,0.6146,person
13,77,3.080,1788.12,516.15,80.03,216.79,0.5623,person
2,77,3.080,77.32,454.28,72.43,217.20,0.7123,person
5,77,3.080,735.99,601.35,59.19,221.46,0.5363,person
1,78,3.120,1223.51,931.85,95.71,147.34,0.7988,person
6,78,3.120,1324.69,493.35,66.14,202.12,0.6119,person
10,78,3.120,1001.79,734.42,105.93,241.59,0.7713,person
11,78,3.120,1024.82,165.81,71.17,193.55,0.5618,person
4,78,3.120,591.93,754.16,84.65,210.45,0.6621,person
12,78,3.120,396.73,300.17,63.66,186.70,0.6954,person
14,78,3.120,831.38,850.87,99.32,229.13,0.7846,person
9,78,3.120,1567.95,1001.48,78.72,78.52,0.6059,person
15,78,3.120,1018.99,926.46,125.92,153.54,0.7073,person
3,78,3.120,1104.20,258.99,65.32,186.31,0.6358,person
13,78,3.120,1790.42,518.63,78.14,210.64,0.5717,person
2,78,3.120,78.97,456.48,71.41,213.46,0.7459,person
5,78,3.120,736.96,602.01,58.16,219.51,0.5736,person
1,79,3.160,1224.17,933.99,94.22,145.75,0.7920,person
6,79,3.160,1321.87,484.75,69.80,213.50,0.6013,person
10,79,3.160,1001.72,732.08,105.56,241.43,0.7643,person
11,79,3.160,1024.32,167.65,70.76,192.85,0.5823,person
4,79,3.160,592.38,754.10,84.38,210.16,0.6659,person
12,79,3.160,397.31,300.65,63.86,186.64,0.6845,person
14,79,3.160,827.83,848.09,100.56,231.91,0.7755,person
9,79,3.160,1572.49,1008.39,75.23,71.61,0.6533,person
15,79,3.160,1018.36,923.88,125.41,156.12,0.7460,person
3,79,3.160,1105.99,256.99,65.18,187.43,0.6117,person
13,79,3.160,1791.64,519.75,77.88,209.48,0.6376,person
2,79,3.160,78.64,452.23,72.81,217.43,0.6840,person
5,79,3.160,737.88,602.36,57.68,219.76,0.6066,person
1,80,3.200,1224.45,935.24,93.10,144.70,0.7967,person
6,80,3.200,1325.12,494.21,65.56,200.92,0.5883,person
10,80,3.200,1002.45,729.99,104.93,240.94,0.7491,person
11,80,3.200,1023.96,170.23,71.24,195.01,0.6153,person
4,80,3.200,592.01,753.89,84.49,210.48,0.6750,person
12,80,3.200,396.20,300.41,64.62,188.15,0.6770,person
14,80,3.200,824.18,843.59,102.28,236.41,0.7718,person
15,80,3.200,1018.16,921.80,124.21,158.20,0.7151,person
3,80,3.200,1108.52,255.42,64.77,188.16,0.5735,person
13,80,3.200,1792.21,520.67,76.91,205.88,0.6148,person
2,80,3.200,78.14,450.70,73.16,218.51,0.7045,person
5,80,3.200,738.66,602.82,57.16,219.49,0.5937,person
1,81,3.240,1225.64,936.15,92.16,143.85,0.7911,person
6,81,3.240,1322.35,485.26,69.54,213.45,0.6088,person
10,81,3.240,1003.04,727.38,105.30,243.30,0.7672,person
11,81,3.240,1024.27,170.94,72.07,197.39,0.6090,person
4,81,3.240,591.55,753.88,84.31,209.63,0.6825,person
12,81,3.240,395.00,300.40,65.81,189.99,0.6742,person
14,81,3.240,821.71,842.53,102.91,237.47,0.7703,person
15,81,3.240,1018.37,920.40,122.24,159.60,0.7312,person
3,81,3.240,1110.61,252.80,63.94,186.80,0.5428,person
13,81,3.240,1793.53,521.99,75.97,201.95,0.6007,person
2,81,3.240,77.65,451.73,72.94,217.64,0.6948,person
5,81,3.240,739.45,603.53,56.39,217.78,0.6083,person
1,82,3.280,1228.28,938.64,90.10,141.36,0.7746,person
6,82,3.280,1325.71,494.66,65.33,200.81,0.5893,person
10,82,3.280,1003.12,725.13,106.40,247.69,0.7851,person
11,82,3.280,1024.63,172.48,71.58,195.85,0.5932,person
4,82,3.280,591.49,753.99,84.11,208.78,0.6885,person
12,82,3.280,394.62,301.97,67.16,191.42,0.6638,person
14,82,3.280,819.48,841.71,103.64,238.29,0.7731,person
15,82,3.280,1019.16,920.32,119.38,159.68,0.7381,person
3,82,3.280,1112.06,251.18,62.95,184.44,0.5215,person
13,82,3.280,1794.40,522.84,75.74,200.09,0.5909,person
2,82,3.280,77.74,451.90,72.98,217.61,0.7026,person
5,82,3.280,739.67,603.71,56.14,217.93,0.5690,person
1,83,3.320,1231.08,941.41,88.22,138.59,0.7932,person
6,83,3.320,1322.55,485.12,69.36,213.54,0.6321,person
10,83,3.320,1003.69,723.27,106.76,250.72,0.7960,person
11,83,3.320,1024.43,173.13,71.91,196.87,0.6019,person
4,83,3.320,591.75,754.01,84.04,208.49,0.6892,person
12,83,3.320,393.05,302.61,68.17,191.87,0.6515,person
14,83,3.320,817.27,840.72,104.43,239.28,0.7851,person
15,83,3.320,1019.19,920.45,116.65,159.55,0.6654,person
13,83,3.320,1794.42,523.17,77.08,203.13,0.6088,person
2,83,3.320,77.07,450.94,73.43,218.71,0.7130,person
5,83,3.320,739.99,604.51,55.88,217.33,0.5834,person
1,84,3.360,1234.18,943.46,87.18,136.54,0.7923,person
6,84,3.360,1321.86,482.00,70.56,217.34,0.6720,person
10,84,3.360,1004.68,722.31,106.35,252.09,0.7925,person
11,84,3.360,1024.62,174.57,70.46,194.26,0.6306,person
4,84,3.360,592.17,753.90,84.19,208.86,0.6909,person
12,84,3.360,392.92,304.98,69.02,190.11,0.6292,person
14,84,3.360,816.10,838.80,105.24,240.91,0.7598,person
15,84,3.360,1016.82,916.30,117.12,163.70,0.6120,person
13,84,3.360,1795.38,524.56,77.14,202.06,0.5868,person
2,84,3.360,77.55,450.55,73.68,220.17,0.6877,person
5,84,3.360,740.00,605.34,55.66,216.24,0.6158,person
3,84,3.360,1114.55,248.79,62.97,184.09,0.5071,person
1,85,3.400,1237.11,944.83,86.76,135.17,0.7892,person
6,85,3.400,1321.96,480.89,70.76,218.31,0.6347,person
10,85,3.400,1005.44,721.54,104.97,251.06,0.7763,person
11,85,3.400,1025.01,174.93,69.43,192.67,0.6527,person
4,85,3.400,592.55,754.06,83.79,208.00,0.6869,person
12,85,3.400,391.26,307.55,69.28,188.10,0.6143,person
14,85,3.400,815.54,837.69,105.80,242.20,0.7934,person
15,85,3.400,1014.44,916.61,114.79,163.38,0.5537,person
13,85,3.400,1796.38,527.22,76.36,198.94,0.5614,person
2,85,3.400,78.09,449.74,73.73,221.08,0.6863,person
5,85,3.400,740.46,605.38,55.53,215.59,0.6370,person
1,86,3.440,1240.03,947.50,85.33,131.94,0.7748,person
6,86,3.440,1321.78,480.41,70.86,218.82,0.6101,person
10,86,3.440,1006.39,720.57,103.11,248.65,0.7776,person
11,86,3.440,1025.21,175.64,68.72,191.96,0.6486,person
4,86,3.440,593.38,754.58,82.82,205.72,0.6805,person
12,86,3.440,389.48,309.39,70.07,187.18,0.6380,person
14,86,3.440,814.32,836.61,106.24,243.36,0.7966,person
15,86,3.440,1010.89,915.28,113.80,164.72,0.6512,person
13,86,3.440,1797.62,528.60,76.22,196.95,0.5455,person
2,86,3.440,79.10,448.70,73.20,220.69,0.6814,person
5,86,3.440,740.71,605.99,55.50,215.06,0.6543,person
1,87,3.480,1242.44,949.98,84.28,129.06,0.7770,person
6,87,3.480,1321.90,480.30,70.75,218.85,0.6032,person
10,87,3.480,1007.63,720.29,100.24,243.48,0.7716,person
11,87,3.480,1025.39,175.55,68.84,193.82,0.6286,person
4,87,3.480,593.53,754.85,82.65,205.32,0.6726,person
12,87,3.480,388.60,310.93,71.83,188.67,0.6094,person
14,87,3.480,812.68,833.34,107.35,246.65,0.8003,person
15,87,3.480,1010.09,914.39,112.71,165.61,0.6362,person
2,87,3.480,79.40,446.71,73.31,221.94,0.6577,person
5,87,3.480,740.62,606.86,55.60,214.81,0.6333,person
1,88,3.520,1244.10,951.20,84.30,127.96,0.7860,person
6,88,3.520,1321.43,480.20,70.74,218.95,0.5836,person
10,88,3.520,1008.79,719.33,98.53,240.75,0.7811,person
11,88,3.520,1025.35,175.99,68.92,194.87,0.6350,person
4,88,3.520,596.64,754.35,81.37,204.70,0.6842,person
12,88,3.520,387.22,311.29,73.67,191.24,0.6022,person
14,88,3.520,811.64,830.39,107.98,249.60,0.8012,person
15,88,3.520,1008.07,912.82,112.42,167.18,0.6672,person
2,88,3.520,77.97,444.73,73.43,221.49,0.6332,person
5,88,3.520,740.51,607.36,55.91,215.04,0.6507,person
16,88,3.520,924.29,183.52,51.51,151.05,0.5594,person
13,88,3.520,1798.42,532.94,77.17,196.51,0.5689,person
1,89,3.560,1246.23,952.35,84.30,127.08,0.7916,person
6,89,3.560,1321.62,480.45,70.35,217.64,0.6440,person
10,89,3.560,1010.09,719.24,97.07,238.54,0.7611,person
11,89,3.560,1025.76,176.43,68.22,193.15,0.6606,person
4,89,3.560,597.97,754.00,80.59,205.04,0.6761,person
12,89,3.560,386.51,310.85,75.19,192.63,0.6337,person
14,89,3.560,810.59,827.98,108.11,252.02,0.7939,person
15,89,3.560,1005.41,909.66,113.12,170.34,0.6818,person
2,89,3.560,76.28,445.22,72.95,217.05,0.6349,person
5,89,3.560,739.81,607.54,56.48,215.89,0.6852,person
16,89,3.560,924.82,184.57,51.36,151.13,0.5872,person
13,89,3.560,1798.79,535.60,78.28,196.30,0.5361,person
1,90,3.600,1248.44,952.63,84.86,127.18,0.7875,person
6,90,3.600,1321.89,480.52,70.16,216.79,0.6153,person
10,90,3.600,1010.96,718.52,95.61,235.89,0.7440,person
11,90,3.600,1024.52,177.82,69.63,196.58,0.6452,person
4,90,3.600,596.08,754.98,80.66,204.89,0.6701,person
12,90,3.600,386.68,310.83,75.88,192.54,0.6421,person
14,90,3.600,809.88,825.65,107.97,254.35,0.7923,person
15,90,3.600,1002.62,906.56,114.05,173.44,0.6640,person
2,90,3.600,77.47,445.05,71.76,211.36,0.6369,person
5,90,3.600,739.43,607.37,56.96,215.80,0.6573,person
16,90,3.600,924.82,185.36,51.41,151.81,0.5281,person
13,90,3.600,1798.56,539.82,78.74,194.56,0.5577,person
1,91,3.640,1250.51,953.45,85.06,126.50,0.7995,person
6,91,3.640,1322.04,480.45,70.51,217.46,0.6373,person
10,91,3.640,1011.65,716.59,94.35,233.59,0.7407,person
11,91,3.640,1024.65,180.00,69.68,195.56,0.6292,person
4,91,3.640,597.96,753.96,79.95,205.52,0.6759,person
12,91,3.640,388.15,311.31,76.53,192.02,0.6437,person
14,91,3.640,809.56,822.67,107.10,255.05,0.7741,person
15,91,3.640,1001.31,904.36,114.40,175.64,0.7097,person
2,91,3.640,79.48,444.23,70.91,207.48,0.6197,person
5,91,3.640,738.96,608.22,57.12,213.71,0.6461,person
16,91,3.640,924.98,185.60,51.76,153.49,0.5299,person
1,92,3.680,1251.40,953.57,85.66,126.43,0.8147,person
6,92,3.680,1321.94,480.19,70.80,217.70,0.6006,person
10,92,3.680,1011.69,714.91,93.27,231.86,0.7593,person
11,92,3.680,1024.75,182.48,69.82,194.97,0.6078,person
4,92,3.680,598.63,753.52,79.31,205.96,0.6746,person
12,92,3.680,388.82,312.46,77.02,191.32,0.6486,person
14,92,3.680,810.38,820.01,104.49,250.94,0.7648,person
15,92,3.680,999.73,903.05,114.46,176.95,0.7057,person
2,92,3.680,79.69,443.98,70.64,203.85,0.5884,person
5,92,3.680,738.23,609.66,57.99,213.78,0.6075,person
16,92,3.680,925.80,185.63,52.03,154.81,0.5242,person
1,93,3.720,1253.27,954.40,85.77,125.60,0.8062,person
6,93,3.720,1321.71,480.39,70.93,217.54,0.6434,person
10,93,3.720,1012.03,712.96,92.23,229.87,0.7657,person
11,93,3.720,1026.01,184.69,68.04,188.55,0.6483,person
4,93,3.720,597.01,754.43,79.50,205.52,0.6844,person
12,93,3.720,389.92,313.79,77.09,190.38,0.6416,person
14,93,3.720,811.67,816.61,102.37,247.87,0.7816,person
15,93,3.720,998.93,906.58,112.03,173.42,0.7086,person
2,93,3.720,79.74,447.10,69.95,199.35,0.5230,person
5,93,3.720,737.74,610.40,58.94,213.95,0.6044,person
16,93,3.720,927.46,186.29,51.63,153.86,0.5189,person
3,93,3.720,1130.18,244.67,61.78,181.01,0.5207,person
1,94,3.760,1255.99,955.82,85.36,123.93,0.8151,person
6,94,3.760,1321.28,480.55,70.93,216.92,0.6641,person
10,94,3.760,1012.53,710.48,91.63,228.11,0.7344,person
11,94,3.760,1025.79,187.85,69.06,190.20,0.6438,person
4,94,3.760,595.72,755.06,80.07,205.67,0.6811,person
12,94,3.760,390.94,313.48,77.89,191.61,0.6432,person
14,94,3.760,813.05,814.52,100.87,246.37,0.7777,person
15,94,3.760,994.51,894.37,118.75,185.63,0.6736,person
2,94,3.760,78.93,442.06,71.60,203.42,0.5663,person
5,94,3.760,737.10,611.12,60.16,215.17,0.6144,person
16,94,3.760,929.20,185.94,51.54,154.61,0.5270,person
3,94,3.760,1132.69,243.75,62.07,181.57,0.5065,person
1,95,3.800,1259.05,957.99,84.37,121.22,0.8107,person
6,95,3.800,1321.36,480.71,70.90,216.58,0.6754,person
10,95,3.800,1013.09,708.72,90.72,225.00,0.7469,person
11,95,3.800,1026.36,190.81,68.57,187.62,0.6312,person
4,95,3.800,595.32,755.34,80.40,205.60,0.6748,person
12,95,3.800,392.58,313.15,78.54,192.22,0.6747,person
14,95,3.800,814.45,812.21,99.22,244.46,0.7984,person
15,95,3.800,991.25,886.77,122.16,193.23,0.7498,person
2,95,3.800,82.20,445.50,69.76,198.40,0.5914,person
5,95,3.800,737.40,611.70,60.63,213.98,0.6442,person
16,95,3.800,929.91,185.94,51.23,154.67,0.5201,person
3,95,3.800,1134.23,243.06,61.98,181.20,0.5147,person
1,96,3.840,1261.80,960.45,83.37,118.51,0.8198,person
6,96,3.840,1321.11,480.72,71.04,217.08,0.6060,person
10,96,3.840,1013.27,706.18,90.77,224.39,0.7225,person
11,96,3.840,1025.31,193.56,69.78,191.08,0.6060,person
4,96,3.840,595.20,755.10,80.32,204.31,0.6932,person
12,96,3.840,393.63,314.36,78.28,190.68,0.6842,person
14,96,3.840,815.10,809.77,99.03,246.35,0.7879,person
15,96,3.840,990.35,886.94,120.98,193.06,0.7273,person
2,96,3.840,84.83,449.60,67.67,192.56,0.5414,person
5,96,3.840,736.62,612.31,61.37,212.99,0.6539,person
16,96,3.840,930.46,185.68,51.24,155.70,0.5138,person
3,96,3.840,1136.09,242.99,62.15,180.95,0.5670,person
1,97,3.880,1263.96,961.78,83.59,117.25,0.8028,person
6,97,3.880,1320.80,480.76,71.07,217.28,0.6373,person
10,97,3.880,1012.86,704.04,91.24,224.92,0.7482,person
11,97,3.880,1022.78,194.45,71.37,196.45,0.6001,person
4,97,3.880,594.88,755.11,80.74,204.42,0.6791,person
12,97,3.880,393.87,315.75,78.00,189.52,0.6831,person
14,97,3.880,815.82,807.51,98.97,248.67,0.7895,person
15,97,3.880,989.21,884.21,121.35,195.79,0.6972,person
5,97,3.880,736.52,612.41,61.19,208.21,0.6559,person
16,97,3.880,931.13,185.92,50.78,155.06,0.5599,person
3,97,3.880,1139.13,241.64,61.96,180.09,0.5807,person
1,98,3.920,1266.64,962.88,84.22,116.46,0.7901,person
6,98,3.920,1324.61,493.21,65.79,201.50,0.5797,person
10,98,3.920,1011.91,702.21,91.88,226.09,0.7157,person
11,98,3.920,1021.23,195.08,71.72,198.47,0.5986,person
4,98,3.920,594.85,755.05,81.11,204.76,0.7021,person
12,98,3.920,393.53,316.55,78.19,190.01,0.6612,person
14,98,3.920,816.55,806.66,98.11,248.95,0.7785,person
15,98,3.920,987.42,881.25,121.88,198.75,0.6855,person
5,98,3.920,736.48,612.56,61.50,205.36,0.6773,person
16,98,3.920,931.72,186.36,50.31,154.20,0.5978,person
3,98,3.920,1141.13,240.87,61.68,179.91,0.5772,person
2,98,3.920,82.98,437.51,71.04,204.93,0.5295,person
1,99,3.960,1268.96,963.94,84.87,115.69,0.7767,person
6,99,3.960,1322.52,485.29,69.18,211.86,0.6184,person
10,99,3.960,1010.88,700.25,92.55,227.82,0.7147,person
11,99,3.960,1020.39,195.44,71.76,199.64,0.6105,person
4,99,3.960,594.95,755.06,81.78,206.03,0.6958,person
12,99,3.960,393.70,319.17,77.27,189.28,0.6788,person
14,99,3.960,816.88,805.64,97.48,249.71,0.7722,person
15,99,3.960,986.44,880.55,121.24,199.45,0.7267,person
5,99,3.960,735.88,612.62,62.71,205.77,0.6560,person
16,99,3.960,932.74,187.49,50.40,154.77,0.5791,person
3,99,3.960,1142.46,239.51,62.15,182.26,0.5570,person
1,100,4.000,1271.50,966.44,84.45,113.07,0.7733,person
6,100,4.000,1321.69,482.43,70.48,215.78,0.6581,person
10,100,4.000,1009.59,697.99,93.26,230.19,0.7102,person
11,100,4.000,1020.04,195.32,71.48,199.67,0.6379,person
4,100,4.000,595.47,755.19,81.93,206.28,0.6998,person
12,100,4.000,393.58,318.98,77.62,190.59,0.6460,person
14,100,4.000,816.73,804.62,97.19,250.99,0.7743,person
15,100,4.000,986.19,881.95,119.57,198.05,0.6773,person
5,100,4.000,734.86,612.48,65.39,211.90,0.6615,person
16,100,4.000,932.98,188.72,50.02,153.89,0.5750,person
3,100,4.000,1143.00,239.32,63.76,188.66,0.5595,person
1,101,4.040,1274.72,969.95,83.42,109.48,0.7707,person
6,101,4.040,1321.37,480.88,71.09,217.63,0.6185,person
10,101,4.040,1008.50,695.60,93.63,232.14,0.7208,person
11,101,4.040,1020.09,195.47,71.16,199.58,0.6549,person
4,101,4.040,595.77,755.05,81.82,205.77,0.6878,person
12,101,4.040,394.17,322.41,75.77,187.91,0.6744,person
14,101,4.040,816.29,803.28,96.91,252.58,0.7662,person
15,101,4.040,986.17,883.56,117.92,196.44,0.6661,person
5,101,4.040,734.51,612.54,66.38,212.41,0.6860,person
16,101,4.040,933.32,190.23,49.95,154.58,0.5655,person
3,101,4.040,1146.37,238.16,62.61,186.23,0.6097,person
1,102,4.080,1276.51,973.13,83.07,106.51,0.7805,person
6,102,4.080,1321.23,480.61,71.14,217.94,0.6456,person
10,102,4.080,1008.01,694.02,93.56,232.59,0.7267,person
11,102,4.080,1019.97,195.47,70.91,199.49,0.6286,person
4,102,4.080,595.69,755.12,82.09,206.10,0.6801,person
12,102,4.080,396.09,325.72,74.68,185.99,0.6315,person
14,102,4.080,815.69,801.44,96.29,252.12,0.7957,person
15,102,4.080,985.38,884.70,116.55,195.30,0.7006,person
5,102,4.080,734.25,612.60,67.21,212.46,0.6675,person
16,102,4.080,933.76,191.64,49.85,155.10,0.5460,person
3,102,4.080,1148.00,238.13,61.60,184.08,0.5945,person
1,103,4.120,1277.66,975.55,83.20,104.22,0.7758,person
6,103,4.120,1321.07,480.43,71.22,218.29,0.6320,person
10,103,4.120,1007.69,693.13,93.38,232.82,0.7379,person
11,103,4.120,1020.02,195.41,71.11,200.60,0.6466,person
4,103,4.120,595.65,755.07,82.20,205.98,0.6770,person
12,103,4.120,396.58,327.55,74.49,186.82,0.6539,person
14,103,4.120,814.72,798.88,96.23,252.85,0.7914,person
15,103,4.120,984.78,885.05,115.68,194.95,0.7426,person
5,103,4.120,732.80,612.70,68.71,214.57,0.6506,person
16,103,4.120,934.41,192.55,49.65,154.78,0.5136,person
3,103,4.120,1148.93,237.25,61.58,185.23,0.5832,person
1,104,4.160,1278.25,977.81,83.35,101.83,0.7763,person
6,104,4.160,1321.23,480.57,71.12,218.07,0.6759,person
10,104,4.160,1007.68,692.48,92.76,231.59,0.7422,person
11,104,4.160,1020.21,195.57,71.57,202.50,0.6464,person
4,104,4.160,595.93,755.12,82.20,205.91,0.6814,person
12,104,4.160,397.21,328.52,74.80,188.66,0.6578,person
14,104,4.160,813.31,795.84,96.44,254.37,0.8080,person
15,104,4.160,982.70,883.50,115.82,196.50,0.7795,person
5,104,4.160,731.16,612.81,71.08,219.84,0.6424,person
16,104,4.160,934.93,193.75,49.40,154.36,0.5194,person
3,104,4.160,1150.57,236.72,61.45,185.62,0.5995,person
1,105,4.200,1278.35,979.58,83.82,100.15,0.7884,person
6,105,4.200,1321.40,480.66,70.65,216.62,0.6592,person
10,105,4.200,1007.06,692.36,92.17,230.36,0.7034,person
11,105,4.200,1019.84,196.75,71.73,202.85,0.6373,person
4,105,4.200,595.92,754.46,81.76,206.23,0.6893,person
12,105,4.200,396.94,329.19,74.51,189.29,0.6679,person
14,105,4.200,812.11,794.66,95.17,250.85,0.8118,person
15,105,4.200,981.24,882.34,115.81,197.66,0.7862,person
5,105,4.200,730.66,612.91,72.33,222.17,0.6436,person
16,105,4.200,935.25,194.72,49.69,155.66,0.5329,person
3,105,4.200,1152.14,236.46,61.29,185.33,0.5831,person
1,106,4.240,1279.21,982.54,83.22,97.21,0.7882,person
6,106,4.240,1321.55,480.75,70.74,216.96,0.6632,person
10,106,4.240,1007.62,691.55,90.31,225.57,0.7011,person
11,106,4.240,1019.48,197.97,72.29,204.29,0.6427,person
4,106,4.240,595.75,754.89,82.20,206.99,0.6737,person
12,106,4.240,396.67,330.21,74.02,189.34,0.6704,person
14,106,4.240,810.94,792.76,95.24,250.42,0.8322,person
15,106,4.240,978.02,875.29,118.81,204.71,0.8150,person
5,106,4.240,729.90,612.53,73.47,224.47,0.6182,person
16,106,4.240,935.55,195.06,49.92,157.07,0.5405,person
3,106,4.240,1153.36,235.85,61.58,185.88,0.5982,person
1,107,4.280,1279.28,984.54,83.42,95.37,0.7841,person
6,107,4.280,1321.32,480.99,70.67,216.78,0.6650,person
10,107,4.280,1007.49,690.50,89.57,223.36,0.7100,person
11,107,4.280,1019.19,199.91,72.08,203.40,0.6274,person
4,107,4.280,595.33,755.11,82.55,207.31,0.6803,person
12,107,4.280,395.07,331.58,72.63,187.52,0.6532,person
14,107,4.280,810.60,789.46,94.29,246.91,0.8272,person
15,107,4.280,975.22,871.11,120.10,208.89,0.8176,person
5,107,4.280,728.70,612.54,74.69,227.11,0.6095,person
16,107,4.280,935.40,195.18,49.84,157.98,0.5817,person
3,107,4.280,1153.74,234.97,61.95,186.83,0.5578,person
1,108,4.320,1279.44,985.86,84.00,93.93,0.7845,person
6,108,4.320,1321.95,482.24,70.21,215.49,0.6503,person
10,108,4.320,1007.72,690.18,87.63,217.44,0.6266,person
11,108,4.320,1019.50,203.58,71.41,200.55,0.6267,person
4,108,4.320,595.54,755.30,82.38,206.62,0.6777,person
12,108,4.320,394.28,333.24,70.79,184.54,0.6310,person
14,108,4.320,810.27,785.12,93.75,244.10,0.8174,person
15,108,4.320,973.30,867.83,120.71,212.17,0.7891,person
5,108,4.320,727.79,612.24,76.01,230.27,0.6276,person
16,108,4.320,935.65,195.79,49.97,158.74,0.5797,person
3,108,4.320,1154.60,235.91,60.94,183.96,0.6037,person
1,109,4.360,1279.44,987.11,84.55,92.65,0.7779,person
6,109,4.360,1322.35,481.98,70.28,215.69,0.6296,person
10,109,4.360,1007.82,688.55,85.01,208.67,0.5677,person
11,109,4.360,1019.74,207.47,71.09,198.47,0.6098,person
4,109,4.360,595.45,755.52,82.38,206.48,0.6577,person
12,109,4.360,395.32,332.26,71.96,185.36,0.6129,person
14,109,4.360,810.60,782.31,92.60,239.79,0.8131,person
15,109,4.360,972.00,864.91,120.66,215.09,0.7712,person
5,109,4.360,726.14,612.29,77.00,232.16,0.6047,person
16,109,4.360,935.82,195.47,49.84,158.64,0.5201,person
3,109,4.360,1155.82,236.09,60.56,182.49,0.5934,person
1,110,4.400,1279.55,987.92,85.27,92.00,0.7542,person
6,110,4.400,1322.40,482.00,70.14,215.14,0.6273,person
10,110,4.400,1006.00,686.46,84.89,207.34,0.5812,person
11,110,4.400,1020.96,211.28,69.79,194.91,0.6184,person
4,110,4.400,595.58,755.50,82.41,206.60,0.6617,person
12,110,4.400,395.82,331.23,72.90,186.80,0.6042,person
14,110,4.400,810.70,779.48,92.40,238.80,0.8104,person
15,110,4.400,970.78,862.65,119.88,217.35,0.7282,person
5,110,4.400,723.83,612.35,79.53,239.86,0.6122,person
16,110,4.400,936.18,196.78,49.71,158.45,0.5339,person
3,110,4.400,1156.33,235.00,60.63,182.70,0.5653,person
1,111,4.440,1279.26,988.42,86.01,91.56,0.7541,person
6,111,4.440,1322.63,483.00,69.73,213.64,0.6672,person
10,111,4.440,1004.69,683.12,84.72,205.67,0.5309,person
11,111,4.440,1020.13,213.19,70.58,196.99,0.6312,person
4,111,4.440,596.13,754.22,81.69,206.38,0.6578,person
12,111,4.440,395.20,331.31,73.79,187.88,0.6294,person
14,111,4.440,810.96,775.93,92.65,239.60,0.8159,person
15,111,4.440,969.76,858.93,119.53,221.07,0.7559,person
5,111,4.440,722.39,612.59,79.96,240.85,0.6276,person
16,111,4.440,936.82,197.70,49.46,158.00,0.5263,person
3,111,4.440,1156.63,233.26,61.75,185.44,0.5881,person
1,112,4.480,1280.37,990.35,85.31,89.45,0.7222,person
6,112,4.480,1322.56,483.28,69.89,213.98,0.6503,person
10,112,4.480,1001.55,680.80,87.59,212.98,0.6130,person
11,112,4.480,1020.54,214.71,71.24,198.70,0.6479,person
4,112,4.480,596.04,755.10,81.89,206.63,0.6390,person
12,112,4.480,394.36,331.94,74.94,189.08,0.6228,person
14,112,4.480,812.06,774.70,92.69,240.35,0.8011,person
15,112,4.480,969.53,858.79,117.20,221.21,0.7341,person
5,112,4.480,720.63,612.42,80.61,242.07,0.6156,person
16,112,4.480,937.70,198.25,48.88,156.18,0.5522,person
3,112,4.480,1158.21,231.97,62.26,186.88,0.5760,person
1,113,4.520,1281.29,991.91,84.85,88.03,0.6928,person
6,113,4.520,1322.22,482.70,70.32,215.05,0.6313,person
10,113,4.520,999.46,678.53,88.84,216.32,0.6485,person
11,113,4.520,1020.79,215.78,71.79,200.71,0.6262,person
4,113,4.520,595.67,755.55,82.19,207.12,0.6369,person
12,113,4.520,392.86,332.23,76.32,190.98,0.6192,person
14,113,4.520,812.95,773.50,92.84,241.82,0.7950,person
15,113,4.520,969.00,855.26,116.42,224.74,0.7255,person
5,113,4.520,719.97,611.78,79.89,238.29,0.5908,person
16,113,4.520,938.15,198.02,48.68,155.20,0.5370,person
3,113,4.520,1159.27,230.66,62.10,186.37,0.5579,person
1,114,4.560,1282.74,992.93,84.38,87.06,0.6872,person
6,114,4.560,1322.04,482.63,70.57,215.55,0.6532,person
10,114,4.560,998.11,676.53,87.89,213.49,0.6824,person
11,114,4.560,1021.56,217.17,72.39,202.75,0.6735,person
4,114,4.560,595.65,756.09,82.02,206.48,0.6487,person
12,114,4.560,390.79,332.51,77.30,192.79,0.6191,person
14,114,4.560,813.94,772.69,92.24,240.94,0.7723,person
15,114,4.560,968.46,853.27,115.04,226.73,0.7395,person
5,114,4.560,716.47,610.41,81.91,242.96,0.5924,person
16,114,4.560,938.55,199.24,48.64,154.97,0.5748,person
3,114,4.560,1159.79,228.97,62.62,188.43,0.5826,person
1,115,4.600,1284.02,994.75,83.06,85.25,0.6764,person
6,115,4.600,1322.20,482.78,70.49,215.01,0.6513,person
10,115,4.600,997.26,675.11,88.12,213.79,0.6953,person
11,115,4.600,1023.48,218.34,72.29,202.30,0.6727,person
4,115,4.600,595.54,756.16,82.22,206.60,0.6560,person
12,115,4.600,389.66,333.02,78.44,195.18,0.6178,person
14,115,4.600,815.14,772.10,91.81,240.15,0.7600,person
15,115,4.600,966.93,851.00,113.89,229.00,0.7175,person
5,115,4.600,713.37,609.48,84.43,249.30,0.6010,person
16,115,4.600,939.47,202.72,47.89,152.55,0.6113,person
3,115,4.600,1161.21,227.61,62.57,188.54,0.5466,person
1,116,4.640,1285.71,997.49,80.95,82.51,0.6444,person
6,116,4.640,1321.83,482.75,70.74,215.55,0.6609,person
10,116,4.640,995.96,673.40,88.28,214.39,0.6634,person
11,116,4.640,1024.84,218.69,72.20,201.94,0.6762,person
4,116,4.640,595.05,755.82,82.82,207.75,0.6511,person
12,116,4.640,383.40,333.76,78.72,197.91,0.6132,person
14,116,4.640,815.57,771.69,91.99,240.86,0.7382,person
15,116,4.640,964.49,848.45,113.18,231.55,0.7079,person
5,116,4.640,713.59,608.97,81.35,238.08,0.6054,person
16,116,4.640,939.76,203.95,48.13,153.35,0.6178,person
3,116,4.640,1162.68,226.96,62.76,189.14,0.5411,person
1,117,4.680,1287.14,1000.09,78.99,79.91,0.6617,person
6,117,4.680,1321.59,483.19,70.65,215.32,0.6666,person
10,117,4.680,994.33,672.11,89.70,218.98,0.6821,person
11,117,4.680,1025.33,218.88,72.04,201.36,0.6733,person
4,117,4.680,595.02,755.84,82.93,208.05,0.6434,person
12,117,4.680,381.10,334.95,78.08,198.27,0.6452,person
14,117,4.680,816.15,768.80,93.18,244.42,0.7314,person
15,117,4.680,963.53,847.71,111.43,232.29,0.6942,person
5,117,4.680,708.79,609.02,84.55,245.46,0.6205,person
16,117,4.680,939.95,205.41,48.34,153.78,0.6021,person
3,117,4.680,1163.41,225.92,62.83,189.48,0.5327,person
1,118,4.720,1288.96,1001.74,77.99,78.26,0.6364,person
6,118,4.720,1321.57,483.10,70.60,215.38,0.6654,person
10,118,4.720,993.39,670.88,90.44,221.53,0.7004,person
11,118,4.720,1026.38,220.16,72.12,201.48,0.7037,person
4,118,4.720,594.84,755.80,82.98,207.85,0.6338,person
12,118,4.720,379.39,337.36,76.43,195.46,0.6600,person
14,118,4.720,816.46,768.17,92.60,243.49,0.7036,person
15,118,4.720,961.79,842.93,111.44,237.07,0.7362,person
5,118,4.720,706.75,608.96,85.18,245.09,0.6012,person
16,118,4.720,940.64,205.94,48.65,154.38,0.5703,person
3,118,4.720,1164.34,225.37,63.27,190.73,0.5312,person
1,119,4.760,1291.74,1004.22,76.24,75.78,0.5838,person
6,119,4.760,1321.69,482.85,70.55,215.54,0.6765,person
10,119,4.760,992.75,669.25,90.18,221.24,0.6542,person
11,119,4.760,1026.58,221.12,72.68,202.77,0.6911,person
4,119,4.760,594.47,755.78,83.39,208.65,0.6546,person
12,119,4.760,383.24,338.48,77.03,195.44,0.6284,person
14,119,4.760,817.76,767.10,92.18,242.95,0.7148,person
15,119,4.760,959.27,838.99,111.21,241.01,0.7451,person
5,119,4.760,705.02,609.28,85.87,245.10,0.5891,person
16,119,4.760,941.21,205.50,49.08,155.33,0.5759,person
1,120,4.800,1295.18,1007.16,74.18,72.84,0.5845,person
6,120,4.800,1321.44,482.17,70.82,216.48,0.6512,person
10,120,4.800,992.33,667.91,89.31,218.40,0.6776,person
11,120,4.800,1025.70,220.30,74.18,205.95,0.6721,person
4,120,4.800,594.64,755.70,82.77,206.70,0.6658,person
12,120,4.800,384.94,341.29,78.02,195.68,0.6325,person
14,120,4.800,819.84,763.20,90.80,239.56,0.7272,person
15,120,4.800,957.69,835.89,110.50,244.11,0.7609,person
5,120,4.800,706.06,609.06,83.07,234.16,0.6006,person
16,120,4.800,941.14,205.15,49.57,156.29,0.6030,person
1,121,4.840,1299.15,1010.21,72.05,69.79,0.5594,person
6,121,4.840,1321.14,481.85,71.11,217.39,0.6643,person
10,121,4.840,992.15,667.43,85.73,208.86,0.6616,person
11,121,4.840,1025.71,220.75,74.97,207.71,0.6864,person
4,121,4.840,594.29,755.82,82.89,206.85,0.6807,person
12,121,4.840,384.62,343.61,79.60,196.74,0.6283,person
14,121,4.840,821.18,759.57,90.85,240.48,0.7455,person
15,121,4.840,956.02,833.54,109.64,246.46,0.7677,person
5,121,4.840,705.53,608.93,83.70,233.56,0.6119,person
16,121,4.840,940.67,206.74,50.39,158.76,0.5700,person
1,122,4.880,1303.20,1011.57,70.43,67.13,0.5203,person
6,122,4.880,1321.29,481.48,71.20,217.81,0.6601,person
10,122,4.880,990.85,666.47,87.43,212.83,0.6534,person
11,122,4.880,1026.20,222.22,75.51,208.70,0.6920,person
4,122,4.880,594.14,755.83,83.10,206.91,0.6807,person
12,122,4.880,383.57,345.80,80.18,195.81,0.6311,person
14,122,4.880,823.08,756.56,90.29,239.56,0.7435,person
15,122,4.880,953.24,830.01,109.51,249.99,0.7674,person
5,122,4.880,704.25,609.95,84.88,234.84,0.6177,person
16,122,4.880,940.90,207.67,51.12,160.98,0.5934,person
1,123,4.920,1307.41,1013.54,70.11,66.01,0.5553,person
6,123,4.920,1321.18,481.31,71.25,218.21,0.6443,person
10,123,4.920,990.00,665.85,88.19,214.49,0.6662,person
11,123,4.920,1026.80,224.78,75.66,208.78,0.7249,person
4,123,4.920,593.95,755.97,83.21,206.94,0.6783,person
12,123,4.920,381.88,347.21,80.14,194.36,0.6367,person
14,123,4.920,824.44,752.80,90.54,240.72,0.7583,person
15,123,4.920,950.25,826.49,109.44,253.51,0.7911,person
5,123,4.920,702.97,610.43,85.74,235.68,0.6226,person
16,123,4.920,940.59,207.75,51.82,163.18,0.5907,person
1,124,4.960,1311.15,1015.09,69.95,64.76,0.5241,person
6,124,4.960,1325.13,492.11,66.65,203.77,0.6437,person
10,124,4.960,988.14,665.14,87.73,213.25,0.6798,person
11,124,4.960,1027.59,228.90,75.09,206.58,0.7496,person
4,124,4.960,593.87,756.09,83.08,206.18,0.6895,person
12,124,4.960,379.14,347.68,80.22,194.20,0.6527,person
14,124,4.960,826.30,748.17,89.61,238.55,0.7865,person
15,124,4.960,947.29,823.88,109.27,256.12,0.8203,person
5,124,4.960,702.16,610.03,87.11,238.05,0.6436,person
16,124,4.960,940.24,208.03,52.25,164.30,0.6027,person
6,125,5.000,1322.64,484.95,69.91,213.62,0.6260,person
10,125,5.000,987.52,664.94,86.83,210.63,0.6837,person
11,125,5.000,1028.10,232.16,74.83,205.52,0.7231,person
4,125,5.000,593.73,755.72,83.52,207.36,0.6706,person
12,125,5.000,379.65,349.24,80.56,192.90,0.6296,person
14,125,5.000,827.63,745.96,89.20,236.97,0.7706,person
15,125,5.000,943.73,821.48,109.42,258.52,0.8157,person
5,125,5.000,701.03,609.40,88.18,240.18,0.6118,person
16,125,5.000,940.37,208.24,52.48,165.10,0.6018,person
6,126,5.040,1321.85,482.93,70.65,215.71,0.6405,person
10,126,5.040,987.41,664.24,86.26,208.65,0.6798,person
11,126,5.040,1027.70,235.66,75.51,207.48,0.7053,person
4,126,5.040,593.85,755.52,83.57,207.37,0.6782,person
12,126,5.040,379.68,350.87,80.43,191.49,0.6232,person
14,126,5.040,828.33,742.83,89.56,237.97,0.7731,person
15,126,5.040,940.12,817.96,110.12,262.04,0.8006,person
5,126,5.040,699.92,609.34,87.66,238.27,0.6231,person
16,126,5.040,940.71,209.00,52.27,163.63,0.5930,person
6,127,5.080,1321.60,481.79,71.03,216.83,0.6352,person
10,127,5.080,986.84,662.74,85.66,206.81,0.6858,person
11,127,5.080,1026.73,237.57,76.85,210.88,0.7238,person
4,127,5.080,594.08,755.40,83.46,206.86,0.6780,person
12,127,5.080,379.12,351.29,80.49,190.77,0.6306,person
14,127,5.080,828.33,740.64,90.39,240.12,0.7796,person
15,127,5.080,937.13,815.05,110.89,264.95,0.8210,person
5,127,5.080,698.14,608.59,85.91,234.19,0.5914,person
16,127,5.080,941.13,210.07,51.72,160.80,0.6015,person
1,127,5.080,1318.98,1017.24,69.21,62.76,0.5124,person
6,128,5.120,1321.50,481.32,70.97,216.65,0.6550,person
10,128,5.120,986.24,661.27,84.81,204.00,0.7110,person
11,128,5.120,1026.15,239.36,77.57,212.80,0.7166,person
4,128,5.120,594.38,755.20,83.24,206.13,0.6663,person
12,128,5.120,380.14,351.85,80.81,189.80,0.6222,person
14,128,5.120,828.90,738.31,90.78,240.89,0.8016,person
15,128,5.120,934.32,812.20,111.90,267.80,0.8347,person
5,128,5.120,696.52,609.12,85.47,234.62,0.5499,person
16,128,5.120,941.77,211.21,51.72,159.52,0.5872,person
6,129,5.160,1321.53,481.48,70.91,216.55,0.6283,person
10,129,5.160,985.53,659.93,84.86,203.72,0.6996,person
11,129,5.160,1026.20,240.90,77.39,212.17,0.7077,person
4,129,5.160,594.29,755.02,83.54,206.68,0.7013,person
12,129,5.160,380.21,352.01,81.55,190.21,0.6321,person
14,129,5.160,829.36,736.39,91.15,241.33,0.8050,person
15,129,5.160,932.13,810.60,112.84,269.40,0.8329,person
5,129,5.160,694.90,609.35,85.65,237.32,0.5384,person
16,129,5.160,941.83,212.98,52.34,160.91,0.5833,person
1,129,5.160,1326.49,1021.19,66.41,58.81,0.5528,person
6,130,5.200,1321.36,481.84,70.94,216.80,0.6606,person
10,130,5.200,984.83,657.50,85.52,204.77,0.7272,person
11,130,5.200,1026.95,241.68,77.25,211.92,0.7071,person
4,130,5.200,594.04,754.85,83.65,206.78,0.6980,person
12,130,5.200,380.97,352.53,82.13,190.97,0.6311,person
14,130,5.200,829.96,734.76,91.52,241.89,0.7902,person
15,130,5.200,930.55,809.92,113.41,270.08,0.8253,person
5,130,5.200,695.09,609.95,83.14,231.77,0.5452,person
16,130,5.200,942.17,214.81,52.56,161.82,0.5592,person
1,130,5.200,1328.71,1023.36,65.37,56.64,0.5214,person
6,131,5.240,1320.98,481.94,70.93,217.09,0.6722,person
10,131,5.240,983.88,655.14,86.72,207.32,0.7058,person
11,131,5.240,1027.12,241.81,77.24,212.05,0.6945,person
4,131,5.240,594.15,754.78,83.93,207.47,0.6984,person
12,131,5.240,381.59,352.45,82.77,192.57,0.6189,person
14,131,5.240,830.54,734.00,91.93,242.79,0.7780,person
15,131,5.240,928.30,809.54,113.99,270.46,0.8084,person
5,131,5.240,696.05,610.41,81.55,228.84,0.5207,person
16,131,5.240,942.83,216.26,52.10,159.60,0.5130,person
1,131,5.240,1331.11,1023.42,66.73,56.58,0.5228,person
6,132,5.280,1321.43,481.65,70.99,217.51,0.6050,person
10,132,5.280,982.46,653.28,87.10,207.66,0.6730,person
11,132,5.280,1027.03,241.64,77.28,211.99,0.6953,person
4,132,5.280,595.17,752.46,83.45,208.17,0.7338,person
12,132,5.280,381.19,352.67,82.69,194.26,0.6078,person
14,132,5.280,830.66,733.93,91.79,241.84,0.7724,person
15,132,5.280,926.17,808.53,114.75,271.47,0.8169,person
16,132,5.280,944.20,217.65,52.18,160.01,0.5388,person
1,132,5.280,1332.95,1023.58,67.74,56.42,0.5046,person
6,133,5.320,1321.22,481.77,70.86,217.11,0.6382,person
10,133,5.320,981.88,650.73,87.80,208.89,0.6499,person
11,133,5.320,1027.46,241.26,77.35,212.24,0.6966,person
4,133,5.320,595.60,751.85,82.92,208.81,0.7274,person
12,133,5.320,380.75,353.24,82.07,195.39,0.6103,person
14,133,5.320,830.55,733.27,92.20,242.48,0.7591,person
15,133,5.320,924.38,807.35,115.51,272.65,0.8051,person
16,133,5.320,945.70,217.05,52.13,160.28,0.5631,person
6,134,5.360,1321.17,481.76,70.86,217.25,0.6150,person
10,134,5.360,980.02,648.31,89.83,213.63,0.6104,person
11,134,5.360,1028.76,241.79,77.33,212.26,0.7168,person
4,134,5.360,596.25,751.74,82.25,209.02,0.7060,person
12,134,5.360,381.40,354.14,80.67,194.50,0.5476,person
14,134,5.360,829.99,732.56,92.93,243.98,0.7480,person
15,134,5.360,922.59,806.01,116.32,273.87,0.8052,person
16,134,5.360,946.57,217.76,52.00,159.99,0.5721,person
6,135,5.400,1320.55,481.87,71.26,218.46,0.6477,person
10,135,5.400,978.23,646.80,91.35,217.65,0.6513,person
11,135,5.400,1029.75,240.78,78.38,215.04,0.7579,person
4,135,5.400,596.58,751.74,81.63,209.13,0.7091,person
12,135,5.400,382.20,355.03,80.60,196.38,0.5614,person
14,135,5.400,830.01,732.12,93.22,244.25,0.7426,person
15,135,5.400,921.25,803.75,117.34,276.20,0.8021,person
16,135,5.400,947.50,218.29,52.33,160.63,0.5934,person
6,136,5.440,1320.37,481.90,71.15,218.19,0.6558,person
10,136,5.440,976.85,644.84,92.32,219.71,0.6889,person
11,136,5.440,1031.29,244.04,78.17,214.64,0.7529,person
4,136,5.440,597.13,752.13,80.67,207.96,0.7064,person
12,136,5.440,383.82,356.91,80.04,196.57,0.5801,person
14,136,5.440,829.55,730.09,93.73,245.81,0.7375,person
15,136,5.440,920.03,800.94,118.15,278.52,0.7914,person
16,136,5.440,948.65,220.03,52.43,160.09,0.5762,person
5,136,5.440,702.39,622.82,74.61,208.92,0.5232,person
6,137,5.480,1320.45,481.19,71.49,219.45,0.6364,person
10,137,5.480,973.92,643.05,93.23,221.07,0.7016,person
11,137,5.480,1032.04,246.46,78.28,215.78,0.7416,person
4,137,5.480,597.57,751.93,80.06,207.76,0.7041,person
12,137,5.480,383.89,358.89,79.31,196.65,0.5603,person
14,137,5.480,829.89,728.33,93.61,245.70,0.7481,person
15,137,5.480,918.09,798.45,118.25,280.31,0.7813,person
16,137,5.480,948.86,221.67,52.27,160.26,0.5824,person
6,138,5.520,1320.78,481.19,71.33,219.11,0.6400,person
10,138,5.520,971.56,641.55,94.08,221.56,0.6974,person
11,138,5.520,1033.50,249.19,77.42,214.05,0.7448,person
4,138,5.520,597.96,752.42,79.61,207.80,0.6762,person
12,138,5.520,384.49,360.25,79.12,197.16,0.5974,person
14,138,5.520,829.52,725.19,94.10,247.40,0.7372,person
15,138,5.520,916.54,795.68,118.22,282.04,0.7512,person
16,138,5.520,949.14,222.94,52.10,159.96,0.5748,person
6,139,5.560,1320.96,481.06,71.10,218.76,0.6386,person
10,139,5.560,969.48,640.51,94.38,220.95,0.6704,person
11,139,5.560,1034.51,254.11,76.34,211.17,0.7243,person
4,139,5.560,597.78,752.09,79.32,208.19,0.6694,person
12,139,5.560,384.44,361.22,78.79,197.75,0.6108,person
14,139,5.560,829.57,722.42,94.18,248.17,0.7230,person
15,139,5.560,914.69,792.82,118.04,283.58,0.7217,person
16,139,5.560,949.76,224.33,51.91,159.52,0.6134,person
5,139,5.560,700.58,618.27,78.10,220.76,0.5018,person
6,140,5.600,1320.70,480.95,71.13,218.94,0.6100,person
10,140,5.600,966.79,639.90,95.30,222.01,0.6779,person
11,140,5.600,1035.17,258.10,75.19,208.18,0.7035,person
4,140,5.600,597.67,752.24,79.21,208.75,0.6918,person
12,140,5.600,385.18,361.76,78.53,198.25,0.5952,person
14,140,5.600,829.77,720.19,93.79,247.55,0.7400,person
15,140,5.600,914.19,790.32,116.62,282.58,0.7340,person
16,140,5.600,949.99,224.68,51.70,159.04,0.6253,person
5,140,5.600,699.80,617.66,78.55,223.59,0.5482,person
6,141,5.640,1320.93,481.28,70.91,218.10,0.6445,person
10,141,5.640,964.77,638.46,97.15,225.99,0.6835,person
11,141,5.640,1037.07,261.19,74.30,206.88,0.7002,person
4,141,5.640,597.70,752.02,79.07,209.33,0.7018,person
12,141,5.640,384.97,361.82,78.57,199.12,0.6236,person
14,141,5.640,831.09,718.00,91.20,240.12,0.7579,person
15,141,5.640,913.57,787.95,114.91,281.20,0.7514,person
16,141,5.640,950.46,224.42,51.64,158.82,0.5002,person
5,141,5.640,700.50,620.78,76.98,220.03,0.5509,person
6,142,5.680,1320.68,480.90,71.19,218.78,0.6012,person
10,142,5.680,964.01,637.17,98.26,228.86,0.6600,person
11,142,5.680,1037.74,262.39,74.72,207.49,0.7386,person
4,142,5.680,597.86,751.84,78.55,208.96,0.7120,person
12,142,5.680,384.91,362.76,77.74,197.52,0.5955,person
14,142,5.680,831.61,714.13,89.73,235.62,0.7790,person
15,142,5.680,912.84,784.22,112.12,277.60,0.7577,person
16,142,5.680,951.24,224.38,51.60,158.38,0.6580,person
5,142,5.680,700.90,623.06,76.09,218.24,0.5304,person
6,143,5.720,1320.42,480.67,71.44,219.41,0.5682,person
10,143,5.720,963.89,636.26,98.44,229.96,0.6729,person
11,143,5.720,1039.19,263.95,74.99,208.15,0.7335,person
4,143,5.720,598.24,752.62,77.80,207.57,0.7349,person
12,143,5.720,384.38,364.42,77.12,195.90,0.6485,person
14,143,5.720,831.84,711.82,88.38,231.41,0.7854,person
15,143,5.720,911.76,780.41,110.03,276.06,0.7973,person
16,143,5.720,951.98,224.35,51.77,158.14,0.5968,person
5,143,5.720,700.70,623.30,75.48,217.56,0.5494,person
6,144,5.760,1320.48,480.81,71.50,219.32,0.6021,person
10,144,5.760,963.70,634.65,98.82,232.03,0.6792,person
11,144,5.760,1040.46,264.75,75.56,209.89,0.7309,person
4,144,5.760,598.68,752.76,77.51,207.58,0.7297,person
12,144,5.760,382.98,365.19,76.50,193.79,0.6263,person
14,144,5.760,831.16,709.35,88.75,232.25,0.7889,person
15,144,5.760,911.78,777.77,107.65,274.39,0.7956,person
16,144,5.760,952.40,224.71,52.22,158.66,0.6763,person
5,144,5.760,700.38,624.74,75.84,220.92,0.5325,person
3,144,5.760,1191.97,209.21,55.87,157.53,0.5021,person
6,145,5.800,1320.24,480.91,71.62,219.54,0.6267,person
10,145,5.800,964.05,634.04,97.95,231.07,0.7037,person
11,145,5.800,1041.85,265.65,75.37,209.57,0.7052,person
4,145,5.800,598.67,752.60,77.39,207.80,0.7152,person
12,145,5.800,381.79,367.06,76.14,191.86,0.6529,person
14,145,5.800,830.59,705.62,89.35,234.20,0.8031,person
15,145,5.800,910.81,775.62,105.54,273.22,0.7924,person
16,145,5.800,953.09,224.18,53.02,159.82,0.6820,person
5,145,5.800,701.78,625.80,72.66,211.89,0.5255,person
3,145,5.800,1191.34,208.44,57.96,157.54,0.5157,person
6,146,5.840,1320.27,480.87,71.62,219.35,0.6260,person
10,146,5.840,963.95,632.29,97.17,230.86,0.7102,person
11,146,5.840,1043.10,266.32,74.86,208.33,0.7177,person
4,146,5.840,598.90,752.73,76.87,206.85,0.7029,person
12,146,5.840,379.47,369.33,75.93,191.24,0.6897,person
14,146,5.840,830.43,705.84,90.15,236.12,0.8001,person
15,146,5.840,910.23,774.92,103.29,271.92,0.7777,person
16,146,5.840,954.24,224.32,53.90,161.20,0.6376,person
5,146,5.840,702.04,626.18,71.47,208.42,0.5067,person
6,147,5.880,1320.30,480.90,71.76,219.48,0.6272,person
10,147,5.880,963.19,630.62,97.26,233.60,0.7088,person
11,147,5.880,1044.12,266.55,74.42,206.88,0.7573,person
4,147,5.880,598.78,752.10,77.08,208.09,0.7150,person
12,147,5.880,378.13,370.32,76.48,192.57,0.7224,person
14,147,5.880,830.44,705.56,90.47,236.90,0.7805,person
15,147,5.880,909.49,774.57,101.26,270.52,0.7508,person
16,147,5.880,955.69,226.38,54.21,159.85,0.7022,person
5,147,5.880,702.24,627.05,70.67,205.85,0.5291,person
3,147,5.880,1191.92,205.50,59.82,159.90,0.5103,person
6,148,5.920,1320.26,480.88,71.96,219.86,0.6313,person
10,148,5.920,963.01,628.27,97.12,235.62,0.7246,person
11,148,5.920,1044.19,266.59,75.27,209.41,0.7592,person
4,148,5.920,598.96,751.99,76.88,208.07,0.7011,person
12,148,5.920,375.51,371.03,77.34,195.92,0.6821,person
14,148,5.920,830.53,704.31,90.88,237.97,0.7650,person
15,148,5.920,908.93,774.22,100.14,271.29,0.7420,person
16,148,5.920,956.77,229.11,54.10,157.54,0.6362,person
5,148,5.920,702.35,628.03,70.02,202.71,0.5564,person
3,148,5.920,1192.23,204.81,60.50,160.06,0.5185,person
6,149,5.960,1320.18,480.83,71.98,219.87,0.6232,person
10,149,5.960,963.51,626.00,96.79,237.13,0.7352,person
11,149,5.960,1044.58,266.71,76.25,211.62,0.7602,person
4,149,5.960,598.41,751.50,77.18,209.18,0.6733,person
12,149,5.960,373.78,371.14,78.32,199.15,0.7058,person
14,149,5.960,831.12,703.03,91.51,239.91,0.7431,person
15,149,5.960,907.50,774.49,98.03,267.89,0.7083,person
16,149,5.960,957.66,231.35,54.09,155.71,0.6163,person
5,149,5.960,702.38,627.52,70.55,203.08,0.5548,person
6,150,6.000,1320.54,480.70,72.13,220.06,0.6081,person
10,150,6.000,963.80,623.42,95.88,236.50,0.7499,person
11,150,6.000,1045.28,268.06,76.65,212.22,0.7307,person
4,150,6.000,597.28,752.97,77.19,207.20,0.6399,person
12,150,6.000,373.00,371.36,79.29,202.54,0.6560,person
14,150,6.000,831.77,700.17,91.39,239.91,0.7214,person
15,150,6.000,905.80,774.75,97.19,268.23,0.7182,person
16,150,6.000,957.81,232.88,54.43,155.18,0.6474,person
5,150,6.000,702.63,627.94,71.05,202.88,0.5487,person
6,151,6.040,1320.74,480.82,72.12,219.76,0.6165,person
10,151,6.040,964.98,622.13,94.68,234.76,0.7361,person
11,151,6.040,1044.25,270.17,77.12,213.87,0.7512,person
4,151,6.040,596.54,753.40,77.98,207.78,0.6300,person
12,151,6.040,373.30,371.49,79.27,202.47,0.6672,person
14,151,6.040,832.16,698.56,91.74,241.32,0.7145,person
15,151,6.040,904.63,773.19,96.88,270.98,0.6948,person
16,151,6.040,958.18,234.29,54.91,155.15,0.6591,person
5,151,6.040,702.49,627.99,72.55,206.14,0.5617,person
6,152,6.080,1320.77,480.74,72.27,220.15,0.6339,person
10,152,6.080,965.36,620.83,93.61,233.08,0.7544,person
11,152,6.080,1044.33,272.70,77.62,215.28,0.7362,person
4,152,6.080,596.41,753.73,78.45,207.57,0.6277,person
12,152,6.080,372.32,373.05,78.66,201.60,0.6301,person
14,152,6.080,832.89,697.33,91.60,241.04,0.6992,person
15,152,6.080,902.80,771.43,95.20,269.35,0.7178,person
16,152,6.080,957.91,235.33,56.08,157.76,0.6859,person
5,152,6.080,702.77,627.56,73.23,207.01,0.5661,person
6,153,6.120,1320.42,480.69,72.35,220.17,0.6402,person
10,153,6.120,965.07,619.01,92.66,230.91,0.7984,person
11,153,6.120,1045.81,276.44,77.33,214.20,0.7437,person
4,153,6.120,597.17,752.15,78.48,208.03,0.6318,person
12,153,6.120,372.35,377.14,77.86,198.66,0.6305,person
14,153,6.120,832.23,695.82,92.32,243.86,0.6856,person
15,153,6.120,900.95,769.61,94.32,269.46,0.7175,person
16,153,6.120,958.47,236.35,56.52,158.81,0.6405,person
5,153,6.120,703.03,628.14,73.63,206.63,0.5893,person
6,154,6.160,1320.02,480.80,72.42,219.97,0.6504,person
10,154,6.160,964.36,616.82,92.34,230.17,0.7914,person
11,154,6.160,1047.39,280.30,76.12,210.12,0.7241,person
4,154,6.160,597.12,753.07,78.99,208.24,0.6481,person
12,154,6.160,372.30,380.81,77.00,195.79,0.6146,person
14,154,6.160,831.72,693.15,93.00,247.26,0.6988,person
15,154,6.160,899.03,769.11,93.76,270.20,0.7462,person
16,154,6.160,959.31,236.61,56.71,159.80,0.5901,person
5,154,6.160,702.17,628.56,75.37,210.30,0.6030,person
6,155,6.200,1319.41,480.50,72.73,220.73,0.6359,person
10,155,6.200,963.33,615.18,92.17,229.37,0.7732,person
11,155,6.200,1048.16,283.84,76.04,209.57,0.7430,person
4,155,6.200,596.30,753.18,79.34,207.59,0.6601,person
12,155,6.200,372.92,382.95,77.83,194.79,0.6253,person
14,155,6.200,833.32,691.93,91.37,244.28,0.7090,person
15,155,6.200,897.27,767.05,93.24,270.86,0.7728,person
16,155,6.200,959.95,236.95,56.46,159.99,0.5694,person
5,155,6.200,700.99,628.39,77.56,215.13,0.6061,person
6,156,6.240,1320.15,480.74,72.57,220.11,0.6116,person
10,156,6.240,961.60,614.25,92.30,230.14,0.7673,person
11,156,6.240,1048.74,288.72,75.29,207.81,0.7345,person
4,156,6.240,597.50,752.56,78.76,206.55,0.6734,person
12,156,6.240,370.10,381.88,80.23,198.79,0.6200,person
14,156,6.240,831.05,688.30,94.01,253.41,0.7013,person
15,156,6.240,892.94,763.99,93.25,271.81,0.7656,person
16,156,6.240,960.08,236.68,56.49,160.84,0.5900,person
5,156,6.240,701.23,628.76,77.86,214.52,0.6036,person
6,157,6.280,1320.74,480.51,72.41,219.61,0.6223,person
10,157,6.280,961.12,613.06,92.43,230.71,0.7608,person
11,157,6.280,1048.46,291.95,75.61,209.09,0.7478,person
4,157,6.280,598.43,752.16,78.59,206.84,0.6926,person
12,157,6.280,369.41,382.97,80.93,197.24,0.6330,person
14,157,6.280,831.41,685.15,93.16,251.69,0.6941,person
15,157,6.280,889.99,763.52,93.42,271.96,0.7957,person
16,157,6.280,960.31,236.80,56.22,161.13,0.5987,person
5,157,6.280,701.07,628.30,78.51,215.07,0.6096,person
6,158,6.320,1320.40,480.54,72.67,220.11,0.6472,person
10,158,6.320,960.75,612.45,92.21,230.37,0.7588,person
11,158,6.320,1047.72,293.45,76.00,210.68,0.7503,person
4,158,6.320,598.06,752.00,78.61,207.26,0.6750,person
12,158,6.320,367.54,382.51,82.38,198.26,0.6443,person
14,158,6.320,833.45,682.90,90.74,244.48,0.6968,person
15,158,6.320,888.58,761.54,92.61,269.21,0.7775,person
16,158,6.320,960.54,236.97,56.44,161.58,0.6229,person
5,158,6.320,701.18,628.69,78.74,214.45,0.6028,person
6,159,6.360,1320.25,480.91,72.50,219.34,0.6717,person
10,159,6.360,960.64,611.95,92.36,231.46,0.7716,person
11,159,6.360,1047.22,294.05,76.33,212.32,0.7403,person
4,159,6.360,598.21,752.13,78.03,205.89,0.6916,person
12,159,6.360,365.65,381.27,83.87,199.92,0.6463,person
14,159,6.360,836.60,680.87,88.35,235.66,0.6749,person
15,159,6.360,886.79,761.64,90.27,262.94,0.7524,person
16,159,6.360,961.28,237.20,56.62,161.65,0.6789,person
5,159,6.360,701.48,629.38,78.66,212.76,0.6327,person
6,160,6.400,1320.32,481.02,72.48,219.18,0.6732,person
10,160,6.400,960.17,611.69,92.67,233.37,0.7802,person
11,160,6.400,1047.06,294.50,76.35,213.11,0.7400,person
4,160,6.400,598.36,752.20,77.78,205.56,0.6736,person
12,160,6.400,363.95,381.92,85.07,200.63,0.6334,person
14,160,6.400,838.07,678.47,87.04,229.86,0.6213,person
15,160,6.400,884.37,760.42,89.12,259.35,0.7551,person
16,160,6.400,961.86,238.27,57.03,162.48,0.7120,person
5,160,6.400,701.41,629.56,78.98,212.37,0.6271,person
17,160,6.400,1735.56,406.11,70.26,212.78,0.6591,person
6,161,6.440,1319.83,481.28,72.51,219.05,0.6803,person
10,161,6.440,960.21,611.48,92.75,234.44,0.7858,person
11,161,6.440,1047.60,294.59,75.99,212.55,0.7183,person
4,161,6.440,598.27,752.18,77.86,205.89,0.6813,person
12,161,6.440,362.74,382.76,85.63,200.36,0.6278,person
14,161,6.440,841.98,674.58,86.83,226.76,0.5536,person
15,161,6.440,881.04,764.86,87.65,252.50,0.7300,person
16,161,6.440,962.83,239.71,57.27,163.17,0.6930,person
5,161,6.440,701.51,629.96,80.02,214.02,0.6219,person
17,161,6.440,1738.38,407.86,69.81,211.01,0.6365,person
6,162,6.480,1319.90,481.12,72.58,219.31,0.6556,person
10,162,6.480,960.68,611.12,93.03,235.56,0.8086,person
11,162,6.480,1048.03,294.55,75.65,212.29,0.7050,person
4,162,6.480,596.34,753.08,78.94,207.04,0.6636,person
12,162,6.480,362.39,383.25,85.86,199.80,0.6256,person
15,162,6.480,874.46,760.89,90.45,255.57,0.7108,person
16,162,6.480,962.98,240.30,57.66,164.06,0.7089,person
5,162,6.480,701.62,630.63,80.47,214.00,0.5975,person
17,162,6.480,1740.48,408.82,70.19,211.27,0.6600,person
6,163,6.520,1319.88,481.05,72.75,219.79,0.6576,person
10,163,6.520,960.43,609.85,93.36,236.87,0.7970,person
11,163,6.520,1048.35,293.82,75.88,212.79,0.7252,person
4,163,6.520,595.23,753.28,80.02,208.23,0.6644,person
12,163,6.520,361.94,383.98,86.14,199.12,0.6332,person
15,163,6.520,871.51,759.60,92.30,255.60,0.7202,person
16,163,6.520,963.06,241.60,57.85,164.45,0.6846,person
5,163,6.520,698.60,627.99,86.18,230.76,0.5612,person
17,163,6.520,1743.05,411.64,69.18,207.37,0.5999,person
6,164,6.560,1319.63,481.09,72.72,219.59,0.6679,person
10,164,6.560,960.33,608.94,93.17,237.09,0.7858,person
11,164,6.560,1048.98,293.34,76.76,215.00,0.7593,person
4,164,6.560,594.77,753.52,80.73,208.67,0.6717,person
12,164,6.560,362.52,386.74,85.83,197.43,0.6525,person
15,164,6.560,867.77,757.71,94.35,255.41,0.6836,person
16,164,6.560,963.95,244.07,56.75,161.86,0.6746,person
5,164,6.560,700.50,630.55,83.78,222.94,0.5173,person
17,164,6.560,1743.23,411.76,69.79,207.69,0.5987,person
6,165,6.600,1319.40,481.01,72.69,219.44,0.6591,person
10,165,6.600,961.24,607.00,92.06,233.94,0.7287,person
11,165,6.600,1049.51,294.12,77.44,216.62,0.7736,person
4,165,6.600,594.76,753.73,81.11,208.49,0.6497,person
12,165,6.600,363.63,388.76,85.80,197.79,0.6641,person
15,165,6.600,864.57,753.60,97.79,260.59,0.7438,person
16,165,6.600,963.66,245.35,56.29,161.02,0.7137,person
17,165,6.600,1746.03,414.28,68.39,202.71,0.5705,person
14,165,6.600,856.30,668.48,64.08,158.48,0.5237,person
6,166,6.640,1319.08,480.70,72.72,219.57,0.6319,person
10,166,6.640,962.25,604.75,92.66,235.69,0.7609,person
11,166,6.640,1050.65,295.32,78.14,218.02,0.7723,person
4,166,6.640,595.12,753.99,81.30,208.12,0.6693,person
12,166,6.640,364.85,389.84,86.08,199.59,0.6281,person
15,166,6.640,859.41,739.11,104.56,276.36,0.7401,person
16,166,6.640,963.53,246.86,55.54,159.16,0.6871,person
17,166,6.640,1745.84,415.61,68.17,200.77,0.5601,person
6,167,6.680,1319.33,480.48,72.55,219.30,0.6458,person
10,167,6.680,963.35,602.42,92.10,234.41,0.7589,person
11,167,6.680,1051.02,297.24,79.13,220.10,0.7638,person
4,167,6.680,596.36,753.44,80.68,207.17,0.6625,person
12,167,6.680,365.18,390.49,86.07,201.05,0.6081,person
15,167,6.680,856.32,732.97,107.63,282.77,0.7622,person
16,167,6.680,963.08,248.20,55.70,159.44,0.6624,person
17,167,6.680,1749.60,415.67,67.98,199.61,0.5546,person
5,167,6.680,698.73,630.77,85.47,228.24,0.5113,person
6,168,6.720,1319.87,480.82,72.46,219.11,0.6420,person
10,168,6.720,963.83,600.23,91.16,232.40,0.7404,person
11,168,6.720,1051.06,301.30,78.30,217.37,0.7811,person
4,168,6.720,596.48,752.40,80.84,208.42,0.6541,person
12,168,6.720,366.55,391.24,86.02,202.72,0.6267,person
15,168,6.720,848.44,713.39,115.71,302.73,0.7908,person
16,168,6.720,962.35,249.55,56.19,161.08,0.6573,person
17,168,6.720,1752.25,416.04,68.71,200.34,0.5511,person
5,168,6.720,700.53,631.86,81.07,214.35,0.5151,person
6,169,6.760,1319.88,480.84,72.62,219.72,0.6691,person
10,169,6.760,965.21,596.70,89.88,229.27,0.7606,person
11,169,6.760,1052.75,305.49,77.23,214.60,0.7361,person
4,169,6.760,595.57,753.20,81.54,209.50,0.6597,person
12,169,6.760,368.65,393.30,84.95,201.56,0.6262,person
15,169,6.760,843.39,704.93,119.47,310.68,0.8138,person
16,169,6.760,961.79,251.20,56.70,162.11,0.5964,person
17,169,6.760,1753.39,417.70,69.56,201.18,0.5462,person
6,170,6.800,1320.07,480.59,72.52,219.69,0.6379,person
10,170,6.800,966.71,595.25,88.35,225.08,0.7623,person
11,170,6.800,1053.88,309.09,76.88,213.70,0.7154,person
4,170,6.800,595.91,752.52,81.13,209.07,0.6601,person
12,170,6.800,370.20,394.75,84.37,201.99,0.6316,person
15,170,6.800,841.07,703.70,120.26,312.31,0.7992,person
16,170,6.800,961.59,252.59,56.60,161.65,0.5992,person
17,170,6.800,1753.92,418.59,70.80,202.36,0.5739,person
6,171,6.840,1320.26,480.80,72.08,218.64,0.6542,person
10,171,6.840,966.71,593.05,88.62,226.05,0.7626,person
11,171,6.840,1055.03,310.63,77.72,216.29,0.7149,person
4,171,6.840,595.97,752.35,81.06,209.62,0.6904,person
12,171,6.840,371.62,397.39,83.04,200.41,0.6302,person
15,171,6.840,840.11,705.26,118.93,308.65,0.7903,person
16,171,6.840,961.47,254.11,56.59,161.54,0.5980,person
17,171,6.840,1754.57,420.25,71.55,202.46,0.5901,person
5,171,6.840,698.19,630.91,85.00,226.26,0.5125,person
6,172,6.880,1321.04,481.18,71.67,217.90,0.6232,person
10,172,6.880,966.48,590.90,88.51,226.49,0.7736,person
11,172,6.880,1056.60,312.36,77.72,216.27,0.7307,person
4,172,6.880,596.11,752.44,80.90,209.94,0.7069,person
12,172,6.880,372.70,398.33,82.59,201.17,0.6742,person
15,172,6.880,839.77,702.52,118.31,307.71,0.7828,person
16,172,6.880,960.82,254.73,56.27,160.80,0.5823,person
17,172,6.880,1756.00,422.02,71.87,201.75,0.5547,person
6,173,6.920,1321.26,481.11,71.37,217.41,0.6098,person
10,173,6.920,966.15,588.81,88.13,226.33,0.7708,person
11,173,6.920,1057.36,314.72,77.93,217.29,0.7174,person
4,173,6.920,596.44,752.48,80.28,208.87,0.6846,person
12,173,6.920,373.06,399.42,81.66,201.10,0.6600,person
15,173,6.920,843.51,713.58,111.74,291.76,0.7812,person
16,173,6.920,961.33,255.07,56.29,160.61,0.6168,person
17,173,6.920,1758.45,422.95,72.41,201.75,0.6012,person
6,174,6.960,1321.27,481.05,71.29,217.37,0.5839,person
10,174,6.960,966.02,587.79,87.90,226.67,0.7521,person
11,174,6.960,1058.85,315.60,78.12,218.01,0.7194,person
4,174,6.960,596.45,751.94,80.18,209.32,0.6915,person
12,174,6.960,373.77,400.14,80.69,200.64,0.6646,person
15,174,6.960,842.22,716.11,108.83,284.87,0.7959,person
16,174,6.960,961.45,255.33,56.43,160.84,0.6563,person
17,174,6.960,1759.56,425.56,71.82,199.68,0.5386,person
6,175,7.000,1321.41,480.99,71.24,217.57,0.6222,person
10,175,7.000,965.93,585.98,87.55,226.62,0.7649,person
11,175,7.000,1059.64,316.09,77.86,217.61,0.7265,person
4,175,7.000,596.71,751.96,79.72,208.80,0.7128,person
12,175,7.000,374.54,401.03,79.73,199.95,0.6839,person
15,175,7.000,842.65,718.17,106.16,279.88,0.8042,person
16,175,7.000,961.25,255.58,56.73,161.37,0.6770,person
6,176,7.040,1321.75,481.10,70.89,217.13,0.6234,person
10,176,7.040,965.73,585.26,88.08,228.96,0.7312,person
11,176,7.040,1059.83,316.01,77.93,218.23,0.7319,person
4,176,7.040,596.93,752.02,79.22,208.13,0.7020,person
12,176,7.040,375.40,402.50,78.78,198.67,0.6778,person
15,176,7.040,841.36,718.86,103.93,276.09,0.7939,person
16,176,7.040,960.73,256.70,57.10,162.40,0.6172,person
6,177,7.080,1322.09,481.33,70.62,217.01,0.6256,person
10,177,7.080,965.69,585.09,88.45,231.52,0.7177,person
11,177,7.080,1060.20,315.95,78.15,219.20,0.7531,person
4,177,7.080,597.31,752.03,78.95,207.92,0.6796,person
12,177,7.080,376.20,402.72,78.71,199.07,0.6733,person
15,177,7.080,839.59,720.55,101.30,270.99,0.7934,person
16,177,7.080,960.01,258.16,57.41,162.70,0.6311,person
6,178,7.120,1322.43,481.35,70.27,216.66,0.6388,person
10,178,7.120,965.01,584.17,88.16,232.67,0.7293,person
11,178,7.120,1060.24,316.08,78.32,219.42,0.7586,person
4,178,7.120,597.52,752.09,78.48,207.12,0.6680,person
12,178,7.120,377.31,402.22,79.02,199.56,0.6737,person
15,178,7.120,838.81,720.69,98.63,266.59,0.7621,person
16,178,7.120,959.50,259.86,57.46,162.15,0.6489,person
6,179,7.160,1322.44,481.83,69.96,216.29,0.6495,person
10,179,7.160,964.85,583.71,87.68,233.24,0.7409,person
11,179,7.160,1060.00,317.08,78.38,219.25,0.7707,person
4,179,7.160,597.66,751.77,77.93,205.85,0.6626,person
12,179,7.160,377.53,401.92,79.78,201.01,0.6684,person
15,179,7.160,838.28,721.91,95.57,261.30,0.7609,person
16,179,7.160,959.53,261.03,57.59,161.95,0.6417,person
17,179,7.160,1764.43,435.90,73.74,201.94,0.5445,person
6,180,7.200,1322.36,482.30,69.60,215.51,0.6333,person
10,180,7.200,964.52,582.28,87.60,234.32,0.7471,person
11,180,7.200,1059.48,318.56,79.10,220.66,0.7656,person
4,180,7.200,597.07,751.51,78.10,206.48,0.6463,person
12,180,7.200,377.31,402.81,80.05,201.04,0.6868,person
15,180,7.200,836.33,723.18,93.48,258.51,0.7804,person
16,180,7.200,959.90,261.82,57.87,162.93,0.6282,person
17,180,7.200,1764.60,438.25,73.62,200.63,0.5545,person
6,181,7.240,1322.20,482.44,69.61,215.49,0.6479,person
10,181,7.240,964.91,580.85,87.06,233.36,0.7712,person
11,181,7.240,1060.35,322.04,78.92,219.77,0.7585,person
4,181,7.240,597.10,750.92,78.52,208.24,0.6438,person
12,181,7.240,376.74,403.40,80.43,201.08,0.7067,person
15,181,7.240,834.12,726.63,91.95,256.51,0.7356,person
16,181,7.240,960.97,264.75,57.04,161.47,0.6100,person
17,181,7.240,1765.74,440.86,73.27,198.33,0.5855,person
6,182,7.280,1322.29,482.66,69.58,215.40,0.6405,person
10,182,7.280,965.23,578.88,86.80,232.99,0.7590,person
11,182,7.280,1060.86,325.65,78.57,218.51,0.7505,person
4,182,7.280,596.81,750.61,78.53,208.95,0.6302,person
12,182,7.280,376.40,403.69,81.22,202.00,0.6901,person
15,182,7.280,829.80,711.54,94.87,268.06,0.6953,person
16,182,7.280,961.59,266.04,56.63,160.83,0.5932,person
17,182,7.280,1765.62,440.54,74.55,201.43,0.5991,person
6,183,7.320,1322.06,482.68,69.80,216.17,0.6395,person
10,183,7.320,964.98,576.58,85.28,229.23,0.7197,person
11,183,7.320,1062.06,330.11,77.87,216.20,0.7448,person
4,183,7.320,597.21,751.03,78.07,208.12,0.6561,person
12,183,7.320,375.78,405.12,82.50,204.30,0.7127,person
15,183,7.320,819.68,664.39,108.67,314.11,0.7913,person
16,183,7.320,961.41,266.92,56.90,162.42,0.6074,person
17,183,7.320,1767.67,441.86,75.77,204.82,0.6324,person
6,184,7.360,1322.22,482.69,69.79,216.29,0.6511,person
10,184,7.360,964.12,574.56,84.49,226.85,0.7463,person
11,184,7.360,1062.59,333.44,77.05,213.40,0.7374,person
4,184,7.360,597.37,751.36,77.81,207.93,0.6490,person
12,184,7.360,376.19,407.38,83.15,204.74,0.6541,person
15,184,7.360,815.91,646.70,111.70,330.09,0.8034,person
16,184,7.360,961.53,267.93,56.92,163.34,0.6103,person
17,184,7.360,1768.06,442.38,77.67,209.59,0.6335,person
6,185,7.400,1322.19,482.61,69.72,216.30,0.6498,person
10,185,7.400,963.59,572.36,83.86,224.66,0.7333,person
11,185,7.400,1063.23,334.74,76.64,211.43,0.7150,person
4,185,7.400,597.48,750.99,77.82,208.61,0.6372,person
12,185,7.400,375.88,409.68,83.82,205.66,0.6379,person
15,185,7.400,814.18,639.62,111.58,335.65,0.7922,person
16,185,7.400,961.87,269.01,56.80,163.42,0.6299,person
17,185,7.400,1767.38,443.65,79.18,212.23,0.6843,person
6,186,7.440,1322.02,482.33,69.88,216.74,0.6169,person
10,186,7.440,963.61,570.18,83.56,222.77,0.7676,person
11,186,7.440,1062.57,338.18,78.05,215.61,0.7269,person
4,186,7.440,597.43,751.80,77.60,208.49,0.6140,person
12,186,7.440,374.64,414.39,83.23,204.76,0.6616,person
15,186,7.440,812.70,635.60,111.08,338.61,0.7915,person
16,186,7.440,962.82,269.79,56.62,163.05,0.5977,person
17,186,7.440,1768.67,445.72,80.52,215.54,0.7111,person
6,187,7.480,1322.22,482.19,69.77,216.44,0.5799,person
10,187,7.480,962.96,568.28,83.49,221.88,0.7552,person
11,187,7.480,1061.94,340.47,78.56,217.57,0.7166,person
4,187,7.480,597.30,751.99,77.56,208.92,0.6055,person
12,187,7.480,374.21,416.16,83.47,205.97,0.6765,person
15,187,7.480,811.89,632.96,110.62,341.65,0.7750,person
16,187,7.480,963.27,270.73,56.20,162.10,0.5890,person
17,187,7.480,1770.34,447.37,81.37,218.84,0.6970,person
6,188,7.520,1322.20,482.33,69.65,215.94,0.6003,person
10,188,7.520,962.26,566.34,83.92,222.25,0.7738,person
11,188,7.520,1060.72,341.92,79.20,219.80,0.7078,person
4,188,7.520,596.73,753.48,78.05,209.03,0.5880,person
12,188,7.520,373.39,417.66,82.80,205.08,0.6631,person
15,188,7.520,811.41,630.05,109.99,344.50,0.7042,person
16,188,7.520,963.94,271.46,55.87,161.42,0.6065,person
17,188,7.520,1770.08,448.01,81.60,220.63,0.6890,person
6,189,7.560,1322.36,482.67,69.51,215.32,0.6137,person
10,189,7.560,961.76,564.52,84.56,223.17,0.7910,person
11,189,7.560,1059.48,342.82,79.94,222.31,0.6832,person
4,189,7.560,596.99,752.32,77.92,209.11,0.5753,person
12,189,7.560,374.49,417.61,83.75,206.68,0.6868,person
15,189,7.560,810.53,627.79,109.50,347.62,0.6779,person
16,189,7.560,964.12,272.08,55.50,160.35,0.6033,person
17,189,7.560,1772.03,450.15,80.75,219.65,0.6745,person
6,190,7.600,1322.36,482.55,69.67,215.84,0.6228,person
10,190,7.600,961.02,563.09,85.38,224.79,0.7939,person
11,190,7.600,1059.04,342.93,80.13,223.41,0.6786,person
4,190,7.600,596.89,751.83,77.87,209.53,0.5796,person
12,190,7.600,374.13,419.35,83.39,205.83,0.6766,person
15,190,7.600,815.87,685.05,92.36,289.92,0.5833,person
16,190,7.600,964.41,272.64,55.67,160.12,0.5964,person
17,190,7.600,1773.56,450.64,80.27,219.41,0.7043,person
6,191,7.640,1322.33,482.88,69.62,215.71,0.6275,person
10,191,7.640,960.55,562.24,85.91,225.69,0.7990,person
11,191,7.640,1059.12,342.91,79.91,223.25,0.6929,person
4,191,7.640,597.44,752.22,77.35,208.45,0.6029,person
12,191,7.640,373.74,420.43,83.04,205.57,0.6687,person
15,191,7.640,811.31,642.37,104.91,334.32,0.7435,person
16,191,7.640,964.58,273.63,56.22,160.73,0.5998,person
17,191,7.640,1775.32,451.88,79.87,218.37,0.6712,person
6,192,7.680,1321.89,482.33,69.82,216.31,0.6294,person
10,192,7.680,960.12,562.06,85.78,224.97,0.7818,person
11,192,7.680,1059.66,342.63,79.43,221.82,0.7075,person
4,192,7.680,597.85,753.19,77.10,207.70,0.6078,person
12,192,7.680,374.27,420.82,83.14,205.81,0.6817,person
15,192,7.680,809.81,628.38,106.94,344.74,0.7615,person
16,192,7.680,964.31,274.76,57.39,163.66,0.6309,person
17,192,7.680,1778.19,452.84,79.11,217.39,0.6363,person
6,193,7.720,1321.84,481.79,70.20,217.47,0.6328,person
10,193,7.720,959.21,561.96,85.99,225.54,0.7851,person
11,193,7.720,1059.83,342.88,79.55,222.07,0.7326,person
4,193,7.720,597.85,753.81,76.78,206.82,0.5940,person
12,193,7.720,375.64,421.20,83.49,206.19,0.6526,person
15,193,7.720,808.29,619.31,107.43,349.76,0.7442,person
16,193,7.720,964.32,276.72,57.97,164.90,0.6259,person
17,193,7.720,1779.58,456.84,78.63,215.95,0.6171,person
6,194,7.760,1321.67,481.81,70.19,217.49,0.6695,person
10,194,7.760,958.30,561.34,86.43,226.72,0.7708,person
11,194,7.760,1059.84,342.72,80.33,224.27,0.7412,person
4,194,7.760,597.77,753.37,77.01,207.26,0.6004,person
12,194,7.760,377.73,420.40,84.00,206.05,0.6110,person
15,194,7.760,806.75,615.78,106.35,349.07,0.6773,person
16,194,7.760,963.62,278.26,57.98,165.20,0.6331,person
17,194,7.760,1780.44,459.10,77.50,212.78,0.6088,person
6,195,7.800,1321.48,482.09,70.21,217.43,0.6427,person
10,195,7.800,957.48,560.38,86.58,227.22,0.7521,person
11,195,7.800,1059.84,344.09,80.88,225.26,0.7301,person
4,195,7.800,597.79,753.06,77.21,207.97,0.6263,person
12,195,7.800,380.14,421.11,83.83,204.10,0.6289,person
15,195,7.800,809.04,673.07,89.74,286.86,0.6177,person
16,195,7.800,963.53,280.04,57.28,162.65,0.6237,person
17,195,7.800,1779.96,461.42,76.89,211.52,0.5815,person
6,196,7.840,1321.33,482.04,70.22,217.29,0.6241,person
10,196,7.840,957.26,559.44,87.40,229.35,0.7458,person
11,196,7.840,1060.33,346.19,81.48,226.21,0.7385,person
4,196,7.840,598.00,752.69,77.19,208.16,0.5940,person
12,196,7.840,381.95,422.04,84.50,204.32,0.6805,person
15,196,7.840,808.04,699.20,82.63,257.65,0.6720,person
16,196,7.840,962.99,281.14,57.07,161.96,0.6310,person
17,196,7.840,1781.00,462.31,76.90,212.16,0.5389,person
6,197,7.880,1321.33,482.24,70.18,216.99,0.5983,person
10,197,7.880,956.94,558.89,87.62,229.98,0.7239,person
11,197,7.880,1061.29,350.90,80.36,222.12,0.7136,person
4,197,7.880,598.10,751.92,77.28,208.89,0.5710,person
12,197,7.880,384.05,422.53,84.90,203.42,0.6898,person
15,197,7.880,803.44,706.57,81.63,247.86,0.7480,person
16,197,7.880,962.84,282.02,57.56,162.88,0.6779,person
17,197,7.880,1782.86,463.53,75.91,211.57,0.5067,person
6,198,7.920,1321.53,482.76,69.83,215.74,0.6296,person
10,198,7.920,957.24,557.52,87.82,230.62,0.7265,person
11,198,7.920,1061.66,355.35,80.00,220.96,0.7081,person
4,198,7.920,598.08,751.22,77.49,209.78,0.5360,person
12,198,7.920,386.74,423.39,85.34,203.52,0.6856,person
15,198,7.920,799.53,705.44,83.50,247.33,0.7594,person
16,198,7.920,961.31,283.15,58.36,165.09,0.6779,person
17,198,7.920,1784.34,464.25,75.16,209.85,0.5444,person
6,199,7.960,1321.50,482.39,70.07,216.35,0.6240,person
10,199,7.960,957.83,554.81,88.18,231.73,0.7357,person
11,199,7.960,1062.51,358.05,79.71,220.49,0.6860,person
4,199,7.960,597.88,750.87,77.61,210.28,0.5317,person
12,199,7.960,388.51,424.55,85.73,204.64,0.6735,person
15,199,7.960,794.77,705.85,85.46,246.77,0.7665,person
16,199,7.960,960.38,284.00,58.52,165.92,0.6436,person
17,199,7.960,1786.62,465.70,74.57,208.73,0.5168,person
6,200,8.000,1321.50,482.68,69.90,215.75,0.6289,person
10,200,8.000,958.15,552.47,88.30,232.27,0.7265,person
11,200,8.000,1062.44,359.64,79.99,221.97,0.7021,person
4,200,8.000,598.22,751.36,77.29,209.67,0.5362,person
12,200,8.000,389.87,425.89,85.70,205.34,0.6856,person
15,200,8.000,791.03,705.00,88.39,248.78,0.7202,person
16,200,8.000,960.04,284.27,58.22,165.46,0.6541,person
6,201,8.040,1321.67,482.67,69.86,215.63,0.6495,person
10,201,8.040,958.83,550.69,88.12,231.83,0.7611,person
11,201,8.040,1063.31,362.72,79.17,220.73,0.6805,person
4,201,8.040,598.28,752.21,76.87,208.58,0.5290,person
12,201,8.040,390.46,426.97,85.42,205.78,0.6754,person
15,201,8.040,786.53,703.08,91.42,251.63,0.7266,person
16,201,8.040,959.21,284.49,57.86,164.55,0.6648,person
17,201,8.040,1784.33,469.70,73.84,202.70,0.5551,person
6,202,8.080,1321.65,482.19,70.15,216.59,0.6237,person
10,202,8.080,958.61,548.13,87.51,230.98,0.7118,person
11,202,8.080,1063.48,365.69,79.45,222.99,0.6979,person
4,202,8.080,598.06,751.64,77.15,209.33,0.5297,person
12,202,8.080,390.93,429.60,85.11,206.45,0.6608,person
15,202,8.080,781.82,702.46,93.38,252.61,0.6887,person
16,202,8.080,958.28,284.44,57.75,164.49,0.6515,person
17,202,8.080,1783.30,471.88,74.44,200.36,0.5294,person
6,203,8.120,1321.58,482.17,70.14,216.37,0.5969,person
10,203,8.120,960.38,546.11,85.03,223.69,0.7018,person
11,203,8.120,1064.45,368.20,79.53,224.44,0.6738,person
4,203,8.120,597.71,753.35,77.36,208.43,0.5266,person
12,203,8.120,391.34,431.99,84.46,206.53,0.6481,person
15,203,8.120,776.06,703.30,93.13,250.13,0.7384,person
16,203,8.120,957.52,284.63,57.53,164.14,0.6549,person
17,203,8.120,1788.66,474.10,73.78,198.70,0.5421,person
6,204,8.160,1321.36,481.79,70.38,217.48,0.6264,person
10,204,8.160,961.13,544.75,83.08,217.78,0.6794,person
11,204,8.160,1065.26,369.91,79.64,225.66,0.6759,person
4,204,8.160,597.07,754.26,77.76,207.62,0.5385,person
12,204,8.160,393.44,437.47,81.43,200.50,0.6065,person
15,204,8.160,774.04,701.17,94.42,251.13,0.7203,person
16,204,8.160,957.41,285.53,57.17,162.97,0.6487,person
17,204,8.160,1791.97,478.17,72.37,194.69,0.5053,person
18,204,8.160,816.00,606.66,84.46,225.86,0.5682,person
6,205,8.200,1321.29,481.93,70.27,217.36,0.6420,person
10,205,8.200,961.00,542.82,82.81,216.79,0.6972,person
11,205,8.200,1066.97,371.15,79.10,224.54,0.6872,person
4,205,8.200,596.99,754.64,78.46,208.10,0.5515,person
12,205,8.200,393.73,438.18,81.50,201.87,0.6272,person
15,205,8.200,772.24,700.19,95.70,252.53,0.7017,person
16,205,8.200,956.99,285.25,57.57,164.43,0.6467,person
18,205,8.200,813.92,603.32,83.93,224.34,0.6253,person
6,206,8.240,1321.01,481.79,70.21,217.35,0.6243,person
10,206,8.240,960.37,539.39,83.47,218.98,0.6958,person
11,206,8.240,1068.49,371.41,78.71,223.48,0.6839,person
4,206,8.240,597.17,754.62,78.92,208.43,0.5330,person
12,206,8.240,393.97,438.48,82.10,204.81,0.6222,person
15,206,8.240,769.53,701.65,94.36,247.89,0.7289,person
16,206,8.240,956.96,286.08,58.01,165.82,0.6630,person
18,206,8.240,811.02,600.78,85.09,227.15,0.6778,person
6,207,8.280,1320.83,481.60,70.30,217.78,0.6191,person
10,207,8.280,960.11,538.12,83.47,219.40,0.6924,person
11,207,8.280,1069.97,371.58,78.43,222.56,0.7199,person
4,207,8.280,595.98,754.85,79.65,209.13,0.5342,person
12,207,8.280,394.97,439.00,82.40,207.04,0.6704,person
15,207,8.280,767.76,697.67,95.42,250.18,0.7137,person
16,207,8.280,956.55,287.19,58.49,167.55,0.6894,person
18,207,8.280,810.44,598.11,85.21,227.29,0.7103,person
6,208,8.320,1320.84,481.30,70.29,217.88,0.6086,person
10,208,8.320,959.70,537.24,83.37,220.10,0.6886,person
11,208,8.320,1070.65,371.40,78.91,223.92,0.7367,person
4,208,8.320,595.62,754.32,80.04,209.10,0.5183,person
12,208,8.320,396.69,438.91,82.17,208.17,0.6840,person
15,208,8.320,765.99,693.68,96.57,253.28,0.6949,person
16,208,8.320,956.39,288.47,58.65,168.16,0.6976,person
18,208,8.320,811.54,596.50,82.77,220.36,0.7161,person
6,209,8.360,1321.02,481.23,70.16,217.75,0.6165,person
10,209,8.360,959.70,536.15,83.44,221.08,0.6867,person
11,209,8.360,1070.70,372.44,79.19,224.37,0.7683,person
4,209,8.360,595.70,753.97,80.28,208.72,0.5217,person
12,209,8.360,398.72,440.23,80.60,205.26,0.6876,person
15,209,8.360,765.74,695.71,94.80,249.36,0.6884,person
16,209,8.360,955.88,289.19,58.48,167.94,0.7043,person
18,209,8.360,809.97,593.87,81.91,217.34,0.6926,person
17,209,8.360,1798.35,484.52,74.73,198.11,0.5067,person
6,210,8.400,1321.31,481.49,70.00,217.56,0.5877,person
10,210,8.400,959.54,534.61,83.67,222.77,0.7041,person
11,210,8.400,1070.79,373.00,79.56,225.12,0.7471,person
4,210,8.400,594.84,754.18,80.84,209.20,0.5360,person
12,210,8.400,400.32,442.26,79.02,202.24,0.6973,person
15,210,8.400,763.15,696.11,93.86,247.48,0.7326,person
16,210,8.400,956.09,291.42,57.61,165.80,0.7196,person
18,210,8.400,807.81,592.37,81.45,215.15,0.7150,person
17,210,8.400,1798.56,484.79,78.17,206.81,0.5926,person
6,211,8.440,1321.34,481.45,69.97,217.66,0.6108,person
10,211,8.440,959.41,533.75,83.74,224.15,0.6716,person
11,211,8.440,1070.99,374.52,80.68,228.20,0.7489,person
4,211,8.440,594.65,753.87,81.34,209.63,0.5848,person
12,211,8.440,401.71,443.79,78.43,201.15,0.7170,person
15,211,8.440,760.49,693.38,94.05,248.22,0.7418,person
16,211,8.440,955.84,292.43,57.20,164.83,0.6957,person
18,211,8.440,806.75,590.47,80.09,210.10,0.7135,person
17,211,8.440,1798.29,486.48,80.04,211.86,0.5937,person
6,212,8.480,1321.41,481.53,69.81,217.46,0.6042,person
10,212,8.480,959.71,533.07,83.76,224.95,0.6609,person
11,212,8.480,1072.51,378.55,79.93,225.89,0.7416,person
4,212,8.480,594.45,753.67,81.68,209.56,0.5741,person
12,212,8.480,402.30,445.63,78.60,201.59,0.6942,person
15,212,8.480,758.43,689.45,94.18,249.03,0.7422,person
16,212,8.480,955.57,293.46,57.39,165.60,0.6871,person
18,212,8.480,806.03,587.32,80.27,209.41,0.7125,person
17,212,8.480,1798.39,487.47,81.99,216.79,0.5342,person
6,213,8.520,1321.55,481.51,69.69,217.36,0.6034,person
10,213,8.520,959.14,532.39,83.75,225.85,0.6644,person
11,213,8.520,1073.93,382.41,79.36,223.83,0.7510,person
4,213,8.520,594.52,753.69,81.81,209.12,0.5838,person
12,213,8.520,403.34,447.71,78.51,200.53,0.7174,person
15,213,8.520,756.70,687.47,93.67,247.93,0.7333,person
16,213,8.520,955.89,294.70,57.64,166.70,0.6826,person
18,213,8.520,804.69,585.55,80.12,207.84,0.6985,person
17,213,8.520,1799.16,486.98,83.88,221.60,0.5263,person
6,214,8.560,1321.48,481.77,69.67,217.16,0.6322,person
10,214,8.560,958.94,532.08,83.16,225.20,0.6637,person
11,214,8.560,1075.01,385.19,78.91,221.29,0.7575,person
4,214,8.560,594.76,753.76,82.07,209.27,0.6036,person
12,214,8.560,403.86,449.08,78.73,199.95,0.7037,person
15,214,8.560,755.85,684.29,93.61,247.61,0.6891,person
16,214,8.560,956.09,296.50,57.79,167.99,0.6384,person
18,214,8.560,804.38,584.10,79.00,203.34,0.6293,person
6,215,8.600,1321.28,481.87,69.67,217.14,0.6356,person
10,215,8.600,958.70,530.51,83.15,225.93,0.6542,person
11,215,8.600,1075.69,387.77,80.00,224.06,0.7649,person
4,215,8.600,595.27,752.23,81.78,209.53,0.5935,person
12,215,8.600,403.64,449.87,79.34,200.13,0.6801,person
15,215,8.600,753.21,682.77,92.67,246.25,0.7240,person
16,215,8.600,955.93,297.90,57.55,167.93,0.6571,person
18,215,8.600,802.44,583.54,82.55,212.62,0.6965,person
6,216,8.640,1325.09,493.71,64.55,201.05,0.5945,person
10,216,8.640,957.85,528.75,83.31,227.66,0.6615,person
11,216,8.640,1076.24,390.82,80.11,223.87,0.7511,person
4,216,8.640,595.32,752.04,81.31,208.96,0.6299,person
12,216,8.640,403.07,451.22,80.29,201.34,0.6560,person
15,216,8.640,748.98,681.90,91.20,245.01,0.7159,person
16,216,8.640,956.08,299.31,57.26,166.95,0.6810,person
18,216,8.640,800.55,583.49,85.48,220.83,0.7266,person
6,217,8.680,1321.94,485.22,68.58,212.88,0.5891,person
10,217,8.680,957.86,527.49,82.70,227.14,0.6503,person
11,217,8.680,1075.68,394.43,80.29,224.01,0.7421,person
4,217,8.680,596.12,752.08,81.14,209.21,0.6380,person
12,217,8.680,402.15,452.04,80.04,199.71,0.6022,person
15,217,8.680,747.28,681.16,89.61,243.56,0.6885,person
16,217,8.680,956.61,300.41,57.11,166.25,0.6549,person
18,217,8.680,799.53,583.29,86.75,224.59,0.7273,person
6,218,8.720,1324.29,494.71,64.48,200.14,0.5573,person
10,218,8.720,957.41,526.87,82.18,226.24,0.6593,person
11,218,8.720,1075.38,397.27,80.42,224.36,0.7253,person
4,218,8.720,596.70,752.35,80.64,208.58,0.6255,person
12,218,8.720,401.19,452.71,81.82,203.15,0.6696,person
15,218,8.720,744.12,678.85,89.43,245.12,0.6253,person
16,218,8.720,957.15,301.40,57.07,165.22,0.6285,person
18,218,8.720,798.73,583.08,86.93,224.89,0.7043,person
6,219,8.760,1326.19,499.74,62.17,193.61,0.5057,person
10,219,8.760,957.18,524.47,80.83,222.82,0.6557,person
11,219,8.760,1074.79,399.67,81.31,227.22,0.7289,person
4,219,8.760,596.84,752.18,80.59,209.17,0.6283,person
12,219,8.760,400.23,453.73,83.59,206.37,0.6782,person
15,219,8.760,742.14,673.87,90.31,250.36,0.6392,person
16,219,8.760,956.86,302.69,56.87,163.76,0.6065,person
18,219,8.760,799.67,582.71,86.74,224.76,0.6868,person
6,220,8.800,1326.73,500.51,61.48,192.23,0.5428,person
10,220,8.800,957.72,522.33,79.31,218.21,0.6795,person
11,220,8.800,1074.97,400.84,81.73,229.37,0.7360,person
4,220,8.800,596.84,751.63,80.62,210.04,0.6253,person
12,220,8.800,400.77,455.29,84.90,208.64,0.6880,person
15,220,8.800,740.57,670.86,89.85,252.38,0.6242,person
16,220,8.800,956.64,304.12,56.79,162.99,0.5848,person
18,220,8.800,800.00,581.73,86.70,224.64,0.7171,person
6,221,8.840,1326.91,501.47,60.85,191.00,0.5200,person
10,221,8.840,956.69,519.66,79.23,217.22,0.6892,person
11,221,8.840,1075.07,401.30,81.91,230.29,0.7393,person
4,221,8.840,596.92,751.56,80.72,210.92,0.6412,person
12,221,8.840,401.91,457.11,85.89,209.35,0.6788,person
15,221,8.840,738.13,670.91,89.39,253.66,0.6192,person
16,221,8.840,956.38,305.22,57.08,163.79,0.6069,person
18,221,8.840,799.67,579.52,87.19,225.89,0.7213,person
6,222,8.880,1326.94,500.02,61.04,192.49,0.5372,person
10,222,8.880,955.99,518.26,79.57,217.32,0.7233,person
11,222,8.880,1075.32,401.24,82.18,231.43,0.7504,person
4,222,8.880,596.12,752.81,81.31,211.71,0.6250,person
12,222,8.880,402.47,458.23,86.65,209.21,0.6657,person
15,222,8.880,735.50,670.82,88.70,254.28,0.5783,person
16,222,8.880,956.17,306.65,57.09,163.68,0.5376,person
18,222,8.880,798.50,576.81,87.64,227.14,0.7274,person
6,223,8.920,1322.99,487.74,66.75,209.60,0.5650,person
10,223,8.920,955.31,516.90,80.43,218.28,0.7308,person
11,223,8.920,1076.08,401.13,81.92,231.01,0.7593,person
4,223,8.920,595.52,752.83,81.87,212.59,0.6379,person
12,223,8.920,402.07,459.34,86.85,208.52,0.6791,person
15,223,8.920,731.93,670.17,88.18,255.32,0.5222,person
16,223,8.920,955.34,307.22,57.73,165.67,0.5740,person
18,223,8.920,796.93,573.70,88.47,229.14,0.7321,person
6,224,8.960,1325.20,493.48,63.75,201.45,0.5267,person
10,224,8.960,954.35,515.77,81.51,219.39,0.7311,person
11,224,8.960,1077.09,402.12,81.56,230.24,0.7757,person
4,224,8.960,594.82,752.87,82.50,213.31,0.6296,person
12,224,8.960,403.32,461.03,86.94,207.50,0.7045,person
15,224,8.960,729.66,670.40,87.67,255.80,0.5585,person
16,224,8.960,954.40,307.14,58.51,167.55,0.5514,person
18,224,8.960,795.49,570.22,89.18,230.88,0.7500,person
6,225,9.000,1326.38,495.65,62.15,197.70,0.5103,person
10,225,9.000,954.03,515.06,82.31,219.57,0.7144,person
11,225,9.000,1077.65,402.94,82.03,232.22,0.7890,person
4,225,9.000,594.19,752.96,82.57,212.50,0.5946,person
12,225,9.000,404.55,462.11,86.75,206.48,0.7157,person
15,225,9.000,727.86,670.51,87.37,256.92,0.5386,person
16,225,9.000,953.73,307.95,58.37,166.96,0.5913,person
18,225,9.000,795.46,567.50,87.71,226.34,0.7406,person
6,226,9.040,1326.74,496.26,61.55,196.56,0.5082,person
10,226,9.040,953.88,514.51,83.06,219.82,0.7233,person
11,226,9.040,1078.80,404.61,82.12,232.37,0.7906,person
4,226,9.040,593.83,753.09,82.74,212.09,0.6153,person
12,226,9.040,404.05,462.72,86.00,206.20,0.6928,person
15,226,9.040,724.93,669.78,87.45,257.53,0.5445,person
16,226,9.040,952.63,308.42,59.05,168.27,0.5996,person
18,226,9.040,796.65,566.04,85.62,219.96,0.7451,person
6,227,9.080,1327.48,497.67,60.79,194.70,0.5335,person
10,227,9.080,953.71,514.09,83.88,220.79,0.7242,person
11,227,9.080,1079.41,406.41,82.74,234.15,0.7659,person
4,227,9.080,593.80,752.91,83.02,211.80,0.6460,person
12,227,9.080,404.44,463.42,84.57,204.94,0.6693,person
15,227,9.080,717.44,669.11,88.38,257.29,0.5353,person
16,227,9.080,952.03,309.59,59.38,169.09,0.6049,person
18,227,9.080,797.28,563.65,84.84,217.60,0.7508,person
10,228,9.120,953.75,513.87,84.45,221.22,0.6972,person
11,228,9.120,1079.01,408.48,82.99,234.56,0.7424,person
4,228,9.120,593.79,752.58,82.90,210.23,0.6443,person
12,228,9.120,406.50,465.80,82.54,201.26,0.6487,person
15,228,9.120,711.88,669.93,89.79,256.75,0.6616,person
16,228,9.120,951.83,311.20,59.58,169.13,0.6018,person
18,228,9.120,798.51,562.18,84.47,217.22,0.7432,person
10,229,9.160,954.01,513.25,84.69,220.90,0.7015,person
11,229,9.160,1079.53,412.00,82.59,234.51,0.7104,person
4,229,9.160,593.45,752.30,83.41,210.51,0.6514,person
12,229,9.160,409.54,465.16,82.95,202.71,0.6683,person
15,229,9.160,709.97,670.70,90.59,254.30,0.6718,person
16,229,9.160,950.46,311.63,60.09,169.81,0.5685,person
18,229,9.160,800.39,560.82,83.97,217.05,0.7520,person
10,230,9.200,955.19,512.31,84.78,220.25,0.7212,person
11,230,9.200,1081.25,416.98,81.46,233.17,0.6848,person
4,230,9.200,593.02,752.60,83.64,210.24,0.6671,person
12,230,9.200,414.30,466.79,82.76,201.94,0.6510,person
15,230,9.200,708.41,670.88,91.60,253.04,0.6799,person
16,230,9.200,948.24,311.21,61.03,171.14,0.5333,person
18,230,9.200,801.12,559.05,83.72,217.75,0.7400,person
10,231,9.240,956.39,511.38,85.61,221.30,0.7103,person
11,231,9.240,1082.58,420.91,81.17,234.44,0.6897,person
4,231,9.240,593.44,752.13,84.01,210.68,0.6609,person
12,231,9.240,416.09,467.12,83.55,204.58,0.6300,person
15,231,9.240,707.41,670.51,92.68,252.19,0.7029,person
16,231,9.240,945.83,310.82,61.99,172.63,0.5732,person
18,231,9.240,802.06,557.90,83.27,218.03,0.7356,person
10,232,9.280,957.73,510.04,85.82,220.63,0.6983,person
11,232,9.280,1084.87,423.57,80.70,235.12,0.7106,person
4,232,9.280,593.16,751.75,84.62,211.83,0.6130,person
12,232,9.280,416.99,468.03,84.31,207.16,0.6497,person
15,232,9.280,707.37,669.24,94.18,252.92,0.7233,person
16,232,9.280,945.51,311.23,61.99,171.85,0.5493,person
18,232,9.280,803.01,556.34,82.74,218.35,0.7049,person
6,232,9.280,1328.66,497.55,60.57,194.92,0.5003,person
10,233,9.320,958.88,507.63,86.30,221.11,0.7167,person
11,233,9.320,1086.72,425.21,80.30,235.78,0.7351,person
4,233,9.320,593.15,752.29,84.35,210.50,0.6291,person
12,233,9.320,419.25,473.32,83.51,204.96,0.6526,person
15,233,9.320,706.11,667.93,94.91,252.75,0.6777,person
16,233,9.320,946.11,311.19,62.14,172.32,0.5914,person
18,233,9.320,804.16,556.16,81.90,217.77,0.7158,person
6,233,9.320,1328.59,498.24,60.43,194.29,0.5291,person
10,234,9.360,960.12,505.76,86.49,220.94,0.7042,person
11,234,9.360,1089.58,428.28,78.85,232.74,0.7258,person
4,234,9.360,593.96,751.45,84.42,210.39,0.6038,person
12,234,9.360,416.93,470.03,84.67,210.09,0.6562,person
15,234,9.360,704.34,665.86,94.89,251.18,0.6691,person
16,234,9.360,947.33,312.30,61.45,170.49,0.6367,person
18,234,9.360,804.75,555.12,81.44,218.22,0.7095,person
6,234,9.360,1328.24,497.72,60.84,194.95,0.5285,person
10,235,9.400,961.27,503.85,86.31,220.15,0.6936,person
11,235,9.400,1091.47,430.40,77.94,230.60,0.7180,person
4,235,9.400,593.83,752.21,84.16,209.20,0.6018,person
12,235,9.400,419.81,476.36,82.76,205.80,0.6915,person
15,235,9.400,701.25,661.89,95.40,251.75,0.6274,person
16,235,9.400,947.50,313.16,61.18,169.88,0.6770,person
18,235,9.400,804.77,555.23,81.01,218.47,0.7152,person
6,235,9.400,1328.19,497.27,61.09,195.28,0.5629,person
10,236,9.440,963.53,500.93,85.13,217.02,0.7102,person
11,236,9.440,1093.20,431.76,78.03,230.92,0.7312,person
4,236,9.440,593.60,752.23,84.67,210.15,0.6024,person
12,236,9.440,420.68,473.14,84.53,211.65,0.6857,person
15,236,9.440,698.38,662.21,94.13,249.38,0.5814,person
16,236,9.440,945.74,314.15,62.58,174.17,0.6620,person
18,236,9.440,804.58,554.24,81.01,219.76,0.7110,person
6,236,9.440,1328.64,496.98,61.46,196.01,0.5223,person
10,237,9.480,965.60,498.47,84.61,214.88,0.7398,person
11,237,9.480,1094.48,432.44,78.07,231.30,0.7380,person
4,237,9.480,593.19,752.37,85.13,210.78,0.6014,person
12,237,9.480,422.41,471.47,85.26,214.80,0.6802,person
15,237,9.480,696.50,663.42,92.86,246.97,0.5791,person
16,237,9.480,945.35,316.34,62.72,175.61,0.6749,person
18,237,9.480,804.60,552.86,81.47,222.76,0.7312,person
6,237,9.480,1328.39,495.70,61.91,197.32,0.5327,person
10,238,9.520,966.93,495.36,84.66,214.87,0.7522,person
11,238,9.520,1095.36,432.14,77.64,230.70,0.7460,person
4,238,9.520,592.91,751.28,85.76,211.99,0.5959,person
12,238,9.520,424.69,473.13,85.03,214.96,0.6868,person
16,238,9.520,945.11,318.31,61.69,172.76,0.6402,person
18,238,9.520,804.18,551.24,81.57,224.56,0.7302,person
6,238,9.520,1328.00,494.61,62.25,198.65,0.5192,person
10,239,9.560,967.37,493.03,84.99,216.15,0.7467,person
11,239,9.560,1096.61,432.45,77.71,230.96,0.7635,person
4,239,9.560,593.10,751.57,85.60,211.29,0.5993,person
12,239,9.560,427.05,476.88,84.11,212.95,0.6927,person
16,239,9.560,945.03,320.65,61.27,171.40,0.6712,person
18,239,9.560,803.75,550.13,81.25,225.22,0.7484,person
6,239,9.560,1327.99,494.88,62.05,198.24,0.5121,person
10,240,9.600,967.02,490.27,85.08,217.70,0.7280,person
11,240,9.600,1096.78,433.54,78.19,232.43,0.7360,person
4,240,9.600,593.35,752.87,84.93,208.99,0.5575,person
12,240,9.600,429.06,478.87,83.35,211.23,0.6929,person
18,240,9.600,803.35,548.80,80.71,224.74,0.7437,person
6,240,9.600,1327.95,493.86,62.20,198.48,0.5222,person
10,241,9.640,967.40,488.88,84.72,218.20,0.7297,person
11,241,9.640,1096.96,435.14,78.86,234.34,0.7354,person
4,241,9.640,593.13,753.41,84.84,208.17,0.5627,person
12,241,9.640,428.26,481.74,81.07,207.51,0.6782,person
18,241,9.640,803.26,546.64,79.51,221.84,0.7246,person
16,241,9.640,946.99,325.69,59.89,167.58,0.6252,person
10,242,9.680,968.19,489.53,83.77,217.02,0.6783,person
11,242,9.680,1096.86,437.20,80.55,238.96,0.7441,person
4,242,9.680,593.14,753.59,85.28,208.96,0.5451,person
12,242,9.680,430.76,482.24,81.29,208.01,0.6818,person
18,242,9.680,803.06,544.46,78.67,219.25,0.7290,person
16,242,9.680,947.58,327.04,59.99,168.30,0.5935,person
10,243,9.720,968.69,489.34,83.01,216.78,0.6795,person
11,243,9.720,1098.79,439.43,80.35,237.28,0.7356,person
4,243,9.720,592.98,753.65,85.78,210.20,0.5290,person
12,243,9.720,432.42,482.64,81.65,208.71,0.6600,person
18,243,9.720,802.64,542.64,77.48,214.89,0.7325,person
16,243,9.720,948.24,328.12,60.40,169.58,0.5734,person
10,244,9.760,969.56,489.35,82.60,217.36,0.6846,person
11,244,9.760,1100.28,443.64,80.30,235.72,0.7482,person
4,244,9.760,592.98,753.72,85.78,210.21,0.5378,person
12,244,9.760,433.39,482.99,81.97,209.83,0.6517,person
18,244,9.760,801.85,539.42,77.18,213.17,0.7519,person
16,244,9.760,949.23,329.10,60.22,168.80,0.5193,person
10,245,9.800,970.18,489.69,81.86,216.71,0.7121,person
11,245,9.800,1100.50,449.09,81.17,238.19,0.7345,person
4,245,9.800,593.18,753.77,85.53,209.47,0.5362,person
12,245,9.800,433.42,484.61,81.60,208.71,0.6684,person
18,245,9.800,801.14,536.86,77.39,212.70,0.7467,person
16,245,9.800,950.30,329.61,60.61,169.01,0.5717,person
10,246,9.840,970.73,489.41,81.43,216.27,0.7480,person
11,246,9.840,1101.93,452.40,81.24,238.17,0.7387,person
4,246,9.840,593.22,754.02,85.45,209.03,0.5690,person
12,246,9.840,433.20,484.95,81.97,209.09,0.6700,person
18,246,9.840,800.81,534.32,77.61,212.63,0.7510,person
16,246,9.840,950.80,329.55,61.14,169.93,0.6254,person
10,247,9.880,971.66,489.03,81.40,216.16,0.7536,person
11,247,9.880,1102.48,455.91,81.90,240.45,0.7425,person
4,247,9.880,592.95,754.01,85.57,209.21,0.5692,person
12,247,9.880,432.76,485.00,83.11,210.76,0.7048,person
18,247,9.880,800.62,532.85,78.05,213.62,0.7769,person
16,247,9.880,951.18,329.71,61.81,171.56,0.6209,person
6,247,9.880,1327.71,494.62,62.19,198.05,0.5235,person
10,248,9.920,972.73,488.08,81.74,216.76,0.7698,person
11,248,9.920,1102.30,458.40,82.28,241.75,0.7609,person
4,248,9.920,593.05,753.71,85.72,209.86,0.5961,person
12,248,9.920,431.67,486.02,84.90,213.73,0.7260,person
18,248,9.920,800.27,531.57,78.59,214.52,0.7758,person
16,248,9.920,951.39,329.68,62.50,173.54,0.6644,person
6,248,9.920,1328.05,495.87,61.92,196.81,0.5206,person
10,249,9.960,973.41,486.06,82.47,218.23,0.7806,person
11,249,9.960,1102.31,460.72,81.91,241.32,0.7619,person
4,249,9.960,593.13,753.86,85.57,209.74,0.5816,person
12,249,9.960,430.03,487.39,86.35,215.04,0.7063,person
18,249,9.960,800.49,530.01,78.93,215.09,0.7632,person
16,249,9.960,951.38,329.79,63.73,177.50,0.6659,person
10,250,10.000,973.40,483.73,83.72,221.14,0.7618,person
11,250,10.000,1102.94,461.73,81.76,241.49,0.7628,person
4,250,10.000,593.34,753.95,85.10,209.17,0.5531,person
12,250,10.000,428.26,489.15,87.83,216.45,0.6471,person
18,250,10.000,801.14,528.21,79.00,215.13,0.7475,person
6,250,10.000,1328.43,496.55,61.69,195.79,0.5280,person
10,251,10.040,972.77,481.15,84.00,222.31,0.7167,person
11,251,10.040,1103.58,462.52,81.54,241.06,0.7570,person
4,251,10.040,593.12,753.86,84.88,208.83,0.5743,person
12,251,10.040,426.79,491.31,88.04,215.03,0.6203,person
18,251,10.040,801.76,528.65,78.71,214.24,0.7389,person
6,251,10.040,1328.16,496.72,61.74,195.43,0.5120,person
10,252,10.080,972.40,479.91,83.50,220.43,0.6870,person
11,252,10.080,1104.81,462.08,81.41,240.56,0.7448,person
12,252,10.080,426.49,492.69,89.38,215.42,0.6433,person
18,252,10.080,801.63,528.39,78.90,214.91,0.7335,person
6,252,10.080,1328.00,497.17,61.76,194.72,0.5574,person
10,253,10.120,972.67,478.16,82.78,217.69,0.6557,person
11,253,10.120,1105.32,462.34,81.36,240.25,0.7423,person
12,253,10.120,425.91,494.34,90.74,215.86,0.6179,person
18,253,10.120,802.00,527.90,78.99,215.06,0.7160,person
6,253,10.120,1327.76,496.96,62.12,195.40,0.5477,person
16,253,10.120,952.68,333.84,62.76,175.10,0.5445,person
4,253,10.120,592.94,753.85,84.81,208.58,0.5258,person
10,254,10.160,972.78,475.85,82.47,215.42,0.6322,person
11,254,10.160,1106.39,462.25,81.08,238.78,0.7670,person
12,254,10.160,424.98,495.88,92.28,216.71,0.6259,person
18,254,10.160,802.34,527.19,79.41,216.21,0.7006,person
6,254,10.160,1327.74,497.58,62.30,195.21,0.5650,person
16,254,10.160,952.87,335.11,62.17,173.29,0.5723,person
4,254,10.160,592.14,752.69,85.52,210.16,0.5104,person
10,255,10.200,972.45,473.35,82.45,214.24,0.6384,person
11,255,10.200,1107.08,463.77,81.38,238.70,0.8108,person
12,255,10.200,423.37,497.79,93.71,217.38,0.6457,person
18,255,10.200,802.22,526.91,79.29,215.96,0.7080,person
6,255,10.200,1327.58,496.45,62.93,196.78,0.5651,person
16,255,10.200,952.86,337.43,60.94,169.24,0.5884,person
19,255,10.200,1829.36,543.59,90.64,206.30,0.6732,person
10,256,10.240,972.53,471.50,82.47,213.34,0.6591,person
11,256,10.240,1107.00,465.78,82.36,240.95,0.8139,person
12,256,10.240,422.88,499.57,94.75,217.32,0.6405,person
18,256,10.240,802.69,525.32,79.69,216.98,0.7002,person
6,256,10.240,1327.65,496.87,62.93,196.63,0.5514,person
16,256,10.240,952.91,338.82,60.63,167.84,0.6061,person
19,256,10.240,1828.44,543.83,91.56,211.73,0.6447,person
10,257,10.280,972.86,470.59,82.69,212.56,0.6816,person
11,257,10.280,1108.16,468.55,83.17,241.93,0.8280,person
12,257,10.280,424.40,499.81,95.69,217.51,0.6493,person
18,257,10.280,803.36,521.64,80.27,218.99,0.7357,person
6,257,10.280,1327.65,496.56,63.17,197.39,0.5613,person
16,257,10.280,952.28,340.42,60.64,167.49,0.5709,person
19,257,10.280,1826.88,544.35,93.12,223.52,0.5459,person
10,258,10.320,973.08,469.32,83.37,213.49,0.6823,person
11,258,10.320,1109.75,472.98,83.02,240.68,0.8158,person
12,258,10.320,425.64,500.63,96.40,216.77,0.6836,person
18,258,10.320,803.82,519.03,80.42,219.90,0.7365,person
6,258,10.320,1327.89,496.10,63.18,197.64,0.5203,person
19,258,10.320,1825.52,546.04,94.48,232.00,0.5204,person
4,258,10.320,591.59,751.16,86.73,213.38,0.5146,person
10,259,10.360,972.96,468.19,83.87,213.88,0.6711,person
11,259,10.360,1111.52,476.00,82.54,238.80,0.8017,person
12,259,10.360,426.14,501.85,96.66,214.83,0.7147,person
18,259,10.360,803.94,517.12,80.20,219.96,0.7476,person
6,259,10.360,1328.25,495.95,63.26,197.86,0.5712,person
4,259,10.360,592.09,751.63,86.41,212.64,0.5757,person
10,260,10.400,973.51,467.60,83.92,213.52,0.6409,person
11,260,10.400,1112.67,479.03,82.57,239.33,0.7841,person
12,260,10.400,427.16,503.49,96.91,213.42,0.7157,person
18,260,10.400,803.78,515.44,79.65,218.82,0.7740,person
6,260,10.400,1328.52,495.92,63.24,197.74,0.5530,person
4,260,10.400,592.87,752.23,85.67,210.64,0.5727,person
10,261,10.440,974.01,467.38,84.04,213.36,0.6666,person
11,261,10.440,1114.20,481.47,82.68,239.96,0.7709,person
12,261,10.440,427.70,504.89,96.73,211.52,0.7142,person
18,261,10.440,804.14,513.74,78.23,214.46,0.7678,person
6,261,10.440,1328.87,496.05,62.97,196.98,0.5422,person
4,261,10.440,592.88,751.28,85.10,208.57,0.5091,person
10,262,10.480,974.43,467.56,84.12,213.15,0.6491,person
11,262,10.480,1115.90,484.04,82.84,240.77,0.7639,person
12,262,10.480,429.51,505.47,96.42,210.06,0.7274,person
18,262,10.480,804.26,511.37,77.73,212.63,0.7486,person
6,262,10.480,1328.80,495.59,63.10,197.45,0.5100,person
10,263,10.520,975.19,466.77,84.68,214.19,0.6590,person
11,263,10.520,1116.92,486.14,83.82,244.57,0.7595,person
12,263,10.520,430.97,506.10,96.69,210.96,0.7217,person
18,263,10.520,804.35,508.78,77.45,211.86,0.7388,person
6,263,10.520,1328.67,495.31,63.23,197.82,0.5146,person
10,264,10.560,977.28,466.72,84.46,212.96,0.6773,person
11,264,10.560,1117.98,488.14,84.30,246.33,0.7583,person
12,264,10.560,431.91,504.53,97.50,214.66,0.7025,person
18,264,10.560,804.91,507.47,77.24,211.20,0.7470,person
6,264,10.560,1328.93,494.41,63.18,198.45,0.5280,person
10,265,10.600,979.49,465.84,84.42,213.13,0.7441,person
11,265,10.600,1120.38,490.06,84.06,246.13,0.7695,person
12,265,10.600,431.28,504.62,97.06,216.78,0.6727,person
18,265,10.600,804.97,505.54,77.29,210.44,0.7458,person
6,265,10.600,1328.95,494.83,62.85,198.01,0.5750,person
16,265,10.600,950.47,349.62,61.84,171.02,0.5370,person
10,266,10.640,981.55,464.71,84.27,213.41,0.7391,person
11,266,10.640,1122.14,491.44,83.68,245.28,0.7739,person
12,266,10.640,431.68,505.83,95.75,216.75,0.6461,person
18,266,10.640,805.65,506.04,76.24,206.74,0.7028,person
6,266,10.640,1329.09,493.86,62.91,198.94,0.5267,person
16,266,10.640,950.02,350.22,62.73,173.62,0.5664,person
10,267,10.680,983.41,462.88,84.64,215.06,0.7123,person
11,267,10.680,1123.91,493.35,83.07,243.44,0.7912,person
12,267,10.680,432.52,507.63,94.66,216.89,0.6704,person
18,267,10.680,806.22,505.71,75.98,205.53,0.7001,person
6,267,10.680,1329.18,493.80,62.80,199.23,0.5236,person
16,267,10.680,949.22,352.43,62.54,172.57,0.5465,person
10,268,10.720,986.41,460.07,84.28,213.78,0.6589,person
11,268,10.720,1125.16,494.61,82.65,242.13,0.7818,person
12,268,10.720,433.25,510.30,93.55,216.98,0.5934,person
18,268,10.720,806.84,505.49,76.08,205.73,0.6800,person
6,268,10.720,1329.18,493.91,62.59,198.78,0.5281,person
10,269,10.760,989.10,458.73,83.31,211.17,0.6990,person
11,269,10.760,1126.53,495.59,82.09,240.60,0.8055,person
12,269,10.760,434.02,512.82,92.67,217.28,0.6156,person
18,269,10.760,807.13,505.27,75.70,204.79,0.6892,person
6,269,10.760,1328.87,493.63,62.73,199.24,0.5538,person
4,269,10.760,591.48,752.51,85.91,210.18,0.5079,person
16,269,10.760,949.19,354.06,61.69,170.18,0.5174,person
10,270,10.800,990.86,459.46,81.68,206.26,0.7058,person
11,270,10.800,1127.49,497.47,82.09,240.73,0.8076,person
12,270,10.800,434.87,514.37,91.77,216.79,0.6300,person
18,270,10.800,807.14,504.67,75.61,204.85,0.7218,person
6,270,10.800,1329.13,493.72,62.39,198.45,0.5329,person
4,270,10.800,591.64,753.15,86.02,210.32,0.5376,person
16,270,10.800,949.41,355.37,61.42,169.41,0.5533,person
10,271,10.840,991.53,457.52,81.21,204.23,0.6914,person
11,271,10.840,1127.88,499.33,82.78,242.65,0.8077,person
12,271,10.840,435.78,515.86,90.91,216.34,0.6768,person
18,271,10.840,806.63,503.77,75.72,205.78,0.7170,person
6,271,10.840,1329.09,493.75,62.30,198.08,0.5435,person
4,271,10.840,592.65,752.99,86.01,210.80,0.5852,person
16,271,10.840,949.28,357.11,61.38,169.64,0.5843,person
10,272,10.880,992.72,457.25,80.83,203.02,0.6844,person
11,272,10.880,1127.66,501.53,83.61,244.79,0.8058,person
12,272,10.880,436.67,516.51,90.15,215.80,0.6364,person
18,272,10.880,806.06,503.58,75.63,205.74,0.7053,person
6,272,10.880,1329.14,494.90,62.04,197.03,0.5473,person
4,272,10.880,593.12,752.44,86.05,211.27,0.5428,person
16,272,10.880,949.12,358.25,61.17,169.57,0.5723,person
10,273,10.920,994.28,456.11,80.82,202.54,0.6730,person
11,273,10.920,1128.95,503.22,84.61,247.88,0.8041,person
12,273,10.920,437.90,517.49,89.39,214.87,0.6810,person
18,273,10.920,805.38,502.55,75.83,206.33,0.7105,person
6,273,10.920,1328.78,494.97,62.13,197.06,0.5754,person
4,273,10.920,592.89,751.68,86.00,211.48,0.5699,person
16,273,10.920,949.31,359.17,61.59,171.09,0.5386,person
10,274,10.960,994.88,452.22,81.68,205.74,0.6954,person
11,274,10.960,1130.47,505.82,84.28,246.58,0.8064,person
12,274,10.960,438.42,518.83,89.37,215.74,0.6739,person
18,274,10.960,804.03,501.01,75.97,207.44,0.7196,person
6,274,10.960,1328.66,495.29,62.01,196.53,0.5614,person
4,274,10.960,592.73,749.05,86.93,214.69,0.5647,person
10,275,11.000,995.84,449.33,82.02,208.25,0.6839,person
11,275,11.000,1131.67,510.81,83.93,244.88,0.8277,person
12,275,11.000,438.72,518.63,89.91,217.82,0.7000,person
18,275,11.000,803.30,499.03,75.97,207.97,0.7265,person
6,275,11.000,1328.40,495.39,61.90,195.71,0.5537,person
4,275,11.000,592.67,748.40,87.39,216.64,0.5473,person
10,276,11.040,996.54,447.86,81.51,208.76,0.7049,person
11,276,11.040,1133.29,515.71,83.60,243.82,0.8169,person
12,276,11.040,439.37,519.23,88.71,215.68,0.7072,person
18,276,11.040,801.54,495.14,76.93,211.50,0.6942,person
6,276,11.040,1328.15,495.88,62.05,195.74,0.5199,person
4,276,11.040,593.78,749.51,86.27,214.60,0.5352,person
16,276,11.040,950.33,361.43,62.29,173.07,0.5246,person
10,277,11.080,997.39,446.17,81.78,210.90,0.7483,person
11,277,11.080,1133.87,519.77,84.54,247.18,0.8175,person
12,277,11.080,438.78,518.82,88.84,216.38,0.7316,person
18,277,11.080,801.29,493.80,76.71,211.46,0.7127,person
6,277,11.080,1327.96,496.08,62.34,195.83,0.5117,person
4,277,11.080,593.44,748.43,86.25,214.84,0.5475,person
10,278,11.120,998.38,445.13,81.76,212.24,0.7458,person
11,278,11.120,1133.63,523.24,85.16,249.53,0.8192,person
12,278,11.120,437.95,518.86,89.06,217.14,0.7188,person
18,278,11.120,801.18,491.65,76.67,211.91,0.7331,person
6,278,11.120,1327.81,496.04,62.62,196.45,0.5188,person
4,278,11.120,593.35,748.19,86.36,215.66,0.5664,person
16,278,11.120,949.68,364.02,63.12,174.09,0.5001,person
10,279,11.160,999.51,445.23,81.29,212.36,0.7311,person
11,279,11.160,1132.90,524.32,85.41,250.62,0.8202,person
12,279,11.160,436.68,520.89,89.25,217.99,0.6923,person
18,279,11.160,800.49,489.12,76.61,211.36,0.7156,person
6,279,11.160,1327.76,495.49,62.76,196.67,0.5028,person
4,279,11.160,593.13,749.93,85.43,213.33,0.5468,person
16,279,11.160,949.09,365.32,63.79,174.64,0.5218,person
10,280,11.200,1001.13,445.32,80.82,212.41,0.7042,person
11,280,11.200,1133.92,526.50,84.97,249.65,0.8145,person
12,280,11.200,435.95,524.28,89.35,217.81,0.7437,person
18,280,11.200,799.58,484.80,77.15,212.05,0.7164,person
6,280,11.200,1327.83,495.15,62.96,197.09,0.5288,person
4,280,11.200,592.69,751.44,85.02,212.35,0.5482,person
16,280,11.200,948.36,366.68,63.66,173.32,0.5449,person
10,281,11.240,1002.50,444.23,80.77,212.91,0.6868,person
11,281,11.240,1133.33,526.79,84.99,250.73,0.8181,person
12,281,11.240,434.09,527.02,90.00,219.18,0.7334,person
18,281,11.240,799.80,481.95,76.99,210.83,0.7180,person
6,281,11.240,1328.08,495.06,63.11,197.22,0.5391,person
4,281,11.240,592.66,751.50,85.21,213.14,0.5793,person
10,282,11.280,1004.01,442.68,80.91,213.92,0.6791,person
11,282,11.280,1134.19,527.47,84.28,249.36,0.8067,person
12,282,11.280,432.30,528.89,90.76,220.28,0.7585,person
18,282,11.280,800.70,484.38,73.88,200.27,0.6951,person
6,282,11.280,1328.56,495.30,63.14,197.27,0.5296,person
4,282,11.280,593.41,753.50,84.12,210.77,0.5247,person
10,283,11.320,1005.61,440.84,81.20,214.81,0.6708,person
11,283,11.320,1136.00,528.52,84.13,248.65,0.8088,person
12,283,11.320,430.71,531.38,91.52,220.58,0.7551,person
18,283,11.320,799.04,481.06,74.73,200.70,0.6722,person
6,283,11.320,1328.44,495.90,63.04,196.83,0.5339,person
4,283,11.320,593.14,753.04,84.05,210.79,0.5381,person
10,284,11.360,1007.65,438.75,81.08,214.21,0.6281,person
11,284,11.360,1137.29,529.22,83.73,247.19,0.8109,person
12,284,11.360,428.21,533.80,92.32,220.24,0.6696,person
18,284,11.360,797.42,479.10,75.73,201.47,0.6713,person
6,284,11.360,1328.31,496.70,62.92,196.08,0.5440,person
4,284,11.360,593.08,752.52,84.67,212.69,0.5424,person
10,285,11.400,1008.53,436.77,80.81,212.65,0.6117,person
11,285,11.400,1138.36,530.14,83.81,246.91,0.8249,person
12,285,11.400,424.43,538.03,91.33,217.21,0.6057,person
18,285,11.400,796.56,478.42,76.45,201.94,0.6520,person
6,285,11.400,1328.16,496.76,62.96,195.65,0.5630,person
4,285,11.400,593.28,753.06,83.95,210.88,0.5684,person
20,285,11.400,706.90,652.70,85.56,217.13,0.6481,person
10,286,11.440,1010.75,438.43,78.91,206.58,0.5712,person
11,286,11.440,1138.77,530.94,84.42,248.03,0.8408,person
12,286,11.440,421.33,540.68,91.64,216.97,0.6118,person
18,286,11.440,795.66,477.84,77.72,204.45,0.6435,person
6,286,11.440,1327.70,497.23,63.00,195.45,0.5566,person
4,286,11.440,594.01,752.89,83.87,211.08,0.5140,person
20,286,11.440,707.26,652.43,85.49,216.89,0.5990,person
16,286,11.440,947.84,376.72,62.84,170.91,0.5271,person
10,287,11.480,1012.72,435.62,78.39,204.17,0.5823,person
11,287,11.480,1139.14,533.13,84.88,249.02,0.8229,person
12,287,11.480,419.46,542.44,92.24,217.45,0.6316,person
18,287,11.480,795.20,477.63,78.65,206.33,0.6305,person
6,287,11.480,1327.54,496.98,63.27,196.06,0.5616,person
4,287,11.480,594.10,753.38,83.32,209.68,0.5056,person
20,287,11.480,709.40,653.70,83.49,211.63,0.5456,person
16,287,11.480,946.83,378.42,62.81,171.36,0.5441,person
10,288,11.520,1013.85,432.51,78.71,205.06,0.5982,person
11,288,11.520,1139.31,535.01,86.15,251.82,0.8169,person
12,288,11.520,418.10,543.33,92.96,219.73,0.6174,person
18,288,11.520,793.93,477.48,79.11,207.77,0.6786,person
6,288,11.520,1327.65,496.25,63.47,196.72,0.5543,person
4,288,11.520,594.56,754.67,83.13,209.11,0.5496,person
20,288,11.520,708.70,654.82,83.46,211.30,0.5668,person
16,288,11.520,945.01,379.04,63.47,173.76,0.6895,person
10,289,11.560,1016.13,430.94,79.00,205.14,0.6197,person
11,289,11.560,1139.99,540.31,85.88,249.68,0.8163,person
12,289,11.560,418.27,542.30,94.15,222.34,0.6618,person
18,289,11.560,793.01,475.79,79.89,210.14,0.6288,person
6,289,11.560,1327.91,496.67,63.42,196.30,0.5433,person
4,289,11.560,596.03,755.61,82.89,209.34,0.5131,person
20,289,11.560,707.81,655.73,86.13,218.09,0.5783,person
16,289,11.560,943.32,379.39,63.62,175.62,0.7035,person
10,290,11.600,1018.20,430.43,79.01,204.18,0.6366,person
11,290,11.600,1140.93,544.10,85.42,247.55,0.8091,person
12,290,11.600,417.59,543.07,93.55,221.93,0.6517,person
18,290,11.600,791.78,473.47,80.22,212.12,0.6240,person
6,290,11.600,1327.60,495.95,63.62,196.92,0.5595,person
20,290,11.600,707.61,656.15,87.19,220.95,0.5700,person
16,290,11.600,941.04,380.03,63.28,175.71,0.7134,person
10,291,11.640,1019.40,429.32,79.13,203.85,0.6511,person
11,291,11.640,1142.29,549.12,86.09,249.34,0.7904,person
12,291,11.640,418.64,544.25,92.87,220.34,0.6534,person
18,291,11.640,790.73,470.37,80.79,215.01,0.5927,person
6,291,11.640,1328.33,496.92,63.17,195.84,0.5532,person
20,291,11.640,707.14,656.01,88.43,224.61,0.5541,person
16,291,11.640,940.38,380.85,62.83,174.14,0.6935,person
10,292,11.680,1021.37,428.60,79.50,203.59,0.6456,person
11,292,11.680,1144.71,552.66,86.07,249.26,0.7740,person
12,292,11.680,419.53,544.16,92.22,219.69,0.6136,person
18,292,11.680,790.51,470.22,80.37,215.10,0.6172,person
6,292,11.680,1328.67,497.04,63.05,195.68,0.5447,person
20,292,11.680,707.81,656.52,88.07,224.35,0.5759,person
16,292,11.680,939.68,381.74,62.21,172.71,0.6969,person
10,293,11.720,1024.39,428.90,80.39,204.70,0.6282,person
11,293,11.720,1147.32,554.79,86.48,251.21,0.7811,person
12,293,11.720,421.50,541.68,92.89,222.05,0.6379,person
18,293,11.720,790.32,469.16,79.87,214.95,0.6270,person
6,293,11.720,1328.98,496.26,63.16,196.29,0.5273,person
20,293,11.720,708.19,657.27,87.16,222.87,0.6249,person
16,293,11.720,939.80,382.48,61.74,171.41,0.7071,person
10,294,11.760,1026.50,429.65,80.38,203.31,0.6256,person
11,294,11.760,1149.60,556.36,86.76,252.78,0.7854,person
12,294,11.760,422.03,542.14,92.25,220.42,0.5900,person
18,294,11.760,790.24,467.57,79.58,214.93,0.6438,person
6,294,11.760,1328.93,496.01,63.25,196.72,0.5238,person
20,294,11.760,708.82,657.96,86.56,222.26,0.6412,person
16,294,11.760,940.11,382.94,61.67,170.96,0.7205,person
4,294,11.760,593.60,756.03,83.42,209.72,0.5053,person
10,295,11.800,1028.04,429.58,80.62,202.69,0.5990,person
11,295,11.800,1151.04,558.51,86.46,252.14,0.7962,person
12,295,11.800,419.23,546.49,91.01,216.90,0.5664,person
18,295,11.800,790.19,466.54,77.88,210.08,0.6391,person
6,295,11.800,1328.84,496.47,63.05,196.13,0.5235,person
20,295,11.800,708.87,658.34,86.74,223.77,0.6307,person
16,295,11.800,939.59,383.40,62.09,172.03,0.7185,person
10,296,11.840,1029.48,428.74,81.12,203.52,0.6138,person
11,296,11.840,1152.34,559.07,86.59,252.06,0.8046,person
12,296,11.840,418.42,547.80,91.63,216.83,0.6024,person
18,296,11.840,790.09,466.16,76.05,204.52,0.6844,person
6,296,11.840,1329.02,496.46,63.00,195.92,0.5263,person
20,296,11.840,708.31,659.09,87.72,227.86,0.6793,person
16,296,11.840,939.18,384.10,62.95,174.56,0.6933,person
4,296,11.840,593.20,755.03,83.94,209.99,0.5063,person
10,297,11.880,1030.58,427.42,81.76,205.40,0.6475,person
11,297,11.880,1153.33,560.19,86.91,252.17,0.8140,person
12,297,11.880,418.12,550.38,91.23,216.07,0.6563,person
18,297,11.880,789.67,465.56,75.31,202.00,0.7042,person
6,297,11.880,1328.78,496.45,63.15,196.22,0.5198,person
20,297,11.880,707.91,658.99,88.54,231.91,0.6926,person
16,297,11.880,938.74,384.80,63.61,176.80,0.6784,person
10,298,11.920,1032.17,426.93,81.94,206.80,0.6234,person
11,298,11.920,1154.27,560.96,87.12,251.22,0.8170,person
12,298,11.920,418.31,551.95,91.65,217.56,0.6292,person
18,298,11.920,789.37,464.46,75.38,202.07,0.6605,person
20,298,11.920,708.13,658.62,88.97,235.25,0.6822,person
16,298,11.920,938.82,386.27,63.94,177.75,0.7004,person
10,299,11.960,1033.56,425.14,82.08,208.51,0.6195,person
11,299,11.960,1155.26,562.16,86.94,248.66,0.8387,person
12,299,11.960,417.08,552.72,92.33,221.72,0.6512,person
18,299,11.960,789.72,464.08,75.29,201.70,0.6291,person
20,299,11.960,708.55,658.43,88.58,235.63,0.6633,person
16,299,11.960,939.39,387.60,63.97,177.94,0.7246,person
10,300,12.000,1035.63,422.45,82.57,210.75,0.6267,person
11,300,12.000,1155.48,563.46,87.78,249.24,0.8446,person
12,300,12.000,418.02,554.91,92.73,225.06,0.6573,person
18,300,12.000,790.52,463.89,74.48,199.09,0.5961,person
20,300,12.000,709.30,657.91,88.39,236.68,0.6854,person
16,300,12.000,940.44,388.86,63.78,178.19,0.7303,person
4,300,12.000,595.12,756.32,82.49,205.44,0.5004,person
6,300,12.000,1329.00,496.02,63.58,197.41,0.5389,person
10,301,12.040,1038.98,420.84,81.85,209.50,0.5898,person
11,301,12.040,1155.58,565.04,89.15,251.27,0.8498,person
12,301,12.040,418.08,559.38,91.36,223.99,0.6557,person
18,301,12.040,791.54,465.80,74.02,197.15,0.5684,person
20,301,12.040,710.88,658.90,87.83,236.89,0.6747,person
16,301,12.040,940.38,389.60,63.91,179.39,0.6761,person
6,301,12.040,1329.14,496.38,63.40,196.72,0.5114,person
10,302,12.080,1041.89,419.28,81.78,209.38,0.6168,person
11,302,12.080,1156.09,568.01,90.89,254.79,0.8458,person
12,302,12.080,418.53,559.12,91.39,226.88,0.6598,person
18,302,12.080,792.22,466.56,73.44,194.81,0.6045,person
20,302,12.080,711.78,659.19,87.27,236.23,0.6753,person
16,302,12.080,940.57,391.08,64.08,181.28,0.6327,person
6,302,12.080,1329.19,496.57,63.30,196.36,0.5049,person
4,302,12.080,594.73,757.54,82.31,203.62,0.5180,person
10,303,12.120,1044.40,417.13,81.41,208.80,0.5912,person
11,303,12.120,1156.69,571.38,91.54,255.40,0.8400,person
12,303,12.120,417.77,561.17,90.26,226.83,0.6796,person
18,303,12.120,792.13,466.28,73.89,195.74,0.6155,person
20,303,12.120,712.34,658.97,86.93,236.24,0.6451,person
16,303,12.120,940.20,392.36,64.20,182.57,0.6063,person
4,303,12.120,594.16,756.66,83.42,205.81,0.5276,person
10,304,12.160,1047.56,416.17,80.28,206.32,0.5663,person
11,304,12.160,1157.76,576.10,90.86,251.74,0.8303,person
12,304,12.160,417.81,563.41,89.39,226.79,0.6531,person
18,304,12.160,791.46,463.58,74.21,196.77,0.6006,person
20,304,12.160,713.38,658.78,86.01,234.80,0.6457,person
16,304,12.160,940.05,394.35,63.45,180.74,0.6149,person
4,304,12.160,593.36,755.76,84.47,207.92,0.5447,person
10,305,12.200,1049.90,415.38,79.15,203.59,0.5860,person
11,305,12.200,1158.97,579.75,90.23,248.19,0.8356,person
12,305,12.200,418.77,564.35,88.75,227.06,0.6540,person
18,305,12.200,791.04,462.09,74.80,198.75,0.5815,person
20,305,12.200,714.72,658.82,84.92,232.44,0.6171,person
16,305,12.200,940.43,395.86,63.20,179.58,0.6686,person
4,305,12.200,593.60,756.20,84.86,208.52,0.5614,person
10,306,12.240,1051.10,413.53,78.66,202.58,0.5546,person
11,306,12.240,1159.34,582.95,90.89,249.33,0.8201,person
12,306,12.240,419.37,566.58,87.19,224.36,0.6448,person
18,306,12.240,790.39,460.98,75.19,200.55,0.5875,person
20,306,12.240,716.63,659.14,82.69,226.14,0.6093,person
16,306,12.240,941.25,396.98,62.58,177.52,0.6739,person
4,306,12.240,593.48,756.55,84.79,207.66,0.5910,person
10,307,12.280,1052.60,411.54,78.64,202.84,0.5522,person
11,307,12.280,1159.40,586.64,92.01,252.51,0.8277,person
12,307,12.280,418.54,564.93,87.20,225.37,0.6609,person
18,307,12.280,789.12,459.78,75.55,202.34,0.5679,person
20,307,12.280,717.75,660.08,81.59,223.21,0.6048,person
16,307,12.280,942.79,397.78,62.18,176.65,0.6418,person
4,307,12.280,593.76,756.89,84.70,207.02,0.6054,person
10,308,12.320,1053.34,410.56,78.75,203.89,0.5379,person
11,308,12.320,1158.84,590.24,92.66,254.53,0.8419,person
12,308,12.320,418.02,565.79,87.05,225.56,0.6511,person
18,308,12.320,787.49,457.69,76.03,204.27,0.5377,person
20,308,12.320,718.98,660.78,80.23,219.31,0.6067,person
16,308,12.320,944.49,398.82,61.64,176.19,0.6229,person
4,308,12.320,593.62,756.59,85.03,207.52,0.6112,person
10,309,12.360,1053.75,409.73,78.73,204.90,0.5754,person
11,309,12.360,1157.44,592.14,92.99,255.76,0.8433,person
12,309,12.360,417.11,566.31,86.84,224.96,0.6849,person
18,309,12.360,786.05,455.36,76.35,205.47,0.5873,person
20,309,12.360,718.32,661.13,80.61,220.67,0.6402,person
16,309,12.360,945.01,399.58,61.31,176.14,0.6054,person
4,309,12.360,593.32,756.34,85.19,207.60,0.5991,person
6,309,12.360,1329.08,497.81,62.60,194.74,0.5021,person
10,310,12.400,1055.05,409.37,78.32,204.72,0.5808,person
11,310,12.400,1156.41,594.04,92.87,255.45,0.8427,person
12,310,12.400,415.87,567.55,86.35,223.12,0.6508,person
18,310,12.400,785.35,454.16,76.25,205.56,0.5727,person
20,310,12.400,717.58,661.29,81.06,222.24,0.6031,person
16,310,12.400,945.76,401.34,60.71,174.77,0.5988,person
4,310,12.400,593.42,755.64,85.44,207.95,0.5964,person
6,310,12.400,1328.77,496.66,63.08,196.24,0.5002,person
10,311,12.440,1056.87,408.85,78.17,205.32,0.5606,person
11,311,12.440,1155.80,594.74,93.06,255.88,0.8529,person
12,311,12.440,414.13,566.97,86.63,223.29,0.6118,person
18,311,12.440,784.53,452.07,75.75,203.50,0.5237,person
20,311,12.440,717.11,661.35,81.36,223.40,0.6164,person
16,311,12.440,946.28,402.96,60.38,174.21,0.6395,person
4,311,12.440,593.82,755.23,85.66,208.49,0.6024,person
10,312,12.480,1057.77,407.83,78.70,207.70,0.5425,person
11,312,12.480,1156.13,595.20,93.14,256.03,0.8482,person
12,312,12.480,411.40,567.35,86.71,223.92,0.5925,person
18,312,12.480,783.09,448.09,75.97,204.06,0.5701,person
20,312,12.480,715.63,661.09,82.64,227.45,0.5985,person
16,312,12.480,946.38,404.22,61.31,177.01,0.6244,person
4,312,12.480,594.36,754.70,86.20,210.50,0.5647,person
10,313,12.520,1058.57,407.11,78.79,208.75,0.5219,person
11,313,12.520,1156.44,595.01,93.31,256.54,0.8364,person
12,313,12.520,410.13,566.89,87.41,225.37,0.5824,person
18,313,12.520,782.38,444.86,75.48,202.58,0.6031,person
20,313,12.520,715.80,660.94,83.34,230.51,0.6018,person
16,313,12.520,946.75,405.59,61.41,177.29,0.6250,person
4,313,12.520,594.52,754.42,86.07,210.42,0.5802,person
11,314,12.560,1156.93,595.14,93.22,256.27,0.8398,person
12,314,12.560,407.87,568.63,87.97,226.09,0.5886,person
18,314,12.560,781.66,441.84,75.09,201.12,0.5614,person
20,314,12.560,716.47,660.75,83.38,231.88,0.6098,person
16,314,12.560,946.00,406.86,61.90,178.34,0.6691,person
4,314,12.560,594.49,754.96,85.66,209.46,0.5825,person
11,315,12.600,1158.01,595.78,93.46,256.55,0.8435,person
12,315,12.600,405.43,570.44,90.11,229.63,0.6911,person
18,315,12.600,781.67,439.33,74.99,200.23,0.5334,person
20,315,12.600,716.81,660.96,83.09,232.15,0.6187,person
16,315,12.600,945.56,408.25,61.94,177.56,0.6620,person
4,315,12.600,594.03,754.33,85.71,209.55,0.5890,person
10,315,12.600,1060.61,404.88,79.06,209.55,0.5304,person
11,316,12.640,1158.67,596.75,93.95,257.41,0.8506,person
12,316,12.640,403.35,570.79,92.60,233.90,0.7079,person
20,316,12.640,717.94,660.30,81.11,227.57,0.6255,person
16,316,12.640,944.84,409.76,61.56,176.26,0.6547,person
4,316,12.640,594.30,753.65,85.50,209.02,0.5595,person
10,316,12.640,1061.66,404.83,79.05,209.49,0.5536,person
11,317,12.680,1158.53,597.68,95.59,261.93,0.8562,person
12,317,12.680,401.23,578.46,92.29,230.29,0.5978,person
20,317,12.680,719.14,660.03,80.65,227.91,0.6010,person
16,317,12.680,944.29,410.83,62.01,177.57,0.6533,person
4,317,12.680,594.71,755.09,84.73,206.80,0.5246,person
10,317,12.680,1062.28,403.02,79.15,209.67,0.5732,person
21,317,12.680,17.44,601.00,100.98,216.82,0.6383,person
11,318,12.720,1158.50,600.62,97.37,267.56,0.8512,person
20,318,12.720,720.55,660.11,79.38,225.65,0.6086,person
16,318,12.720,943.68,412.10,63.08,181.08,0.6194,person
10,318,12.720,1062.61,401.55,79.09,209.54,0.5269,person
21,318,12.720,19.44,599.55,102.00,219.01,0.6465,person
11,319,12.760,1159.03,605.85,96.73,265.86,0.8480,person
20,319,12.760,720.74,660.43,79.23,226.35,0.5996,person
16,319,12.760,942.85,414.23,62.95,180.91,0.5749,person
10,319,12.760,1062.61,399.87,78.93,209.13,0.5367,person
21,319,12.760,22.29,598.38,101.81,218.76,0.6724,person
11,320,12.800,1158.68,611.10,95.97,264.10,0.8357,person
20,320,12.800,720.78,660.39,79.82,229.59,0.5836,person
16,320,12.800,942.36,414.93,62.91,180.81,0.6151,person
10,320,12.800,1063.52,398.29,78.24,206.76,0.5290,person
21,320,12.800,26.70,597.79,100.52,216.48,0.6735,person
12,320,12.800,399.48,581.31,92.50,226.71,0.5089,person
11,321,12.840,1159.28,616.97,95.20,261.92,0.8178,person
20,321,12.840,720.41,660.25,80.26,232.02,0.5918,person
16,321,12.840,942.55,415.39,62.84,181.12,0.6705,person
10,321,12.840,1064.07,396.08,77.88,205.35,0.5429,person
21,321,12.840,30.31,597.98,98.34,212.19,0.6384,person
12,321,12.840,397.13,581.60,95.17,231.69,0.5783,person
6,321,12.840,1320.04,482.45,70.59,216.50,0.5200,person
11,322,12.880,1160.46,620.83,95.22,262.05,0.8193,person
20,322,12.880,719.44,659.97,80.33,232.59,0.6062,person
16,322,12.880,943.25,416.43,62.42,179.91,0.6447,person
10,322,12.880,1065.37,394.78,77.64,204.13,0.5683,person
21,322,12.880,33.41,595.20,99.67,215.78,0.6139,person
12,322,12.880,394.55,581.94,96.33,233.28,0.5553,person
22,322,12.880,1765.78,274.09,55.12,179.67,0.5684,person
6,322,12.880,1319.62,481.49,71.47,217.64,0.5328,person
4,322,12.880,593.76,756.35,85.55,208.49,0.5138,person
11,323,12.920,1160.84,623.07,96.36,266.10,0.8274,person
20,323,12.920,720.35,660.68,80.78,234.34,0.5966,person
16,323,12.920,943.53,417.01,62.41,179.47,0.6444,person
10,323,12.920,1065.44,393.52,77.79,204.32,0.5686,person
21,323,12.920,36.04,593.98,100.63,218.64,0.6762,person
12,323,12.920,392.41,582.86,96.69,233.81,0.5671,person
22,323,12.920,1766.04,274.24,54.92,178.99,0.5105,person
6,323,12.920,1319.11,481.01,72.14,218.33,0.5093,person
4,323,12.920,593.87,755.54,85.96,209.72,0.5242,person
11,324,12.960,1162.47,625.96,96.25,266.18,0.8160,person
20,324,12.960,722.11,661.06,79.51,232.07,0.5938,person
16,324,12.960,944.57,418.75,61.74,177.38,0.6258,person
10,324,12.960,1066.20,392.89,77.77,203.50,0.5773,person
21,324,12.960,39.53,592.58,100.25,218.58,0.6452,person
12,324,12.960,391.01,581.86,97.89,234.99,0.5710,person
11,325,13.000,1163.72,627.75,95.88,265.91,0.8074,person
20,325,13.000,725.05,661.65,77.93,229.99,0.5653,person
16,325,13.000,945.17,420.51,61.75,176.30,0.6582,person
10,325,13.000,1065.84,391.41,78.35,204.51,0.6061,person
21,325,13.000,40.72,590.57,100.22,219.30,0.6723,person
12,325,13.000,392.04,584.74,96.88,231.18,0.5154,person
11,326,13.040,1165.85,629.83,95.14,264.71,0.8456,person
20,326,13.040,726.13,662.33,78.33,233.43,0.6159,person
16,326,13.040,944.67,422.11,62.07,177.13,0.7067,person
10,326,13.040,1066.66,390.51,78.41,204.28,0.6366,person
21,326,13.040,42.21,587.07,101.45,223.47,0.6750,person
12,326,13.040,394.34,587.22,96.44,229.25,0.5478,person
11,327,13.080,1166.75,631.11,94.58,263.90,0.8417,person
20,327,13.080,726.58,662.66,78.19,235.03,0.6122,person
16,327,13.080,944.60,423.40,62.43,178.18,0.7432,person
10,327,13.080,1067.19,388.29,79.10,205.88,0.6359,person
21,327,13.080,45.54,585.16,99.34,220.38,0.6334,person
12,327,13.080,394.13,589.17,96.75,228.64,0.5496,person
11,328,13.120,1167.80,632.11,93.99,262.94,0.8204,person
20,328,13.120,728.20,662.89,77.34,234.88,0.6065,person
16,328,13.120,945.27,424.11,63.05,180.29,0.7433,person
10,328,13.120,1068.27,388.32,79.40,206.02,0.5964,person
21,328,13.120,50.52,584.40,97.29,217.24,0.6416,person
12,328,13.120,392.03,590.67,97.34,228.02,0.6185,person
11,329,13.160,1167.67,632.64,93.96,262.78,0.8077,person
20,329,13.160,729.92,662.61,76.34,234.54,0.6160,person
16,329,13.160,944.92,425.18,63.52,182.21,0.7729,person
10,329,13.160,1068.74,388.03,79.58,206.14,0.6016,person
21,329,13.160,51.47,583.26,95.30,215.14,0.6382,person
12,329,13.160,391.87,593.40,97.44,227.11,0.6591,person
11,330,13.200,1167.43,633.36,93.88,262.34,0.8286,person
20,330,13.200,731.37,662.60,75.38,234.43,0.6406,person
16,330,13.200,944.26,425.77,64.38,184.63,0.8050,person
10,330,13.200,1069.12,387.63,80.00,206.83,0.6596,person
21,330,13.200,53.10,584.40,94.98,217.00,0.6228,person
12,330,13.200,391.42,592.48,98.93,231.11,0.6560,person
11,331,13.240,1166.72,635.01,94.35,263.15,0.8327,person
20,331,13.240,733.07,662.84,74.19,234.06,0.6323,person
16,331,13.240,944.76,426.68,64.36,184.89,0.7724,person
10,331,13.240,1069.79,387.34,80.03,206.47,0.6077,person
21,331,13.240,60.17,581.82,95.18,215.33,0.5999,person
12,331,13.240,391.52,592.20,100.08,235.12,0.6845,person
4,331,13.240,593.59,752.45,86.39,210.92,0.5229,person
11,332,13.280,1165.91,637.81,95.55,266.30,0.8343,person
20,332,13.280,734.50,662.73,72.59,232.11,0.6277,person
16,332,13.280,945.24,427.33,64.43,185.84,0.7737,person
10,332,13.280,1071.15,387.20,79.01,203.86,0.5693,person
21,332,13.280,62.85,576.83,96.84,217.49,0.5544,person
12,332,13.280,391.74,592.45,100.04,237.01,0.6676,person
11,333,13.320,1165.74,640.83,96.27,267.70,0.8305,person
20,333,13.320,735.66,662.58,72.12,233.83,0.6158,person
16,333,13.320,946.03,428.51,64.44,186.29,0.7728,person
10,333,13.320,1072.60,386.53,77.86,200.86,0.5901,person
21,333,13.320,63.09,575.70,96.92,217.93,0.5462,person
12,333,13.320,392.72,597.61,97.92,233.99,0.6441,person
4,333,13.320,593.03,751.30,86.51,211.09,0.5268,person
11,334,13.360,1166.39,644.93,96.46,267.58,0.8221,person
20,334,13.360,736.91,662.68,71.18,234.11,0.6377,person
16,334,13.360,947.41,429.25,64.35,186.82,0.7379,person
10,334,13.360,1074.07,385.06,77.45,199.75,0.5677,person
21,334,13.360,62.45,577.74,95.00,216.31,0.5335,person
12,334,13.360,393.70,598.17,97.34,234.87,0.6180,person
4,334,13.360,593.80,748.84,85.91,212.42,0.5826,person
6,334,13.360,1322.28,479.02,72.20,217.37,0.5089,person
11,335,13.400,1167.10,648.92,96.34,266.31,0.8150,person
20,335,13.400,738.37,662.57,70.10,233.94,0.6394,person
16,335,13.400,949.07,429.78,64.35,187.41,0.7135,person
10,335,13.400,1074.91,382.67,77.63,200.54,0.5108,person
12,335,13.400,394.52,601.41,96.42,234.72,0.6321,person
4,335,13.400,594.52,747.17,85.33,213.27,0.6051,person
11,336,13.440,1166.77,653.33,96.43,265.91,0.8187,person
20,336,13.440,740.17,665.18,68.41,229.26,0.6461,person
16,336,13.440,950.50,430.87,63.71,186.58,0.6898,person
10,336,13.440,1076.47,380.20,76.86,199.52,0.5240,person
12,336,13.440,395.40,607.20,94.95,232.62,0.6361,person
4,336,13.440,595.48,750.59,82.95,208.65,0.5089,person
11,337,13.480,1165.76,657.67,96.99,266.95,0.8199,person
20,337,13.480,741.25,666.62,67.67,227.41,0.6406,person
16,337,13.480,951.53,432.13,62.88,185.44,0.6087,person
10,337,13.480,1078.19,378.76,75.43,196.43,0.5543,person
12,337,13.480,395.53,609.77,95.16,234.96,0.6078,person
4,337,13.480,595.29,753.26,82.91,207.56,0.5031,person
23,337,13.480,1.43,551.18,55.49,238.58,0.6335,person
21,337,13.480,71.80,570.13,95.70,220.70,0.5842,person
11,338,13.520,1163.73,660.99,98.19,270.73,0.8130,person
20,338,13.520,742.29,668.39,66.96,225.42,0.6554,person
16,338,13.520,952.83,433.52,62.21,184.66,0.6545,person
10,338,13.520,1078.83,377.94,74.41,194.07,0.5776,person
12,338,13.520,395.06,611.56,95.25,237.06,0.6820,person
23,338,13.520,2.15,550.40,54.56,234.22,0.5961,person
21,338,13.520,74.99,565.40,96.42,224.16,0.5859,person
11,339,13.560,1163.02,663.82,99.06,274.15,0.8206,person
20,339,13.560,743.98,669.52,66.50,223.98,0.6482,person
16,339,13.560,953.87,434.65,61.61,183.64,0.6699,person
10,339,13.560,1078.82,376.18,75.09,195.20,0.5514,person
12,339,13.560,395.63,613.36,93.60,233.94,0.6168,person
23,339,13.560,3.13,550.67,54.00,231.04,0.5620,person
21,339,13.560,77.04,559.09,97.73,230.17,0.5682,person
24,339,13.560,994.06,167.69,59.15,180.12,0.6187,person
4,339,13.560,595.65,750.69,82.87,209.09,0.5437,person
11,340,13.600,1162.52,667.09,98.65,273.79,0.8189,person
20,340,13.600,744.49,669.83,66.52,224.02,0.5846,person
16,340,13.600,954.92,436.09,60.94,181.38,0.6652,person
10,340,13.600,1079.85,375.91,74.49,194.32,0.5606,person
12,340,13.600,396.17,614.94,92.04,230.55,0.6068,person
23,340,13.600,4.23,551.47,53.83,228.95,0.5822,person
21,340,13.600,80.52,560.99,96.30,228.53,0.6432,person
24,340,13.600,993.99,170.30,58.64,178.46,0.5843,person
11,341,13.640,1162.11,669.67,97.94,272.40,0.8290,person
20,341,13.640,744.31,668.61,67.04,227.17,0.5921,person
16,341,13.640,954.86,436.70,61.36,183.27,0.6735,person
10,341,13.640,1078.98,374.18,74.97,196.36,0.5652,person
12,341,13.640,396.55,616.98,90.78,227.63,0.6531,person
23,341,13.640,5.18,553.34,53.97,227.39,0.5866,person
21,341,13.640,83.50,564.46,94.15,224.41,0.6709,person
24,341,13.640,994.83,173.22,58.25,177.11,0.5769,person
6,341,13.640,1329.70,478.50,71.01,216.29,0.5208,person
4,341,13.640,596.25,750.76,82.36,209.38,0.5591,person
11,342,13.680,1161.91,671.76,97.26,270.90,0.8378,person
20,342,13.680,745.53,668.81,66.50,227.65,0.6079,person
16,342,13.680,954.90,436.80,61.81,185.24,0.6450,person
10,342,13.680,1079.14,372.87,75.52,198.94,0.5182,person
12,342,13.680,396.47,617.38,90.24,226.05,0.6778,person
23,342,13.680,8.18,551.06,55.50,229.77,0.5802,person
21,342,13.680,84.06,566.21,93.43,222.20,0.6756,person
24,342,13.680,995.30,174.77,58.53,177.83,0.5568,person
4,342,13.680,596.63,752.45,82.75,209.22,0.5179,person
11,343,13.720,1161.32,673.21,96.55,269.27,0.8390,person
20,343,13.720,746.38,669.29,65.66,227.01,0.6026,person
16,343,13.720,954.69,440.14,61.32,183.38,0.6588,person
10,343,13.720,1078.91,372.32,75.41,199.58,0.5195,person
12,343,13.720,395.51,616.81,91.32,228.58,0.6959,person
23,343,13.720,9.39,551.47,56.46,229.04,0.5720,person
21,343,13.720,85.64,566.85,93.20,220.31,0.7371,person
24,343,13.720,996.19,175.36,58.47,177.42,0.5436,person
4,343,13.720,596.41,753.24,82.93,209.01,0.5144,person
11,344,13.760,1161.00,674.27,96.30,268.24,0.8433,person
20,344,13.760,747.65,670.39,64.45,224.60,0.6205,person
16,344,13.760,954.14,443.83,61.05,181.49,0.6816,person
10,344,13.760,1079.33,373.06,74.93,198.86,0.5473,person
12,344,13.760,395.11,617.28,91.43,228.88,0.6614,person
23,344,13.760,9.73,551.65,57.67,228.73,0.5439,person
21,344,13.760,89.76,563.92,94.06,223.85,0.7536,person
24,344,13.760,996.82,176.27,58.38,176.75,0.5472,person
4,344,13.760,595.55,753.49,83.19,209.02,0.5264,person
11,345,13.800,1160.67,674.78,96.21,267.51,0.8565,person
20,345,13.800,748.17,669.60,64.11,225.05,0.6522,person
16,345,13.800,953.30,446.45,61.41,181.75,0.6907,person
10,345,13.800,1079.99,372.68,74.41,198.29,0.5502,person
12,345,13.800,395.02,618.97,91.21,228.19,0.6609,person
21,345,13.800,95.67,562.15,93.66,224.45,0.7686,person
24,345,13.800,996.45,176.86,59.51,179.51,0.5703,person
11,346,13.840,1160.37,675.75,96.48,267.38,0.8599,person
20,346,13.840,748.48,669.60,63.79,225.54,0.6402,person
16,346,13.840,953.44,447.55,61.52,181.35,0.6886,person
10,346,13.840,1080.41,372.21,74.75,200.30,0.5971,person
12,346,13.840,394.19,618.77,92.00,230.07,0.6806,person
21,346,13.840,100.46,559.64,93.61,225.91,0.7591,person
24,346,13.840,996.82,177.83,59.96,180.28,0.5478,person
11,347,13.880,1159.66,677.69,97.64,269.45,0.8706,person
20,347,13.880,749.26,669.40,63.20,225.10,0.6633,person
16,347,13.880,952.67,448.60,62.43,183.93,0.6784,person
10,347,13.880,1080.82,371.81,74.51,200.91,0.5885,person
12,347,13.880,392.48,617.14,93.83,234.92,0.7169,person
21,347,13.880,104.43,556.87,93.54,226.50,0.6982,person
24,347,13.880,997.49,179.49,59.75,179.05,0.5408,person
23,347,13.880,10.40,549.22,57.45,220.71,0.5046,person
4,347,13.880,594.44,752.99,83.86,210.08,0.5222,person
11,348,13.920,1158.54,680.55,99.02,272.52,0.8713,person
20,348,13.920,750.61,671.57,62.07,222.40,0.6223,person
16,348,13.920,952.34,450.11,62.96,185.27,0.6500,person
10,348,13.920,1080.82,371.53,73.94,200.13,0.5936,person
12,348,13.920,390.04,618.38,95.64,239.48,0.6892,person
21,348,13.920,107.16,554.64,92.77,224.72,0.6714,person
4,348,13.920,595.04,753.27,84.29,211.04,0.5485,person
11,349,13.960,1157.89,684.11,100.42,275.83,0.8664,person
20,349,13.960,751.52,671.53,61.39,222.10,0.6405,person
16,349,13.960,952.03,450.74,63.36,186.61,0.6723,person
10,349,13.960,1081.75,370.61,73.73,200.33,0.5582,person
12,349,13.960,388.01,623.81,96.09,240.10,0.6564,person
21,349,13.960,109.04,552.78,92.10,223.05,0.6336,person
4,349,13.960,595.26,753.35,84.38,211.50,0.5661,person
11,350,14.000,1158.18,688.53,100.54,275.94,0.8607,person
20,350,14.000,752.35,670.94,60.61,221.62,0.6422,person
16,350,14.000,952.06,451.13,63.14,185.92,0.6811,person
10,350,14.000,1082.97,369.12,73.47,199.34,0.5665,person
12,350,14.000,385.64,629.67,97.08,241.09,0.7450,person
21,350,14.000,110.50,551.33,90.87,220.09,0.6591,person
4,350,14.000,595.40,753.53,83.89,210.64,0.5403,person
23,350,14.000,11.92,546.67,59.09,216.83,0.5054,person
11,351,14.040,1158.18,693.27,100.24,275.39,0.8691,person
20,351,14.040,752.95,670.35,60.29,222.98,0.5729,person
16,351,14.040,952.79,452.20,62.29,183.31,0.6541,person
10,351,14.040,1083.71,368.10,73.75,199.50,0.5106,person
12,351,14.040,382.74,634.64,97.88,240.50,0.7311,person
21,351,14.040,112.39,549.23,90.45,219.37,0.6626,person
4,351,14.040,595.60,751.75,83.09,210.45,0.5229,person
11,352,14.080,1158.27,698.49,99.98,275.24,0.8618,person
20,352,14.080,753.41,669.83,59.70,222.61,0.6074,person
16,352,14.080,953.25,453.15,62.21,183.20,0.6928,person
10,352,14.080,1084.22,367.76,73.56,198.61,0.5056,person
12,352,14.080,380.57,635.43,99.08,241.29,0.7192,person
21,352,14.080,113.86,547.87,89.71,217.68,0.6599,person
4,352,14.080,594.81,752.64,83.44,211.02,0.5350,person
11,353,14.120,1158.65,703.67,99.62,274.75,0.8539,person
20,353,14.120,753.62,669.59,59.44,223.55,0.5848,person
16,353,14.120,953.38,454.19,61.89,182.68,0.6959,person
12,353,14.120,377.93,637.42,99.90,240.39,0.7413,person
21,353,14.120,114.82,546.56,90.32,219.32,0.6548,person
4,353,14.120,594.46,752.91,83.39,210.67,0.5432,person
11,354,14.160,1158.58,706.90,100.76,278.94,0.8466,person
20,354,14.160,753.96,668.95,59.10,223.88,0.5829,person
16,354,14.160,954.65,455.61,61.41,181.38,0.6581,person
12,354,14.160,375.66,638.31,101.05,241.38,0.7458,person
21,354,14.160,116.08,545.55,90.20,218.99,0.6725,person
4,354,14.160,594.78,751.84,82.53,209.97,0.5422,person
11,355,14.200,1159.15,710.49,101.09,280.90,0.8377,person
20,355,14.200,754.01,669.41,58.93,224.68,0.5950,person
16,355,14.200,954.98,457.14,61.30,181.09,0.6333,person
12,355,14.200,373.89,640.76,101.42,239.96,0.7317,person
21,355,14.200,117.18,543.61,90.07,218.19,0.6646,person
4,355,14.200,595.32,751.31,81.78,209.25,0.5161,person
23,355,14.200,15.50,544.67,62.04,212.38,0.5055,person
11,356,14.240,1160.43,713.34,100.65,280.52,0.8354,person
20,356,14.240,753.98,668.59,58.80,225.61,0.6153,person
16,356,14.240,955.98,458.79,61.48,181.48,0.6970,person
12,356,14.240,372.70,644.83,100.75,235.77,0.7122,person
21,356,14.240,118.11,542.48,90.46,219.14,0.6864,person
4,356,14.240,595.18,752.54,82.45,210.56,0.5217,person
23,356,14.240,13.47,541.15,65.86,215.00,0.5252,person
10,356,14.240,1086.74,371.78,67.27,178.82,0.5156,person
11,357,14.280,1161.66,715.37,99.78,278.53,0.8222,person
20,357,14.280,754.72,668.52,58.03,224.17,0.6000,person
16,357,14.280,956.28,460.37,61.86,182.49,0.6676,person
12,357,14.280,371.42,645.22,101.67,235.57,0.7321,person
21,357,14.280,119.58,541.77,91.10,220.56,0.6896,person
4,357,14.280,595.26,751.69,81.93,210.17,0.5336,person
23,357,14.280,12.12,532.14,70.87,223.92,0.5383,person
11,358,14.320,1162.82,716.47,99.08,277.14,0.8115,person
20,358,14.320,755.17,667.29,57.95,225.46,0.5735,person
16,358,14.320,956.96,462.11,62.38,183.73,0.6535,person
12,358,14.320,369.81,646.10,102.26,234.66,0.7419,person
21,358,14.320,122.11,540.92,91.48,222.02,0.6677,person
4,358,14.320,595.18,751.26,81.69,210.25,0.5609,person
23,358,14.320,11.99,525.01,74.96,230.73,0.5597,person
10,358,14.320,1087.39,372.90,66.83,174.47,0.5053,person
11,359,14.360,1163.96,717.18,98.48,275.84,0.7997,person
20,359,14.360,755.09,666.14,57.47,225.58,0.5654,person
16,359,14.360,957.03,462.85,63.07,185.61,0.6523,person
12,359,14.360,367.84,648.11,102.43,232.54,0.7213,person
21,359,14.360,124.60,540.32,91.64,223.34,0.6889,person
4,359,14.360,594.71,752.39,82.07,210.48,0.5365,person
23,359,14.360,15.61,522.23,76.97,233.56,0.5238,person
10,359,14.360,1086.85,372.08,67.94,174.71,0.5274,person
11,360,14.400,1164.78,719.51,97.53,272.47,0.8176,person
20,360,14.400,755.24,665.04,57.45,227.77,0.5760,person
16,360,14.400,957.94,465.36,62.54,183.73,0.6602,person
12,360,14.400,366.47,649.01,102.75,231.32,0.6957,person
21,360,14.400,125.90,538.04,92.61,227.04,0.6511,person
4,360,14.400,595.58,751.97,81.48,209.41,0.5799,person
10,360,14.400,1086.11,369.39,69.68,177.56,0.5217,person
11,361,14.440,1164.57,720.14,97.72,272.57,0.8308,person
20,361,14.440,755.07,663.40,57.20,228.99,0.5607,person
16,361,14.440,958.52,466.76,63.10,185.49,0.6277,person
12,361,14.440,365.95,650.30,102.30,229.05,0.6535,person
21,361,14.440,128.74,535.83,92.58,226.94,0.5568,person
4,361,14.440,596.07,752.32,81.05,208.83,0.5552,person
11,362,14.480,1164.16,721.84,99.11,276.03,0.8452,person
20,362,14.480,755.22,666.32,56.58,226.91,0.5443,person
16,362,14.480,959.02,468.36,63.78,187.78,0.7056,person
12,362,14.480,365.03,651.14,102.12,227.93,0.6319,person
21,362,14.480,132.26,533.90,91.54,224.39,0.6710,person
4,362,14.480,594.94,753.16,81.98,210.61,0.5287,person
11,363,14.520,1164.31,724.22,100.89,281.31,0.8277,person
20,363,14.520,753.44,666.59,56.86,227.29,0.5270,person
16,363,14.520,960.36,469.98,63.89,188.22,0.7209,person
12,363,14.520,365.36,652.26,101.59,226.33,0.6179,person
21,363,14.520,135.72,533.38,89.43,220.46,0.6699,person
4,363,14.520,594.51,753.20,82.45,211.07,0.5110,person
11,364,14.560,1165.10,728.08,101.49,283.35,0.8244,person
20,364,14.560,752.64,666.76,57.22,227.65,0.5147,person
16,364,14.560,961.96,470.56,63.71,188.54,0.7034,person
12,364,14.560,364.29,651.96,103.03,230.60,0.6518,person
21,364,14.560,138.17,532.61,87.45,216.47,0.6639,person
4,364,14.560,594.30,753.19,82.75,211.22,0.5165,person
11,365,14.600,1166.17,733.18,100.99,281.80,0.8238,person
20,365,14.600,751.41,666.05,57.25,226.94,0.5192,person
16,365,14.600,963.35,471.97,62.89,186.92,0.7031,person
12,365,14.600,365.06,653.91,102.68,231.49,0.6515,person
21,365,14.600,139.77,531.34,86.34,214.81,0.6274,person
4,365,14.600,594.42,753.20,82.71,210.59,0.5065,person
11,366,14.640,1167.63,737.62,101.46,283.36,0.8268,person
20,366,14.640,750.56,665.47,57.52,227.07,0.5353,person
16,366,14.640,964.25,472.68,62.34,186.29,0.7147,person
12,366,14.640,364.83,656.63,102.41,233.47,0.6656,person
21,366,14.640,141.65,529.09,85.87,214.91,0.6020,person
4,366,14.640,594.24,753.12,82.95,210.97,0.5122,person
11,367,14.680,1167.84,743.88,100.91,282.10,0.8234,person
20,367,14.680,749.83,664.56,57.06,223.59,0.5436,person
16,367,14.680,965.06,473.67,61.63,185.09,0.7306,person
12,367,14.680,363.88,658.43,102.40,236.96,0.7128,person
21,367,14.680,144.34,527.60,85.17,214.51,0.5928,person
4,367,14.680,594.11,753.03,83.03,210.84,0.5176,person
10,367,14.680,1090.46,368.45,69.76,175.20,0.5367,person
11,368,14.720,1167.37,749.05,102.05,286.36,0.8127,person
20,368,14.720,750.57,665.02,56.91,222.21,0.5887,person
16,368,14.720,966.18,474.72,60.82,183.37,0.6999,person
12,368,14.720,363.89,660.75,100.85,237.11,0.7144,person
21,368,14.720,147.46,526.88,85.20,215.86,0.6405,person
4,368,14.720,594.11,752.85,83.15,210.79,0.5304,person
10,368,14.720,1090.47,366.92,70.31,174.33,0.5328,person
11,369,14.760,1166.74,752.56,102.32,287.93,0.8302,person
20,369,14.760,749.29,660.38,59.32,232.57,0.5955,person
16,369,14.760,965.94,475.04,60.83,184.77,0.6982,person
12,369,14.760,364.25,663.01,98.95,235.94,0.6787,person
21,369,14.760,148.87,526.16,84.11,214.96,0.6162,person
4,369,14.760,593.73,752.70,83.70,211.70,0.5389,person
10,369,14.760,1090.39,366.17,70.13,171.82,0.5187,person
23,369,14.760,33.90,510.20,76.20,229.81,0.5137,person
11,370,14.800,1165.61,755.64,101.91,287.86,0.8282,person
20,370,14.800,749.07,658.88,59.81,235.72,0.5772,person
16,370,14.800,966.60,476.77,60.86,185.54,0.6879,person
12,370,14.800,364.48,664.89,97.45,235.20,0.6646,person
21,370,14.800,150.31,525.96,83.43,214.59,0.6210,person
4,370,14.800,593.58,752.98,83.96,211.95,0.5229,person
10,370,14.800,1089.13,361.10,71.31,173.18,0.5504,person
11,371,14.840,1165.31,757.58,101.32,287.52,0.8293,person
20,371,14.840,748.38,657.92,60.05,238.03,0.5658,person
16,371,14.840,966.51,477.90,61.69,189.01,0.6678,person
12,371,14.840,365.16,666.79,95.50,232.88,0.6442,person
21,371,14.840,152.23,524.78,83.64,216.62,0.6149,person
4,371,14.840,593.21,752.76,84.32,212.55,0.5215,person
10,371,14.840,1089.22,357.84,71.55,173.17,0.6097,person
24,371,14.840,988.75,195.59,63.92,186.07,0.5056,person
23,371,14.840,36.89,507.73,75.87,223.17,0.5353,person
11,372,14.880,1165.73,758.77,100.29,285.53,0.8294,person
20,372,14.880,748.70,657.46,60.24,239.85,0.5511,person
16,372,14.880,966.24,479.54,62.11,190.87,0.6449,person
12,372,14.880,365.31,665.15,93.91,230.89,0.6051,person
21,372,14.880,153.86,524.75,83.31,215.82,0.6326,person
10,372,14.880,1088.34,355.20,72.32,174.45,0.5980,person
24,372,14.880,988.92,196.64,64.14,183.25,0.5108,person
11,373,14.920,1166.69,759.03,100.02,284.80,0.8354,person
20,373,14.920,751.16,660.44,58.45,233.42,0.5629,person
16,373,14.920,966.53,481.07,61.38,189.06,0.6229,person
12,373,14.920,365.51,666.43,92.08,227.90,0.6082,person
21,373,14.920,155.21,524.66,82.77,215.08,0.6215,person
10,373,14.920,1087.31,350.66,73.76,178.10,0.6249,person
24,373,14.920,989.01,197.01,64.90,183.95,0.5490,person
4,373,14.920,593.28,753.16,84.45,212.87,0.5040,person
11,374,14.960,1168.04,759.96,99.41,283.20,0.8329,person
20,374,14.960,750.89,658.08,58.66,235.59,0.5700,person
16,374,14.960,967.04,481.53,61.36,189.39,0.6271,person
12,374,14.960,365.51,670.98,89.95,223.25,0.6449,person
21,374,14.960,157.11,523.96,81.34,213.53,0.5466,person
10,374,14.960,1086.52,346.94,74.86,181.91,0.6009,person
24,374,14.960,988.96,197.20,65.34,184.40,0.5489,person
4,374,14.960,593.99,753.36,83.80,211.08,0.5286,person
11,375,15.000,1169.70,761.46,99.27,282.13,0.8524,person
20,375,15.000,751.28,657.38,58.23,235.19,0.5861,person
16,375,15.000,967.32,483.57,61.07,188.50,0.6387,person
12,375,15.000,364.66,673.72,90.05,223.90,0.6431,person
21,375,15.000,158.49,523.12,79.80,211.98,0.5343,person
10,375,15.000,1086.36,345.07,74.68,182.86,0.5975,person
24,375,15.000,988.68,196.73,65.64,184.73,0.5564,person
4,375,15.000,593.66,753.48,83.91,210.79,0.5457,person
11,376,15.040,1171.55,764.06,98.98,279.87,0.8668,person
20,376,15.040,750.53,656.58,58.26,236.55,0.5783,person
16,376,15.040,967.76,485.04,61.10,188.33,0.6432,person
12,376,15.040,362.80,673.77,90.02,223.26,0.6638,person
21,376,15.040,159.75,521.75,79.54,214.69,0.6008,person
10,376,15.040,1086.19,344.01,74.17,183.11,0.5831,person
24,376,15.040,987.92,196.01,66.14,185.71,0.5804,person
4,376,15.040,593.24,753.55,83.95,210.26,0.5513,person
23,376,15.040,40.89,502.33,77.07,220.95,0.5514,person
11,377,15.080,1171.76,766.34,100.20,282.74,0.8661,person
20,377,15.080,750.84,656.01,58.37,238.06,0.5917,person
16,377,15.080,967.93,488.13,61.18,188.26,0.6592,person
12,377,15.080,359.85,673.39,90.42,223.15,0.7077,person
21,377,15.080,161.48,520.22,78.85,216.64,0.6289,person
10,377,15.080,1086.39,342.76,73.17,183.18,0.5547,person
24,377,15.080,987.70,196.86,66.46,185.91,0.5432,person
4,377,15.080,593.08,753.27,84.27,210.68,0.5629,person
23,377,15.080,41.72,501.97,78.37,221.02,0.5049,person
11,378,15.120,1172.69,769.19,101.35,285.75,0.8511,person
20,378,15.120,751.29,656.31,58.08,237.87,0.5579,person
16,378,15.120,967.69,489.46,61.48,188.93,0.6455,person
12,378,15.120,356.87,673.15,91.66,225.70,0.6798,person
21,378,15.120,164.23,517.90,77.35,215.55,0.6044,person
10,378,15.120,1086.31,343.79,72.00,182.80,0.5751,person
24,378,15.120,987.14,196.83,67.19,187.70,0.5438,person
4,378,15.120,593.33,753.21,84.34,210.63,0.5394,person
11,379,15.160,1173.43,772.52,103.14,290.20,0.8372,person
20,379,15.160,753.98,661.94,55.92,228.58,0.5792,person
16,379,15.160,967.33,489.74,61.65,189.68,0.6473,person
12,379,15.160,354.74,675.23,92.75,228.05,0.7286,person
21,379,15.160,166.89,516.12,76.41,215.53,0.6055,person
10,379,15.160,1086.27,344.36,70.78,182.68,0.5617,person
24,379,15.160,986.28,195.93,67.84,188.83,0.5312,person
4,379,15.160,592.89,753.31,84.61,211.12,0.5405,person
11,380,15.200,1175.17,778.20,102.36,287.63,0.8245,person
20,380,15.200,752.77,658.78,56.99,233.91,0.5766,person
16,380,15.200,967.48,490.42,61.58,189.69,0.6171,person
12,380,15.200,353.30,676.40,93.87,231.05,0.7095,person
21,380,15.200,169.23,514.85,74.94,213.25,0.6272,person
10,380,15.200,1086.45,344.23,69.44,182.49,0.5562,person
4,380,15.200,592.67,753.26,84.52,210.58,0.5352,person
11,381,15.240,1176.33,783.38,101.91,286.76,0.8243,person
20,381,15.240,754.09,662.15,55.50,227.94,0.5841,person
16,381,15.240,967.25,491.59,61.24,188.90,0.6000,person
12,381,15.240,351.33,676.18,95.99,236.15,0.7241,person
21,381,15.240,171.16,512.36,73.54,209.95,0.6310,person
10,381,15.240,1086.22,341.89,69.08,185.08,0.5579,person
4,381,15.240,592.81,753.01,84.53,210.19,0.5546,person
25,381,15.240,1.28,624.08,25.07,188.05,0.5812,person
11,382,15.280,1177.80,788.97,101.08,284.96,0.7856,person
20,382,15.280,752.57,658.46,56.99,235.32,0.5459,person
16,382,15.280,967.66,492.51,60.87,188.12,0.6171,person
12,382,15.280,349.98,677.58,97.64,239.58,0.7242,person
21,382,15.280,172.23,509.59,73.36,209.82,0.5944,person
10,382,15.280,1084.87,339.18,68.94,187.83,0.5594,person
4,382,15.280,592.80,753.28,84.42,209.59,0.5589,person
25,382,15.280,2.76,619.99,25.60,191.10,0.5383,person
24,382,15.280,985.86,197.75,67.53,186.94,0.5091,person
11,383,15.320,1180.53,794.47,99.67,282.05,0.7714,person
20,383,15.320,754.32,661.68,55.33,229.17,0.5476,person
16,383,15.320,968.15,493.38,60.62,187.71,0.6733,person
12,383,15.320,348.44,680.38,98.17,240.47,0.6584,person
21,383,15.320,173.87,510.04,72.87,207.17,0.6038,person
10,383,15.320,1083.79,336.69,68.69,190.19,0.5755,person
4,383,15.320,592.40,753.12,84.80,210.24,0.5544,person
11,384,15.360,1183.23,797.55,98.52,279.75,0.7798,person
20,384,15.360,756.34,664.91,53.87,223.60,0.5233,person
16,384,15.360,968.02,494.23,61.09,189.74,0.6593,person
12,384,15.360,346.16,683.61,98.12,239.00,0.6707,person
21,384,15.360,173.74,507.81,73.91,208.97,0.6347,person
10,384,15.360,1081.89,332.45,69.29,194.46,0.5350,person
4,384,15.360,593.50,753.48,84.55,209.88,0.5522,person
11,385,15.400,1185.38,801.18,97.60,278.28,0.7722,person
20,385,15.400,757.02,666.47,53.31,221.53,0.5394,person
16,385,15.400,967.93,495.05,61.79,192.62,0.6690,person
12,385,15.400,345.19,688.06,97.67,236.26,0.6241,person
21,385,15.400,173.48,505.30,74.73,210.11,0.6352,person
10,385,15.400,1081.51,331.34,68.05,192.91,0.5489,person
4,385,15.400,593.72,753.39,84.32,209.35,0.5582,person
11,386,15.440,1187.41,805.41,96.35,274.59,0.7848,person
20,386,15.440,757.61,667.24,53.07,220.60,0.5326,person
16,386,15.440,968.25,496.73,61.97,193.20,0.6102,person
12,386,15.440,344.13,690.22,98.50,235.78,0.6629,person
21,386,15.440,173.42,503.38,75.00,209.84,0.6401,person
10,386,15.440,1082.02,331.08,65.99,188.95,0.5083,person
4,386,15.440,593.87,753.20,84.11,208.84,0.5463,person
11,387,15.480,1189.07,806.92,95.90,273.08,0.8010,person
20,387,15.480,757.56,667.38,52.98,220.51,0.5455,person
16,387,15.480,969.49,497.70,62.07,192.60,0.6097,person
12,387,15.480,341.41,691.86,101.05,240.82,0.6691,person
21,387,15.480,172.99,501.25,75.56,210.74,0.6139,person
10,387,15.480,1082.51,331.37,64.45,186.53,0.5407,person
4,387,15.480,593.79,753.07,84.32,209.16,0.5550,person
11,388,15.520,1191.64,807.59,95.84,272.41,0.8016,person
20,388,15.520,754.88,660.30,55.62,232.39,0.5349,person
16,388,15.520,970.47,499.15,62.01,191.49,0.6160,person
12,388,15.520,339.37,691.14,102.78,243.14,0.6875,person
21,388,15.520,172.41,500.58,76.22,212.09,0.5750,person
10,388,15.520,1082.64,331.01,63.61,185.64,0.5249,person
4,388,15.520,593.20,752.84,84.86,210.27,0.5552,person
11,389,15.560,1194.03,807.86,96.20,272.14,0.8086,person
20,389,15.560,754.11,657.65,56.32,236.43,0.5358,person
16,389,15.560,971.28,501.62,61.66,190.07,0.6333,person
12,389,15.560,337.86,692.45,103.87,244.16,0.7110,person
21,389,15.560,172.32,500.13,76.62,212.57,0.5993,person
10,389,15.560,1083.23,330.73,62.79,184.54,0.5162,person
4,389,15.560,592.82,752.63,85.11,210.71,0.5572,person
11,390,15.600,1195.59,808.80,96.13,271.20,0.8179,person
20,390,15.600,754.13,656.30,56.57,238.32,0.5428,person
16,390,15.600,972.21,503.86,61.13,187.95,0.6596,person
12,390,15.600,337.31,692.58,104.91,244.91,0.7051,person
21,390,15.600,172.09,499.19,77.23,213.97,0.5891,person
10,390,15.600,1083.02,328.88,62.91,186.27,0.5210,person
4,390,15.600,592.55,752.92,85.31,210.96,0.5711,person
11,391,15.640,1197.31,809.71,96.22,270.29,0.8372,person
20,391,15.640,754.30,655.53,56.92,240.03,0.5729,person
16,391,15.640,972.07,504.57,60.94,187.57,0.6775,person
12,391,15.640,336.61,693.51,105.37,243.86,0.6888,person
21,391,15.640,173.23,498.43,76.18,210.04,0.5835,person
4,391,15.640,592.65,752.99,85.47,211.21,0.5635,person
11,392,15.680,1198.62,812.94,95.61,267.06,0.8533,person
20,392,15.680,754.78,654.75,56.58,239.24,0.5752,person
16,392,15.680,972.61,506.54,60.96,187.58,0.6922,person
12,392,15.680,336.36,695.83,105.56,241.85,0.7146,person
21,392,15.680,174.96,498.86,75.08,204.99,0.5643,person
4,392,15.680,592.71,752.97,85.29,210.63,0.5661,person
11,393,15.720,1200.84,815.99,95.26,264.01,0.8430,person
20,393,15.720,754.59,654.56,56.24,238.22,0.5708,person
16,393,15.720,972.80,507.59,61.95,191.10,0.7333,person
12,393,15.720,336.30,697.86,105.44,239.25,0.7218,person
21,393,15.720,175.98,498.22,74.79,202.14,0.6185,person
4,393,15.720,592.80,752.75,85.56,211.38,0.5634,person
26,393,15.720,881.56,492.55,69.87,202.99,0.6233,person
11,394,15.760,1203.15,821.10,94.34,258.90,0.8621,person
20,394,15.760,754.78,654.79,56.09,237.88,0.5406,person
16,394,15.760,973.49,507.94,62.71,193.59,0.7421,person
12,394,15.760,336.23,699.67,105.34,237.18,0.6998,person
21,394,15.760,173.69,495.59,75.00,203.44,0.5459,person
4,394,15.760,592.80,752.45,85.52,211.33,0.5265,person
26,394,15.760,881.47,492.98,69.94,203.20,0.6011,person
11,395,15.800,1204.70,825.07,93.91,254.93,0.8569,person
20,395,15.800,755.93,656.34,55.37,235.32,0.5326,person
16,395,15.800,974.11,508.40,62.64,193.38,0.7450,person
12,395,15.800,336.21,701.05,105.40,236.38,0.6973,person
21,395,15.800,172.82,492.42,76.14,208.58,0.5388,person
4,395,15.800,592.58,751.39,85.72,211.67,0.5413,person
26,395,15.800,882.22,492.80,69.53,202.07,0.6046,person
11,396,15.840,1207.48,829.90,93.13,249.76,0.8667,person
20,396,15.840,755.25,656.13,55.28,235.18,0.5781,person
16,396,15.840,975.03,509.50,62.39,192.33,0.7346,person
12,396,15.840,336.29,702.14,105.11,236.03,0.6902,person
21,396,15.840,172.46,488.98,75.97,209.94,0.5767,person
4,396,15.840,592.43,751.34,85.34,210.80,0.5019,person
26,396,15.840,882.56,493.17,69.01,200.76,0.6016,person
11,397,15.880,1209.86,836.60,91.77,242.71,0.8518,person
20,397,15.880,754.64,656.02,55.47,235.89,0.5674,person
16,397,15.880,976.00,511.41,61.48,189.02,0.7366,person
12,397,15.880,336.80,703.92,104.27,235.47,0.6575,person
21,397,15.880,172.52,486.63,75.40,209.99,0.5648,person
4,397,15.880,592.39,749.58,85.89,212.60,0.5096,person
26,397,15.880,882.97,494.35,69.20,201.77,0.6314,person
11,398,15.920,1212.07,842.03,90.95,237.22,0.8446,person
20,398,15.920,754.11,656.00,55.69,237.11,0.5744,person
16,398,15.920,976.59,512.10,61.36,187.91,0.7237,person
12,398,15.920,338.76,704.42,104.47,237.43,0.6610,person
21,398,15.920,172.14,484.66,74.91,210.94,0.5373,person
4,398,15.920,592.39,749.39,85.87,212.68,0.5227,person
26,398,15.920,883.30,493.96,69.56,203.48,0.6356,person
11,399,15.960,1212.82,846.44,90.72,233.48,0.8349,person
20,399,15.960,753.86,656.15,55.80,237.46,0.5759,person
16,399,15.960,976.93,513.64,61.37,187.45,0.7241,person
12,399,15.960,340.55,705.62,103.70,237.35,0.6639,person
4,399,15.960,592.79,749.64,85.62,212.21,0.5392,person
26,399,15.960,883.81,495.30,69.69,204.64,0.6366,person
11,400,16.000,1213.21,850.79,90.02,228.37,0.8413,person
20,400,16.000,753.85,656.23,55.84,237.34,0.5917,person
16,400,16.000,977.18,515.28,61.68,187.97,0.7034,person
12,400,16.000,341.64,708.19,103.09,238.84,0.6768,person
4,400,16.000,592.39,750.25,85.44,211.61,0.5383,person
26,400,16.000,884.12,496.60,69.91,205.98,0.6374,person
11,401,16.040,1213.40,852.82,90.55,226.78,0.8381,person
20,401,16.040,753.69,656.39,55.95,237.83,0.5857,person
16,401,16.040,976.82,517.21,62.76,191.39,0.7218,person
12,401,16.040,341.93,710.51,102.04,239.68,0.7186,person
4,401,16.040,592.14,750.09,85.32,211.03,0.5537,person
26,401,16.040,884.05,498.87,70.13,207.10,0.6522,person
21,401,16.040,173.93,479.98,73.47,209.96,0.5015,person
11,402,16.080,1213.58,854.13,91.06,225.19,0.8345,person
20,402,16.080,753.62,656.41,56.10,237.99,0.6055,person
16,402,16.080,976.49,518.87,63.41,193.89,0.7320,person
12,402,16.080,342.09,711.42,101.85,242.30,0.7531,person
4,402,16.080,593.16,751.88,84.34,208.36,0.5517,person
26,402,16.080,884.14,501.52,70.13,207.28,0.6529,person
10,402,16.080,1085.33,326.65,63.01,182.68,0.5289,person
11,403,16.120,1214.27,855.38,91.80,224.33,0.8380,person
20,403,16.120,753.41,656.68,56.13,237.28,0.6044,person
16,403,16.120,976.85,520.68,63.28,193.91,0.7342,person
12,403,16.120,342.17,713.55,99.61,239.59,0.7225,person
4,403,16.120,593.36,753.13,84.07,207.42,0.5744,person
26,403,16.120,883.55,503.93,70.08,206.78,0.6341,person
10,403,16.120,1085.04,325.57,64.55,182.29,0.5057,person
23,403,16.120,69.36,461.47,80.96,221.72,0.5221,person
21,403,16.120,174.43,477.98,72.81,211.70,0.5004,person
11,404,16.160,1214.69,856.35,92.61,223.60,0.8427,person
20,404,16.160,753.01,656.94,56.24,236.92,0.5989,person
16,404,16.160,977.46,522.71,62.70,192.48,0.7159,person
12,404,16.160,341.79,715.55,98.34,238.80,0.7102,person
4,404,16.160,593.81,753.18,84.06,207.51,0.5680,person
26,404,16.160,882.50,505.49,70.47,207.26,0.6371,person
10,404,16.160,1083.84,321.73,66.98,184.52,0.5252,person
27,404,16.160,37.03,610.23,59.92,205.43,0.6307,person
28,404,16.160,335.71,418.84,78.73,197.02,0.5855,person
11,405,16.200,1216.34,857.08,93.15,222.92,0.8395,person
20,405,16.200,752.91,656.96,56.49,237.18,0.5916,person
16,405,16.200,978.21,524.43,62.01,190.34,0.6976,person
12,405,16.200,341.61,718.13,97.47,238.41,0.7356,person
4,405,16.200,594.16,753.36,84.06,207.87,0.5443,person
26,405,16.200,883.16,507.40,70.29,206.35,0.5789,person
27,405,16.200,40.59,608.85,60.66,207.33,0.6460,person
28,405,16.200,335.04,420.55,78.98,197.90,0.5970,person
23,405,16.200,71.85,458.38,81.01,216.61,0.5242,person
11,406,16.240,1218.44,858.15,93.79,221.85,0.8347,person
20,406,16.240,752.86,656.91,56.53,236.65,0.5848,person
16,406,16.240,978.70,526.05,62.14,191.18,0.6861,person
12,406,16.240,341.13,721.66,95.31,234.51,0.7159,person
4,406,16.240,594.93,752.75,83.26,207.22,0.5484,person
26,406,16.240,885.01,509.26,69.87,205.46,0.5864,person
27,406,16.240,43.12,607.61,60.74,206.39,0.6142,person
28,406,16.240,334.62,421.55,78.75,197.75,0.5381,person
11,407,16.280,1220.61,860.17,94.23,219.83,0.8412,person
20,407,16.280,752.71,657.35,56.68,236.34,0.5965,person
16,407,16.280,979.21,529.51,62.16,190.48,0.6777,person
12,407,16.280,339.04,724.02,95.93,236.95,0.7341,person
4,407,16.280,594.61,753.49,83.27,207.34,0.5503,person
26,407,16.280,886.70,509.83,69.97,206.17,0.5717,person
27,407,16.280,44.04,605.37,61.52,207.62,0.5814,person
28,407,16.280,332.92,423.83,76.32,192.44,0.5129,person
11,408,16.320,1223.24,863.84,94.22,216.16,0.8507,person
20,408,16.320,752.89,658.40,56.50,234.62,0.5878,person
16,408,16.320,978.25,530.33,63.39,193.80,0.6533,person
12,408,16.320,338.12,726.28,96.07,238.27,0.7533,person
4,408,16.320,595.17,752.18,83.08,208.21,0.5567,person
26,408,16.320,887.98,512.07,69.98,206.47,0.5814,person
27,408,16.320,46.54,604.57,61.68,206.10,0.6348,person
11,409,16.360,1225.10,867.81,94.01,212.19,0.8462,person
20,409,16.360,752.60,658.66,56.67,233.96,0.5764,person
16,409,16.360,977.16,530.60,64.22,195.97,0.6475,person
12,409,16.360,336.09,728.99,95.73,237.03,0.7400,person
4,409,16.360,595.57,751.74,82.60,208.24,0.5485,person
26,409,16.360,888.83,512.22,70.03,207.21,0.5963,person
27,409,16.360,48.18,603.30,62.50,207.14,0.6597,person
11,410,16.400,1227.99,872.56,93.29,207.44,0.8571,person
20,410,16.400,752.34,659.13,56.75,233.55,0.5737,person
16,410,16.400,976.82,531.46,64.59,196.69,0.6453,person
12,410,16.400,334.84,730.52,95.35,234.88,0.7635,person
4,410,16.400,596.07,751.75,81.63,206.75,0.5193,person
26,410,16.400,889.46,512.62,70.10,207.43,0.6094,person
27,410,16.400,49.50,603.23,62.95,207.02,0.5717,person
28,410,16.400,332.82,426.81,75.13,189.70,0.5241,person
11,411,16.440,1229.50,877.42,92.66,202.58,0.8500,person
20,411,16.440,752.48,658.47,56.95,233.84,0.5946,person
16,411,16.440,976.95,533.41,64.32,195.17,0.6566,person
12,411,16.440,332.78,730.68,96.29,236.09,0.7786,person
4,411,16.440,596.37,751.84,81.14,206.53,0.5225,person
26,411,16.440,889.53,512.65,70.68,208.70,0.6094,person
27,411,16.440,51.69,601.25,63.32,207.48,0.5284,person
28,411,16.440,332.61,426.61,75.42,190.35,0.5733,person
21,411,16.440,183.13,473.68,69.64,205.42,0.5095,person
11,412,16.480,1231.44,882.72,91.72,197.28,0.8041,person
20,412,16.480,752.50,658.24,57.30,234.96,0.5884,person
16,412,16.480,977.20,534.21,64.43,194.64,0.6724,person
12,412,16.480,330.90,731.56,96.87,235.86,0.7465,person
4,412,16.480,596.31,752.00,80.84,206.39,0.5002,person
26,412,16.480,890.26,512.24,71.15,210.08,0.6032,person
28,412,16.480,333.33,427.48,75.96,190.82,0.5028,person
21,412,16.480,185.27,473.67,68.26,202.54,0.5705,person
11,413,16.520,1234.69,888.28,90.36,191.72,0.8156,person
20,413,16.520,752.38,657.93,57.66,236.25,0.5917,person
16,413,16.520,978.18,536.14,63.83,191.45,0.7029,person
12,413,16.520,328.27,732.59,97.59,236.57,0.6887,person
4,413,16.520,596.24,751.96,80.77,206.81,0.5351,person
26,413,16.520,891.07,512.57,70.91,209.70,0.6040,person
28,413,16.520,331.27,427.59,76.31,191.00,0.5357,person
21,413,16.520,186.82,472.42,68.00,201.67,0.6207,person
11,414,16.560,1237.34,892.37,89.56,187.63,0.8006,person
20,414,16.560,752.62,657.87,57.63,235.57,0.5928,person
16,414,16.560,978.83,537.56,63.87,190.31,0.7085,person
12,414,16.560,326.94,734.30,98.58,237.44,0.6796,person
4,414,16.560,596.39,752.11,80.22,205.83,0.5022,person
26,414,16.560,891.60,513.03,70.78,209.85,0.6083,person
28,414,16.560,329.75,428.61,76.71,191.05,0.5982,person
21,414,16.560,188.18,471.38,68.17,201.62,0.6168,person
11,415,16.600,1240.83,896.34,88.93,183.66,0.7905,person
20,415,16.600,752.62,657.10,57.68,235.41,0.6189,person
16,415,16.600,978.97,539.17,64.19,190.51,0.7335,person
12,415,16.600,326.33,739.88,99.18,237.11,0.6568,person
4,415,16.600,596.24,751.76,80.11,205.96,0.5443,person
26,415,16.600,890.70,514.97,71.22,212.38,0.6445,person
28,415,16.600,328.78,430.12,76.86,191.22,0.5883,person
21,415,16.600,187.55,469.82,68.20,202.17,0.5873,person
10,415,16.600,1095.26,325.49,65.44,179.08,0.5558,person
27,415,16.600,65.29,597.26,63.87,206.74,0.5037,person
11,416,16.640,1243.35,898.36,89.24,181.62,0.7716,person
20,416,16.640,752.61,657.21,57.71,235.44,0.6009,person
16,416,16.640,978.67,541.01,65.13,192.92,0.7255,person
12,416,16.640,324.53,744.05,99.79,236.81,0.6140,person
4,416,16.640,595.97,752.82,80.35,205.93,0.5429,person
26,416,16.640,891.53,519.46,70.40,211.10,0.6310,person
28,416,16.640,328.77,431.17,77.29,192.47,0.5675,person
21,416,16.640,187.44,469.14,67.96,201.93,0.6076,person
10,416,16.640,1093.64,320.78,67.46,184.01,0.5070,person
27,416,16.640,72.04,599.91,65.32,205.53,0.5242,person
11,417,16.680,1245.90,900.32,89.75,179.68,0.7820,person
20,417,16.680,752.14,657.55,57.62,234.94,0.5955,person
16,417,16.680,978.73,542.88,65.52,194.29,0.7179,person
12,417,16.680,322.25,746.04,100.99,237.45,0.6184,person
4,417,16.680,595.11,753.38,80.69,206.10,0.5208,person
26,417,16.680,892.02,522.93,69.92,210.50,0.5828,person
28,417,16.680,326.46,431.81,77.34,193.44,0.5528,person
21,417,16.680,187.39,468.25,67.67,201.53,0.6073,person
10,417,16.680,1093.51,317.88,68.34,186.87,0.5156,person
27,417,16.680,75.65,594.83,68.51,210.25,0.5132,person
11,418,16.720,1248.62,902.57,90.03,177.43,0.7845,person
20,418,16.720,751.88,657.50,57.68,235.34,0.5990,person
16,418,16.720,979.43,544.49,65.50,194.13,0.7258,person
12,418,16.720,319.29,748.89,101.80,239.33,0.6381,person
4,418,16.720,595.25,753.54,80.90,206.12,0.5410,person
26,418,16.720,893.07,526.18,69.88,211.76,0.5847,person
28,418,16.720,324.24,432.53,76.91,193.84,0.5618,person
21,418,16.720,187.80,467.38,67.51,201.27,0.6144,person
27,418,16.720,79.49,592.58,70.76,211.98,0.5363,person
11,419,16.760,1250.50,903.98,90.79,176.02,0.7906,person
20,419,16.760,751.95,657.85,57.52,234.65,0.6204,person
16,419,16.760,980.37,546.97,65.49,193.73,0.7345,person
12,419,16.760,317.02,749.43,102.08,240.64,0.6425,person
4,419,16.760,595.46,753.71,80.98,206.20,0.5313,person
26,419,16.760,893.89,528.19,68.97,210.52,0.5620,person
28,419,16.760,322.39,435.61,75.60,192.52,0.5445,person
21,419,16.760,188.07,466.94,67.03,199.39,0.6383,person
27,419,16.760,81.55,591.56,73.08,212.83,0.5529,person
10,419,16.760,1092.02,300.82,73.11,203.44,0.5167,person
11,420,16.800,1251.28,904.76,91.72,175.24,0.7913,person
20,420,16.800,752.00,657.74,57.75,235.34,0.6145,person
16,420,16.800,981.06,548.45,65.98,194.62,0.7227,person
12,420,16.800,318.23,749.98,103.04,242.48,0.6954,person
4,420,16.800,595.08,753.57,81.67,207.67,0.5367,person
26,420,16.800,896.32,528.88,66.73,204.41,0.5325,person
21,420,16.800,188.75,465.98,66.63,198.19,0.6425,person
27,420,16.800,83.64,593.10,74.38,211.51,0.5218,person
11,421,16.840,1252.08,906.71,92.35,173.29,0.7968,person
20,421,16.840,752.14,658.21,57.58,234.59,0.5996,person
16,421,16.840,982.33,552.09,66.48,195.54,0.7073,person
12,421,16.840,318.72,750.95,103.88,244.15,0.7147,person
4,421,16.840,595.06,753.63,81.94,208.34,0.5344,person
21,421,16.840,188.74,464.36,67.43,201.15,0.6269,person
27,421,16.840,84.12,591.12,76.64,215.14,0.5883,person
11,422,16.880,1252.22,909.29,92.66,170.60,0.7941,person
20,422,16.880,752.10,658.83,57.34,233.38,0.6057,person
16,422,16.880,983.01,553.94,67.23,197.38,0.7599,person
12,422,16.880,318.60,752.51,104.91,244.87,0.7341,person
4,422,16.880,596.08,753.80,80.84,206.35,0.5389,person
21,422,16.880,189.15,462.83,67.77,202.68,0.6555,person
27,422,16.880,85.91,591.29,77.94,215.80,0.5784,person
11,423,16.920,1253.54,913.37,92.28,166.16,0.7860,person
20,423,16.920,751.84,658.54,57.36,233.52,0.5982,person
16,423,16.920,983.73,554.86,67.04,196.87,0.7507,person
12,423,16.920,318.13,754.32,105.21,243.87,0.7235,person
4,423,16.920,596.54,753.56,80.20,205.39,0.5289,person
21,423,16.920,189.81,460.35,68.35,204.91,0.6615,person
27,423,16.920,87.47,593.23,77.38,210.94,0.5312,person
26,423,16.920,897.81,534.10,67.82,210.83,0.5487,person
11,424,16.960,1255.24,917.75,92.00,161.55,0.7772,person
20,424,16.960,751.73,658.44,57.33,233.05,0.6148,person
16,424,16.960,984.20,555.23,66.93,196.58,0.7318,person
12,424,16.960,317.17,754.81,105.95,243.30,0.7638,person
4,424,16.960,596.86,753.47,79.45,203.86,0.5499,person
21,424,16.960,191.03,457.78,67.59,202.70,0.6392,person
27,424,16.960,87.27,592.95,78.52,212.19,0.5572,person
26,424,16.960,898.63,536.35,67.15,210.73,0.5568,person
11,425,17.000,1256.24,922.00,91.85,157.54,0.7932,person
20,425,17.000,751.77,658.70,57.27,232.49,0.6267,person
16,425,17.000,984.83,555.34,66.66,196.04,0.7343,person
12,425,17.000,315.32,755.88,106.58,242.59,0.7552,person
4,425,17.000,596.24,753.60,80.00,204.96,0.5491,person
21,425,17.000,192.63,455.58,66.23,198.45,0.6215,person
27,425,17.000,86.79,591.98,79.05,212.63,0.5464,person
26,425,17.000,898.82,537.77,66.65,209.93,0.5891,person
11,426,17.040,1258.53,926.26,92.02,153.58,0.8031,person
20,426,17.040,751.51,658.69,57.47,232.93,0.6341,person
16,426,17.040,985.46,555.71,66.50,195.60,0.7224,person
12,426,17.040,314.72,756.65,106.94,241.65,0.7337,person
4,426,17.040,596.78,753.05,79.77,205.10,0.5606,person
21,426,17.040,191.39,452.46,67.47,201.94,0.5687,person
26,426,17.040,898.61,538.37,66.63,209.59,0.6285,person
11,427,17.080,1260.52,931.84,91.16,148.11,0.8208,person
20,427,17.080,751.54,658.30,57.64,233.22,0.6198,person
16,427,17.080,984.88,555.19,66.51,196.21,0.7193,person
12,427,17.080,315.53,758.24,107.18,240.27,0.7621,person
4,427,17.080,596.76,753.50,79.64,205.32,0.5508,person
21,427,17.080,193.02,453.30,66.17,197.16,0.5265,person
26,427,17.080,899.19,538.14,66.70,209.54,0.6115,person
27,427,17.080,88.87,588.51,79.19,213.08,0.5099,person
11,428,17.120,1261.68,937.12,90.24,142.88,0.8051,person
20,428,17.120,751.30,658.09,57.84,233.68,0.6214,person
16,428,17.120,984.80,555.30,66.33,196.53,0.7230,person
12,428,17.120,315.59,760.08,106.91,238.19,0.7254,person
4,428,17.120,597.08,753.46,79.41,205.23,0.5684,person
21,428,17.120,192.07,450.30,67.66,200.59,0.5554,person
26,428,17.120,899.83,537.65,67.03,210.47,0.5987,person
11,429,17.160,1262.52,942.25,89.32,137.75,0.7686,person
20,429,17.160,751.09,657.91,57.82,233.52,0.6156,person
16,429,17.160,985.05,556.57,65.60,194.95,0.7146,person
12,429,17.160,316.94,762.83,106.61,235.84,0.7307,person
4,429,17.160,597.09,753.17,79.38,205.69,0.5615,person
21,429,17.160,191.76,447.64,68.91,203.75,0.5947,person
26,429,17.160,900.49,537.58,67.28,211.14,0.6214,person
11,430,17.200,1262.99,946.69,88.62,133.22,0.7520,person
20,430,17.200,750.97,658.08,57.83,233.26,0.6244,person
16,430,17.200,985.25,558.21,65.69,195.40,0.6968,person
12,430,17.200,319.33,765.76,105.80,233.30,0.7444,person
4,430,17.200,596.56,753.29,80.28,207.61,0.5490,person
21,430,17.200,191.48,445.71,69.82,205.94,0.5743,person
26,430,17.200,901.35,538.67,67.59,211.13,0.6533,person
28,430,17.200,320.92,444.36,76.89,198.22,0.5008,person
27,430,17.200,98.54,589.43,75.19,202.94,0.5435,person
11,431,17.240,1262.50,948.58,89.48,131.40,0.7405,person
20,431,17.240,751.12,658.50,57.73,232.13,0.6216,person
16,431,17.240,984.80,562.66,65.62,194.72,0.7135,person
12,431,17.240,319.83,767.70,105.38,233.36,0.6901,person
4,431,17.240,596.78,752.65,79.78,206.73,0.5607,person
26,431,17.240,902.24,539.63,68.17,212.29,0.6651,person
27,431,17.240,101.15,589.18,74.22,202.16,0.5114,person
11,432,17.280,1263.07,951.10,89.42,128.68,0.7606,person
20,432,17.280,750.97,658.97,57.77,232.60,0.6269,person
16,432,17.280,984.63,565.58,65.92,195.00,0.7233,person
12,432,17.280,320.51,767.66,105.38,235.01,0.6727,person
4,432,17.280,596.29,753.33,80.21,207.30,0.5174,person
26,432,17.280,903.08,542.65,68.01,211.35,0.6395,person
21,432,17.280,193.29,442.77,70.50,208.50,0.5066,person
28,432,17.280,319.51,448.39,78.39,200.31,0.5354,person
11,433,17.320,1263.37,953.01,90.12,126.91,0.7743,person
20,433,17.320,751.08,658.80,57.88,233.24,0.6144,person
16,433,17.320,985.11,566.95,65.78,194.15,0.7387,person
12,433,17.320,320.88,768.54,104.28,234.27,0.6324,person
4,433,17.320,596.06,753.70,80.45,207.51,0.5057,person
26,433,17.320,903.16,546.04,67.75,209.38,0.6004,person
21,433,17.320,194.41,444.19,68.99,203.18,0.5147,person
11,434,17.360,1262.36,953.40,91.54,126.46,0.7599,person
20,434,17.360,751.08,658.78,57.95,233.18,0.6156,person
16,434,17.360,985.61,569.06,65.34,192.66,0.7200,person
12,434,17.360,322.46,774.13,100.25,225.87,0.6376,person
4,434,17.360,596.46,753.78,79.67,205.64,0.5055,person
26,434,17.360,904.93,550.51,66.83,206.06,0.5721,person
21,434,17.360,195.41,441.70,70.40,207.86,0.5062,person
11,435,17.400,1263.67,955.79,91.91,124.17,0.7699,person
20,435,17.400,750.89,658.62,58.18,234.16,0.6297,person
16,435,17.400,985.97,571.11,65.28,192.11,0.6939,person
12,435,17.400,321.62,776.74,100.54,227.93,0.6709,person
4,435,17.400,597.06,754.25,78.86,203.64,0.5210,person
26,435,17.400,905.96,553.80,66.12,203.82,0.5460,person
11,436,17.440,1264.54,957.93,92.47,122.06,0.8000,person
20,436,17.440,751.24,658.24,58.13,234.11,0.6124,person
16,436,17.440,985.17,572.37,66.40,195.22,0.6556,person
12,436,17.440,321.82,779.20,99.19,225.94,0.6444,person
4,436,17.440,597.29,753.78,78.86,203.87,0.5398,person
26,436,17.440,905.58,555.42,66.93,206.58,0.5596,person
11,437,17.480,1265.03,959.87,93.20,120.13,0.7997,person
20,437,17.480,751.34,658.18,57.84,232.90,0.6051,person
16,437,17.480,984.53,572.97,67.16,197.30,0.6458,person
12,437,17.480,320.36,781.52,102.10,234.96,0.6233,person
4,437,17.480,597.65,753.98,78.34,202.76,0.5618,person
26,437,17.480,907.29,557.83,65.67,203.27,0.5395,person
28,437,17.480,322.64,457.83,79.20,199.99,0.5213,person
21,437,17.480,203.16,441.96,69.43,201.78,0.5014,person
11,438,17.520,1266.74,962.80,93.08,117.20,0.7667,person
20,438,17.520,751.17,658.21,58.04,233.54,0.6039,person
16,438,17.520,984.25,573.66,67.44,197.65,0.6471,person
12,438,17.520,320.24,782.87,102.50,237.86,0.6256,person
4,438,17.520,597.61,754.14,78.26,202.73,0.5373,person
26,438,17.520,907.88,559.40,65.01,201.33,0.5525,person
28,438,17.520,323.01,459.69,78.68,199.30,0.5391,person
11,439,17.560,1267.82,966.10,92.71,113.90,0.7615,person
20,439,17.560,750.78,658.03,58.24,234.38,0.5998,person
16,439,17.560,982.48,573.89,68.69,200.77,0.6240,person
12,439,17.560,320.78,785.16,100.78,234.98,0.6020,person
4,439,17.560,596.81,754.17,79.17,204.49,0.5224,person
26,439,17.560,910.86,559.79,64.75,203.53,0.5752,person
28,439,17.560,322.14,460.56,78.07,199.35,0.5355,person
21,439,17.560,204.89,439.31,71.34,205.61,0.5234,person
11,440,17.600,1269.01,971.38,91.15,108.62,0.7507,person
20,440,17.600,750.56,657.81,58.24,234.58,0.6019,person
16,440,17.600,982.15,573.88,69.33,202.32,0.6329,person
12,440,17.600,321.19,789.41,98.25,230.02,0.6284,person
4,440,17.600,597.18,754.04,78.91,204.01,0.5630,person
28,440,17.600,322.43,461.62,77.85,199.16,0.5142,person
29,440,17.600,1750.83,615.00,69.53,201.39,0.6152,person
21,440,17.600,206.08,438.99,72.04,205.23,0.5343,person
11,441,17.640,1270.48,977.08,89.12,102.92,0.7118,person
20,441,17.640,750.55,658.39,58.09,233.79,0.5936,person
16,441,17.640,981.79,574.73,69.39,201.65,0.5963,person
12,441,17.640,321.64,791.89,97.22,228.23,0.6104,person
4,441,17.640,597.43,753.68,78.58,203.46,0.5272,person
29,441,17.640,1747.86,619.93,68.37,198.11,0.5037,person
21,441,17.640,207.79,438.03,71.81,202.10,0.5167,person
11,442,17.680,1272.94,982.31,87.00,97.69,0.6800,person
20,442,17.680,750.66,658.59,57.95,233.19,0.5954,person
16,442,17.680,981.73,576.21,69.30,200.05,0.6232,person
12,442,17.680,321.20,788.22,97.85,230.23,0.6427,person
4,442,17.680,597.25,753.35,78.69,203.95,0.5267,person
26,442,17.680,912.84,562.21,64.58,204.83,0.5307,person
11,443,17.720,1274.12,986.55,85.36,93.45,0.6340,person
20,443,17.720,750.92,658.58,57.91,232.97,0.5943,person
16,443,17.720,981.59,576.60,69.47,199.39,0.6306,person
12,443,17.720,320.16,786.85,97.61,229.48,0.6390,person
4,443,17.720,597.50,752.99,78.60,204.09,0.5079,person
26,443,17.720,912.64,562.74,64.19,205.16,0.5745,person
28,443,17.720,320.86,462.54,77.80,201.22,0.5335,person
11,444,17.760,1276.48,990.77,83.65,89.23,0.6783,person
20,444,17.760,752.00,663.21,56.25,225.18,0.5648,person
16,444,17.760,982.70,580.57,68.78,196.87,0.6567,person
12,444,17.760,317.02,785.26,100.97,237.80,0.6478,person
26,444,17.760,911.50,562.97,64.35,206.34,0.5900,person
28,444,17.760,322.01,462.92,77.26,200.23,0.5596,person
11,445,17.800,1280.20,995.86,81.37,84.14,0.6538,person
20,445,17.800,751.96,663.49,56.21,224.07,0.5502,person
16,445,17.800,982.29,580.19,69.45,199.23,0.6341,person
12,445,17.800,315.85,789.38,101.78,239.25,0.6344,person
26,445,17.800,910.82,563.76,65.07,209.17,0.6283,person
28,445,17.800,321.15,463.28,78.08,201.45,0.5188,person
11,446,17.840,1285.04,999.89,79.83,80.11,0.5728,person
20,446,17.840,751.71,663.42,56.31,223.55,0.5448,person
16,446,17.840,982.08,580.81,70.38,202.54,0.6493,person
12,446,17.840,314.64,791.35,102.82,241.09,0.6895,person
26,446,17.840,909.86,565.16,65.64,211.83,0.6577,person
28,446,17.840,321.24,463.90,79.39,203.06,0.5204,person
10,446,17.840,1124.70,282.33,64.41,194.78,0.5020,person
11,447,17.880,1287.58,1003.12,78.58,76.88,0.5269,person
20,447,17.880,751.74,663.86,56.54,223.83,0.5597,person
16,447,17.880,982.93,585.92,69.54,200.61,0.6669,person
12,447,17.880,311.73,791.21,104.89,244.30,0.7131,person
26,447,17.880,909.69,567.90,65.72,213.53,0.6615,person
28,447,17.880,320.92,464.67,81.19,205.59,0.5176,person
10,447,17.880,1127.18,281.36,61.89,196.59,0.5002,person
4,447,17.880,597.46,752.48,79.08,205.76,0.5293,person
20,448,17.920,751.77,664.77,56.33,222.30,0.5694,person
16,448,17.920,983.67,587.96,69.89,201.49,0.6921,person
12,448,17.920,309.70,793.83,106.30,246.11,0.7162,person
26,448,17.920,909.74,570.45,66.26,216.95,0.6721,person
4,448,17.920,597.33,752.18,79.12,206.20,0.5195,person
21,448,17.920,217.83,426.63,70.27,198.35,0.5000,person
20,449,17.960,751.52,664.41,56.41,221.25,0.5637,person
16,449,17.960,984.45,589.87,69.58,200.89,0.7030,person
12,449,17.960,308.56,800.97,106.94,246.07,0.6922,person
26,449,17.960,909.23,572.32,66.25,218.61,0.6837,person
4,449,17.960,596.39,752.88,79.83,206.65,0.5071,person
21,449,17.960,219.35,425.10,69.32,198.02,0.5283,person
20,450,18.000,751.22,664.67,56.72,221.09,0.5697,person
16,450,18.000,985.25,592.02,69.00,199.08,0.6513,person
12,450,18.000,306.93,803.81,108.36,247.84,0.6551,person
26,450,18.000,908.63,574.75,66.63,221.17,0.6277,person
21,450,18.000,220.61,423.72,68.08,196.57,0.5076,person
20,451,18.040,751.14,664.97,57.02,220.96,0.5947,person
16,451,18.040,985.93,594.03,69.84,202.41,0.6509,person
12,451,18.040,305.57,805.79,108.71,246.83,0.5874,person
26,451,18.040,907.82,577.39,66.63,221.67,0.6146,person
20,452,18.080,749.93,661.57,58.76,228.14,0.5968,person
16,452,18.080,986.84,595.68,69.98,203.77,0.6622,person
26,452,18.080,907.71,579.90,66.12,220.66,0.6475,person
20,453,18.120,750.14,663.47,58.25,224.58,0.6042,person
16,453,18.120,988.68,596.79,70.18,205.14,0.6723,person
26,453,18.120,907.11,581.25,65.96,220.14,0.6832,person
20,454,18.160,749.77,660.73,59.47,229.87,0.5899,person
16,454,18.160,989.22,598.69,69.70,204.84,0.7103,person
26,454,18.160,906.68,582.48,65.72,219.12,0.6652,person
20,455,18.200,749.51,659.78,59.71,231.66,0.5884,person
16,455,18.200,990.18,600.66,69.05,203.10,0.7244,person
26,455,18.200,906.24,583.23,65.54,218.06,0.6702,person
29,455,18.200,1725.03,641.15,73.77,211.10,0.5388,person
12,455,18.200,292.22,819.03,106.65,247.03,0.5215,person
20,456,18.240,751.06,664.51,57.66,221.70,0.6104,person
16,456,18.240,991.53,600.38,69.07,202.03,0.7231,person
26,456,18.240,904.89,583.75,65.97,217.63,0.6802,person
29,456,18.240,1724.02,642.90,74.29,211.10,0.5949,person
12,456,18.240,290.07,816.73,105.85,251.38,0.6211,person
20,457,18.280,751.22,666.00,57.04,217.72,0.6140,person
16,457,18.280,991.74,601.76,68.87,200.11,0.7606,person
26,457,18.280,903.59,583.92,66.71,217.74,0.6888,person
29,457,18.280,1722.29,646.51,73.42,209.03,0.6211,person
12,457,18.280,292.55,819.33,104.08,249.60,0.5840,person
20,458,18.320,751.24,666.51,57.06,216.53,0.6354,person
16,458,18.320,991.00,602.13,69.46,199.24,0.7821,person
26,458,18.320,902.35,584.33,67.40,217.24,0.6922,person
29,458,18.320,1718.54,650.24,72.69,209.06,0.6483,person
12,458,18.320,295.55,821.89,102.74,247.52,0.6328,person
20,459,18.360,751.05,666.39,57.45,216.92,0.6227,person
16,459,18.360,990.05,604.07,71.08,202.67,0.7857,person
26,459,18.360,901.88,584.73,68.04,216.77,0.6940,person
29,459,18.360,1716.12,653.14,72.13,208.42,0.6037,person
12,459,18.360,295.88,823.51,101.48,246.26,0.6472,person
20,460,18.400,750.79,666.40,57.82,217.81,0.6312,person
16,460,18.400,989.31,606.00,72.35,205.28,0.7852,person
26,460,18.400,901.81,584.98,68.43,216.91,0.6943,person
29,460,18.400,1713.65,655.52,72.88,210.79,0.5801,person
12,460,18.400,299.45,824.61,101.42,245.02,0.6380,person
20,461,18.440,750.43,666.42,57.93,217.33,0.6025,person
16,461,18.440,988.24,606.78,73.69,207.93,0.7870,person
26,461,18.440,902.29,585.76,68.40,216.49,0.6951,person
29,461,18.440,1710.66,657.96,73.22,211.20,0.6008,person
12,461,18.440,302.37,825.72,101.81,244.26,0.6582,person
20,462,18.480,750.12,665.83,58.52,218.86,0.5838,person
16,462,18.480,987.72,608.55,74.57,209.33,0.7629,person
26,462,18.480,903.50,587.23,68.56,217.91,0.7010,person
29,462,18.480,1708.54,659.46,74.26,210.72,0.5044,person
12,462,18.480,304.77,826.28,102.25,243.21,0.6439,person
20,463,18.520,749.59,665.70,58.93,219.91,0.5846,person
16,463,18.520,987.37,610.06,74.57,207.93,0.7633,person
26,463,18.520,903.19,589.14,69.15,219.85,0.6367,person
12,463,18.520,305.61,827.50,101.89,240.45,0.5983,person
20,464,18.560,749.40,665.41,59.02,219.87,0.5902,person
16,464,18.560,986.31,611.65,74.86,207.06,0.7418,person
26,464,18.560,903.16,592.67,69.20,220.10,0.6033,person
12,464,18.560,304.89,827.62,102.33,239.88,0.6150,person
20,465,18.600,749.69,665.85,59.31,220.59,0.5890,person
16,465,18.600,986.43,615.62,74.53,204.78,0.7419,person
26,465,18.600,902.80,596.84,68.80,218.47,0.5633,person
12,465,18.600,303.72,827.97,104.35,244.19,0.5937,person
20,466,18.640,749.94,666.35,59.11,219.47,0.5907,person
16,466,18.640,986.77,618.04,74.03,202.61,0.7171,person
26,466,18.640,903.75,600.25,68.75,219.36,0.5529,person
12,466,18.640,301.03,827.51,105.55,246.46,0.5820,person
20,467,18.680,749.81,666.03,59.34,220.21,0.5790,person
16,467,18.680,987.07,618.14,75.20,206.34,0.6961,person
26,467,18.680,902.91,602.93,69.40,221.55,0.5710,person
12,467,18.680,299.81,828.50,106.19,248.22,0.5139,person
29,467,18.680,1693.72,663.46,78.73,208.83,0.5652,person
20,468,18.720,749.81,667.08,59.21,219.40,0.5753,person
16,468,18.720,987.36,618.99,75.42,207.35,0.6955,person
26,468,18.720,903.61,604.83,69.22,221.46,0.5825,person
12,468,18.720,302.54,829.74,105.65,248.35,0.5387,person
29,468,18.720,1692.48,665.15,81.72,209.16,0.5253,person
20,469,18.760,749.73,667.21,59.34,219.82,0.5751,person
16,469,18.760,987.76,619.40,75.46,207.71,0.6962,person
26,469,18.760,903.66,606.07,69.06,221.01,0.6009,person
12,469,18.760,303.81,832.75,104.75,246.70,0.6009,person
20,470,18.800,749.92,667.01,59.43,220.16,0.5675,person
16,470,18.800,987.84,620.55,75.21,206.39,0.6941,person
26,470,18.800,903.60,606.44,69.27,220.99,0.5614,person
12,470,18.800,305.54,837.13,103.31,242.87,0.6312,person
20,471,18.840,750.17,667.44,59.22,219.25,0.5819,person
16,471,18.840,988.45,622.31,74.77,204.46,0.7276,person
26,471,18.840,902.97,607.00,69.28,220.40,0.5408,person
12,471,18.840,307.55,840.42,101.86,239.58,0.6240,person
20,472,18.880,750.12,667.50,59.44,220.00,0.5680,person
16,472,18.880,987.65,623.35,75.35,206.08,0.7448,person
26,472,18.880,903.56,607.86,69.06,219.22,0.5617,person
12,472,18.880,306.93,840.33,101.84,239.67,0.6442,person
29,472,18.880,1680.68,672.86,84.66,212.34,0.5063,person
20,473,18.920,750.50,667.43,59.54,220.38,0.5889,person
16,473,18.920,987.78,625.04,75.35,205.92,0.7549,person
26,473,18.920,903.51,609.07,68.86,217.07,0.6100,person
12,473,18.920,306.37,841.26,101.52,238.46,0.6071,person
29,473,18.920,1677.38,674.22,87.33,215.99,0.5259,person
20,474,18.960,750.57,667.34,59.37,219.77,0.5542,person
16,474,18.960,987.51,626.77,76.20,208.17,0.7538,person
26,474,18.960,903.95,610.27,68.78,215.60,0.6319,person
12,474,18.960,304.59,842.67,101.59,235.89,0.5797,person
28,474,18.960,320.47,503.61,80.86,203.66,0.5178,person
20,475,19.000,750.39,666.70,59.63,221.01,0.5629,person
16,475,19.000,986.87,627.68,77.48,211.99,0.7458,person
26,475,19.000,905.33,616.31,66.85,209.43,0.5915,person
12,475,19.000,306.37,844.82,101.36,233.63,0.5318,person
28,475,19.000,319.78,504.73,81.18,204.17,0.5291,person
29,475,19.000,1669.95,673.35,93.00,231.28,0.5303,person
20,476,19.040,750.12,665.97,59.63,221.41,0.5625,person
16,476,19.040,986.75,629.57,77.65,212.50,0.7390,person
26,476,19.040,905.83,623.12,64.84,202.94,0.5905,person
12,476,19.040,308.33,845.67,101.05,232.93,0.5306,person
28,476,19.040,318.25,506.28,80.21,204.06,0.5078,person
30,476,19.040,903.85,314.69,70.00,191.92,0.5535,person
29,476,19.040,1667.69,673.17,93.31,233.56,0.5157,person
20,477,19.080,748.60,661.75,61.10,229.07,0.5582,person
16,477,19.080,986.50,630.77,77.85,213.39,0.7298,person
26,477,19.080,904.32,619.95,66.66,208.63,0.6229,person
12,477,19.080,310.02,846.59,100.90,232.94,0.5266,person
29,477,19.080,1664.22,673.07,93.63,235.49,0.5758,person
20,478,19.120,748.11,660.33,61.14,231.28,0.5662,person
16,478,19.120,988.77,632.84,75.57,206.35,0.7689,person
26,478,19.120,902.63,618.75,68.58,214.80,0.6411,person
12,478,19.120,311.27,847.52,100.52,232.48,0.5823,person
29,478,19.120,1662.95,676.19,91.98,232.59,0.5726,person
20,479,19.160,748.43,659.77,60.80,231.86,0.5480,person
16,479,19.160,990.31,635.53,74.29,202.29,0.7551,person
26,479,19.160,901.36,617.88,70.36,220.70,0.6314,person
12,479,19.160,310.00,848.34,100.40,231.66,0.5992,person
29,479,19.160,1658.69,682.25,90.04,224.55,0.5976,person
20,480,19.200,750.49,663.92,58.66,223.37,0.5884,person
16,480,19.200,989.72,637.10,75.42,206.29,0.7317,person
26,480,19.200,900.23,620.62,70.87,221.65,0.6134,person
12,480,19.200,309.46,850.45,100.22,229.55,0.6175,person
29,480,19.200,1653.65,685.33,89.99,220.22,0.5317,person
28,480,19.200,320.37,512.71,81.06,207.05,0.5347,person
20,481,19.240,751.45,665.41,57.74,219.52,0.5927,person
16,481,19.240,989.84,638.53,76.25,209.24,0.7473,person
26,481,19.240,900.09,623.46,71.18,222.48,0.6301,person
12,481,19.240,310.18,851.43,100.28,228.57,0.6277,person
28,481,19.240,318.43,514.79,79.58,207.60,0.5122,person
20,482,19.280,751.77,666.06,57.46,218.05,0.5966,person
16,482,19.280,989.52,638.65,77.29,212.35,0.7544,person
26,482,19.280,899.76,624.48,71.93,225.40,0.6469,person
12,482,19.280,310.08,853.06,100.73,226.94,0.6011,person
28,482,19.280,320.32,515.70,80.60,209.79,0.5256,person
29,482,19.280,1650.07,689.18,90.53,220.44,0.5134,person
20,483,19.320,751.61,666.46,57.17,216.76,0.6004,person
16,483,19.320,991.13,639.89,76.77,211.84,0.7603,person
26,483,19.320,899.45,626.38,72.13,226.27,0.6625,person
12,483,19.320,311.53,854.43,100.99,225.57,0.6486,person
28,483,19.320,320.13,517.33,80.43,210.11,0.5216,person
29,483,19.320,1649.99,689.73,91.22,221.59,0.5492,person
30,483,19.320,899.36,317.89,70.75,195.36,0.5246,person
20,484,19.360,751.66,666.17,57.19,217.01,0.5863,person
16,484,19.360,991.83,639.02,77.43,214.77,0.7786,person
26,484,19.360,898.43,628.22,72.30,226.42,0.6672,person
12,484,19.360,312.24,857.96,100.67,222.04,0.6456,person
29,484,19.360,1650.28,694.52,90.43,218.90,0.5171,person
31,484,19.360,238.44,794.95,91.53,268.05,0.6889,person
30,484,19.360,899.09,319.53,70.50,195.85,0.5489,person
20,485,19.400,751.65,666.76,57.11,216.88,0.5978,person
16,485,19.400,993.09,642.16,76.03,210.87,0.7809,person
26,485,19.400,897.56,629.55,72.41,226.13,0.6589,person
12,485,19.400,312.94,862.44,100.08,217.56,0.6641,person
29,485,19.400,1650.26,699.41,88.90,214.49,0.5450,person
31,485,19.400,235.66,797.22,91.82,268.69,0.6698,person
20,486,19.440,751.37,666.63,57.12,217.07,0.5791,person
16,486,19.440,994.31,644.25,75.26,208.69,0.7834,person
26,486,19.440,897.70,630.64,72.04,224.53,0.6499,person
12,486,19.440,311.52,866.41,100.29,213.59,0.6455,person
29,486,19.440,1649.41,702.49,88.10,212.48,0.5530,person
31,486,19.440,233.53,801.37,92.30,269.74,0.6741,person
20,487,19.480,751.48,666.76,57.10,216.84,0.5841,person
16,487,19.480,995.05,646.23,74.52,206.21,0.7752,person
26,487,19.480,897.37,631.35,72.25,224.57,0.6526,person
12,487,19.480,310.75,869.59,100.70,210.41,0.6349,person
29,487,19.480,1648.45,704.96,87.89,211.82,0.5746,person
31,487,19.480,234.50,805.77,92.58,269.43,0.6768,person
20,488,19.520,751.48,667.31,57.34,217.74,0.5740,person
16,488,19.520,995.54,647.26,74.22,204.77,0.7803,person
26,488,19.520,896.49,631.63,72.63,225.01,0.6334,person
12,488,19.520,311.13,871.35,101.67,208.65,0.6113,person
29,488,19.520,1645.93,707.83,88.43,212.99,0.5697,person
31,488,19.520,233.40,809.31,92.21,267.39,0.6842,person
30,488,19.520,899.91,324.43,68.32,192.04,0.5294,person
20,489,19.560,751.65,667.45,57.27,217.29,0.6011,person
16,489,19.560,995.81,648.09,74.37,204.91,0.8062,person
26,489,19.560,896.03,632.49,72.44,223.70,0.6553,person
12,489,19.560,311.83,872.92,102.06,207.08,0.6161,person
29,489,19.560,1643.61,712.59,87.73,211.74,0.5600,person
31,489,19.560,233.37,812.15,92.07,265.54,0.6797,person
30,489,19.560,901.15,326.32,66.87,190.24,0.5307,person
20,490,19.600,751.62,667.44,57.54,218.10,0.5971,person
16,490,19.600,995.55,648.97,75.12,206.92,0.7900,person
26,490,19.600,896.38,633.54,71.70,221.21,0.6137,person
12,490,19.600,311.93,874.50,102.51,205.50,0.6381,person
29,490,19.600,1641.95,714.27,87.09,210.90,0.5333,person
31,490,19.600,231.36,814.28,91.79,263.53,0.6943,person
30,490,19.600,901.68,327.21,66.52,190.84,0.5759,person
28,490,19.600,311.16,524.74,79.68,208.67,0.5492,person
20,491,19.640,751.41,667.13,57.82,218.91,0.6043,person
16,491,19.640,996.01,652.66,75.57,208.82,0.7814,person
26,491,19.640,895.62,635.12,71.29,219.32,0.6682,person
12,491,19.640,313.84,875.14,103.14,204.86,0.6712,person
29,491,19.640,1639.74,716.05,86.70,210.27,0.5869,person
31,491,19.640,229.32,816.18,91.78,262.57,0.6887,person
30,491,19.640,902.14,330.09,66.22,191.65,0.5506,person
28,491,19.640,311.73,525.70,80.15,208.75,0.5679,person
20,492,19.680,750.28,662.05,60.09,228.61,0.5870,person
16,492,19.680,995.80,654.87,76.21,211.54,0.7532,person
26,492,19.680,895.03,635.41,71.52,219.41,0.7192,person
12,492,19.680,316.62,876.65,103.35,203.35,0.6789,person
29,492,19.680,1638.33,719.34,86.41,209.29,0.5237,person
31,492,19.680,225.85,817.23,91.43,261.98,0.6767,person
30,492,19.680,902.21,331.58,65.92,192.71,0.5612,person
20,493,19.720,749.97,660.31,60.49,231.39,0.5988,person
16,493,19.720,995.57,656.74,75.42,209.79,0.7503,person
26,493,19.720,894.17,636.97,72.19,220.74,0.7206,person
12,493,19.720,315.51,877.60,104.49,202.40,0.6883,person
29,493,19.720,1634.57,718.74,87.50,210.66,0.6354,person
31,493,19.720,222.84,818.36,90.54,260.27,0.7010,person
30,493,19.720,902.30,330.42,66.24,195.91,0.5901,person
32,493,19.720,205.89,379.23,69.22,197.32,0.6172,person
20,494,19.760,749.60,659.70,60.41,232.72,0.6023,person
16,494,19.760,995.33,659.20,74.77,208.49,0.7481,person
26,494,19.760,893.73,638.97,73.28,223.93,0.6920,person
12,494,19.760,314.36,879.86,105.20,200.14,0.6929,person
29,494,19.760,1631.67,719.96,87.46,209.45,0.5743,person
31,494,19.760,218.89,818.87,90.10,259.80,0.7127,person
30,494,19.760,902.70,330.44,65.92,197.13,0.5866,person
32,494,19.760,205.39,377.50,69.49,198.07,0.6215,person
20,495,19.800,749.28,659.22,60.16,233.55,0.5955,person
16,495,19.800,995.16,660.55,74.66,208.47,0.7317,person
26,495,19.800,893.21,642.23,74.10,226.08,0.6794,person
12,495,19.800,315.39,880.81,106.01,199.19,0.6985,person
29,495,19.800,1629.69,720.45,87.42,207.82,0.5047,person
31,495,19.800,216.96,819.49,89.76,258.49,0.6921,person
30,495,19.800,903.62,331.10,65.35,197.56,0.5506,person
32,495,19.800,203.84,375.93,69.54,198.27,0.5773,person
20,496,19.840,749.48,659.72,59.76,233.11,0.5915,person
16,496,19.840,994.23,661.45,75.69,212.00,0.7359,person
26,496,19.840,893.10,644.41,74.93,228.48,0.6381,person
12,496,19.840,316.39,881.44,106.52,198.56,0.6538,person
29,496,19.840,1627.74,721.29,87.08,205.62,0.5298,person
31,496,19.840,214.75,821.42,89.80,258.21,0.6405,person
32,496,19.840,201.24,374.51,69.10,197.15,0.5196,person
28,496,19.840,313.69,535.33,80.02,207.85,0.5453,person
20,497,19.880,749.52,660.04,59.39,232.95,0.5946,person
16,497,19.880,994.32,663.89,75.52,212.27,0.7110,person
26,497,19.880,892.61,646.26,74.96,229.08,0.5545,person
12,497,19.880,315.08,882.57,106.51,197.43,0.5746,person
29,497,19.880,1622.29,721.53,88.77,207.76,0.5699,person
31,497,19.880,213.09,824.04,89.39,255.96,0.5261,person
32,497,19.880,200.44,372.44,69.24,197.43,0.5154,person
28,497,19.880,312.49,536.64,80.84,209.27,0.5498,person
20,498,19.920,749.49,659.92,59.21,233.72,0.5812,person
16,498,19.920,995.12,665.73,74.70,210.54,0.6924,person
26,498,19.920,892.44,648.33,74.99,229.29,0.5817,person
12,498,19.920,314.16,883.75,105.50,196.25,0.5251,person
29,498,19.920,1618.08,722.93,89.98,208.94,0.6097,person
31,498,19.920,211.77,826.75,89.15,253.25,0.6981,person
32,498,19.920,200.98,370.98,68.69,195.31,0.5025,person
28,498,19.920,310.35,537.49,81.67,210.53,0.5967,person
33,498,19.920,967.91,321.61,71.69,195.26,0.6002,person
20,499,19.960,749.61,660.23,58.49,232.15,0.5763,person
16,499,19.960,994.65,666.96,74.64,210.67,0.7194,person
26,499,19.960,892.82,650.45,75.09,229.98,0.6237,person
12,499,19.960,315.12,885.39,103.54,193.58,0.5020,person
29,499,19.960,1615.07,723.28,90.96,211.22,0.5445,person
31,499,19.960,210.70,829.97,88.71,250.03,0.6552,person
32,499,19.960,201.67,368.79,69.55,196.94,0.5285,person
28,499,19.960,307.61,539.29,81.14,208.93,0.5403,person
33,499,19.960,968.39,324.70,71.40,194.44,0.5709,person
20,500,20.000,749.67,659.91,58.24,231.90,0.5762,person
16,500,20.000,994.61,667.44,74.83,211.50,0.7127,person
26,500,20.000,893.02,652.87,74.84,229.63,0.5795,person
12,500,20.000,318.97,888.07,101.99,189.96,0.5334,person
29,500,20.000,1612.25,725.36,91.64,213.30,0.5210,person
31,500,20.000,209.36,834.02,88.15,245.98,0.6879,person
28,500,20.000,306.21,540.12,80.74,208.11,0.5245,person
33,500,20.000,968.78,325.10,71.86,195.94,0.5593,person
20,501,20.040,749.82,659.64,57.97,231.71,0.5845,person
16,501,20.040,994.99,668.71,74.77,211.24,0.7231,person
26,501,20.040,893.77,654.28,74.35,229.24,0.5482,person
12,501,20.040,321.36,890.95,100.87,187.72,0.5177,person
31,501,20.040,207.76,837.22,87.93,242.78,0.6162,person
33,501,20.040,968.28,326.23,72.44,198.08,0.5907,person
20,502,20.080,750.16,659.59,57.52,230.69,0.5711,person
16,502,20.080,995.10,669.58,74.62,210.87,0.7282,person
26,502,20.080,891.14,654.54,75.22,231.02,0.6293,person
12,502,20.080,323.30,896.32,98.37,183.17,0.5502,person
31,502,20.080,205.61,840.43,87.55,239.57,0.5724,person
33,502,20.080,968.96,327.34,72.72,199.18,0.5802,person
30,502,20.080,906.46,334.18,64.24,194.83,0.5093,person
28,502,20.080,303.40,540.66,81.55,209.07,0.5190,person
20,503,20.120,750.02,659.70,57.39,230.92,0.5781,person
16,503,20.120,995.01,670.84,74.70,210.98,0.7572,person
26,503,20.120,889.65,655.68,75.29,230.12,0.6160,person
12,503,20.120,325.04,900.67,95.72,177.88,0.5478,person
31,503,20.120,202.94,844.48,86.80,235.52,0.5534,person
33,503,20.120,969.68,328.87,72.99,200.45,0.5688,person
28,503,20.120,302.89,540.12,82.32,210.48,0.5012,person
20,504,20.160,749.89,660.38,56.96,229.89,0.5800,person
16,504,20.160,994.75,672.30,74.04,208.05,0.7598,person
26,504,20.160,890.14,658.50,74.27,225.90,0.6097,person
12,504,20.160,327.08,902.49,95.04,175.79,0.5529,person
31,504,20.160,201.67,847.66,86.10,232.34,0.6236,person
33,504,20.160,969.95,329.22,72.85,200.40,0.5853,person
29,504,20.160,1608.41,737.31,85.62,200.06,0.5243,person
20,505,20.200,750.10,660.43,56.63,229.38,0.5809,person
16,505,20.200,994.33,674.19,74.37,208.09,0.7411,person
26,505,20.200,890.51,659.32,74.16,224.87,0.6153,person
12,505,20.200,327.04,904.07,94.93,175.26,0.5713,person
31,505,20.200,200.19,850.15,85.40,229.85,0.7248,person
33,505,20.200,970.44,330.42,72.20,199.11,0.5615,person
29,505,20.200,1604.67,739.86,88.10,207.21,0.5631,person
20,506,20.240,750.54,660.72,56.36,228.81,0.5574,person
16,506,20.240,993.57,675.64,75.99,212.43,0.7302,person
26,506,20.240,890.34,661.70,73.74,222.26,0.6347,person
12,506,20.240,326.87,906.84,93.34,172.48,0.5525,person
31,506,20.240,199.35,852.03,85.03,227.97,0.7240,person
33,506,20.240,970.62,330.72,71.36,196.70,0.5425,person
20,507,20.280,750.94,660.67,56.12,228.87,0.5521,person
16,507,20.280,992.80,676.86,77.72,217.69,0.7480,person
26,507,20.280,890.56,665.15,73.20,219.36,0.6356,person
12,507,20.280,325.34,909.66,91.37,170.13,0.5737,person
31,507,20.280,197.36,853.85,84.88,226.15,0.7436,person
33,507,20.280,971.41,331.19,70.98,195.63,0.5563,person
20,508,20.320,751.28,660.70,55.90,228.90,0.5720,person
16,508,20.320,993.23,678.81,77.89,218.61,0.7633,person
26,508,20.320,890.94,675.31,70.84,209.12,0.6426,person
12,508,20.320,327.23,910.36,91.54,169.60,0.5834,person
31,508,20.320,194.79,854.37,85.11,225.63,0.7561,person
33,508,20.320,971.84,330.47,71.03,195.74,0.5739,person
20,509,20.360,751.29,660.76,55.79,229.60,0.5577,person
16,509,20.360,993.53,681.04,76.86,216.17,0.7510,person
26,509,20.360,889.86,673.47,73.64,216.97,0.6405,person
12,509,20.360,329.59,911.51,91.90,168.49,0.6136,person
31,509,20.360,193.63,855.55,85.18,224.45,0.7272,person
33,509,20.360,971.40,330.12,71.35,195.94,0.5816,person
29,509,20.360,1587.45,741.20,92.95,214.39,0.5606,person
20,510,20.400,751.29,660.21,55.98,231.32,0.5549,person
16,510,20.400,993.97,683.81,76.10,214.25,0.7635,person
26,510,20.400,889.23,674.63,74.29,218.44,0.6010,person
12,510,20.400,331.11,912.99,92.59,167.01,0.6628,person
31,510,20.400,193.53,856.87,85.13,222.67,0.6616,person
33,510,20.400,972.11,330.23,71.29,195.43,0.5670,person
29,510,20.400,1583.83,741.97,94.34,213.65,0.5663,person
20,511,20.440,751.03,659.93,55.98,231.90,0.5595,person
16,511,20.440,994.09,686.11,76.50,215.50,0.7482,person
26,511,20.440,888.41,678.79,74.33,218.33,0.6350,person
12,511,20.440,331.28,913.94,93.66,166.06,0.6571,person
31,511,20.440,194.88,859.31,85.01,219.46,0.6532,person
33,511,20.440,971.68,330.17,72.25,198.01,0.5695,person
29,511,20.440,1581.33,744.14,96.15,214.67,0.5154,person
20,512,20.480,750.77,659.65,56.06,232.57,0.5681,person
16,512,20.480,994.99,688.12,76.92,216.75,0.7646,person
26,512,20.480,888.07,680.85,75.51,222.34,0.6451,person
12,512,20.480,330.36,914.05,95.43,165.95,0.6693,person
31,512,20.480,196.03,862.87,84.80,214.54,0.6310,person
33,512,20.480,972.04,331.61,72.73,199.72,0.5673,person
20,513,20.520,750.66,659.67,55.89,232.28,0.5646,person
16,513,20.520,996.30,690.31,77.28,217.40,0.7556,person
26,513,20.520,888.48,682.43,76.18,226.15,0.6553,person
12,513,20.520,329.56,915.23,96.74,164.77,0.6716,person
31,513,20.520,197.60,865.76,86.57,213.34,0.7388,person
33,513,20.520,972.95,332.86,72.37,199.31,0.5698,person
29,513,20.520,1578.57,749.61,99.91,222.94,0.5076,person
20,514,20.560,750.93,659.86,55.83,232.07,0.5527,person
16,514,20.560,996.36,690.95,77.05,216.29,0.7485,person
26,514,20.560,890.49,684.17,76.12,226.89,0.5744,person
12,514,20.560,328.35,916.97,97.87,163.03,0.6658,person
31,514,20.560,198.65,869.46,87.88,209.60,0.7081,person
33,514,20.560,973.84,335.42,72.33,200.19,0.5453,person
29,514,20.560,1578.80,752.58,99.55,221.72,0.6677,person
30,514,20.560,909.74,350.91,65.00,201.86,0.5120,person
20,515,20.600,750.72,660.25,55.60,231.26,0.5542,person
16,515,20.600,996.50,691.86,77.14,216.05,0.7397,person
26,515,20.600,891.88,686.47,75.68,226.70,0.5406,person
12,515,20.600,327.55,918.91,99.00,161.09,0.6788,person
31,515,20.600,198.71,875.53,88.65,204.07,0.7353,person
33,515,20.600,973.78,337.60,72.46,201.44,0.5301,person
29,515,20.600,1577.67,755.11,99.60,221.22,0.6729,person
20,516,20.640,750.59,660.04,55.55,230.90,0.5222,person
16,516,20.640,996.51,692.58,77.06,215.33,0.7356,person
26,516,20.640,892.30,687.58,75.12,225.70,0.5148,person
12,516,20.640,327.05,921.04,100.26,158.96,0.7127,person
31,516,20.640,198.07,880.30,89.69,199.03,0.7516,person
33,516,20.640,972.32,339.00,72.90,202.35,0.5710,person
29,516,20.640,1577.02,756.86,98.57,219.21,0.5942,person
20,517,20.680,750.71,660.64,55.36,229.89,0.5225,person
16,517,20.680,996.52,694.47,76.31,212.49,0.7455,person
26,517,20.680,892.47,689.49,74.80,225.41,0.5207,person
12,517,20.680,325.75,923.64,101.42,156.36,0.7285,person
31,517,20.680,197.37,883.96,91.24,195.85,0.7588,person
33,517,20.680,971.96,339.57,73.36,203.72,0.5956,person
29,517,20.680,1575.60,760.00,98.53,219.42,0.5643,person
20,518,20.720,750.91,660.39,55.24,229.36,0.5355,person
16,518,20.720,996.35,696.45,75.98,210.68,0.7630,person
26,518,20.720,893.01,692.20,73.72,222.93,0.5139,person
12,518,20.720,323.55,927.50,102.12,152.50,0.7399,person
31,518,20.720,195.18,886.06,92.66,193.38,0.7628,person
33,518,20.720,972.19,341.60,73.24,203.55,0.6032,person
29,518,20.720,1573.04,762.12,97.75,217.23,0.6355,person
20,519,20.760,751.16,660.20,55.10,229.11,0.5105,person
16,519,20.760,996.83,697.41,76.53,211.66,0.7730,person
26,519,20.760,892.62,694.44,73.15,221.15,0.5245,person
12,519,20.760,322.10,931.18,102.55,148.26,0.7230,person
31,519,20.760,192.66,887.42,94.04,192.04,0.7622,person
33,519,20.760,972.99,343.23,72.88,203.01,0.5621,person
29,519,20.760,1570.91,765.59,96.99,214.59,0.5063,person
20,520,20.800,752.84,664.69,53.36,220.63,0.5258,person
16,520,20.800,997.47,698.92,77.17,213.11,0.7395,person
26,520,20.800,891.80,695.65,73.23,221.03,0.5727,person
12,520,20.800,320.96,934.51,103.18,144.34,0.7115,person
31,520,20.800,191.71,889.03,95.30,190.81,0.7417,person
33,520,20.800,972.79,346.23,72.82,202.62,0.5426,person
29,520,20.800,1568.87,768.30,96.75,212.11,0.5329,person
20,521,20.840,751.47,661.76,54.62,225.96,0.5241,person
16,521,20.840,996.18,701.64,78.09,215.82,0.7706,person
26,521,20.840,891.40,696.41,73.23,220.44,0.5835,person
12,521,20.840,319.65,936.44,104.80,142.24,0.7012,person
31,521,20.840,188.91,890.43,95.91,189.55,0.7382,person
33,521,20.840,973.00,348.88,72.36,201.16,0.5225,person
32,521,20.840,219.66,345.25,64.87,179.26,0.5076,person
20,522,20.880,751.11,660.56,55.36,228.79,0.5613,person
16,522,20.880,995.79,703.80,78.75,217.70,0.7715,person
26,522,20.880,891.40,697.29,73.38,220.07,0.5933,person
12,522,20.880,319.81,938.70,106.34,140.47,0.6929,person
31,522,20.880,183.86,891.72,95.32,188.28,0.7013,person
33,522,20.880,972.58,350.78,72.03,200.03,0.5242,person
32,522,20.880,220.09,344.56,65.63,179.15,0.5048,person
20,523,20.920,750.67,659.69,55.91,230.89,0.5389,person
16,523,20.920,996.00,707.02,78.15,216.26,0.7413,person
26,523,20.920,891.96,698.08,72.86,217.29,0.5851,person
12,523,20.920,320.12,940.33,107.90,139.01,0.6026,person
31,523,20.920,180.68,892.38,94.80,187.62,0.7047,person
33,523,20.920,972.99,351.55,72.79,201.26,0.5186,person
20,524,20.960,750.70,660.46,55.73,230.01,0.5032,person
16,524,20.960,995.74,709.81,77.85,215.74,0.7230,person
26,524,20.960,892.14,697.81,73.58,218.27,0.5980,person
12,524,20.960,320.78,942.31,108.92,137.11,0.6165,person
31,524,20.960,176.81,894.85,93.51,185.15,0.7269,person
33,524,20.960,972.22,351.81,73.22,201.91,0.5170,person
30,524,20.960,910.26,366.07,62.41,194.63,0.5626,person
20,525,21.000,753.23,666.71,53.92,221.13,0.5260,person
16,525,21.000,994.83,711.89,77.47,215.25,0.7144,person
26,525,21.000,890.61,699.01,74.45,220.36,0.6451,person
12,525,21.000,321.61,943.80,109.80,135.55,0.6331,person
31,525,21.000,173.99,896.40,92.85,183.34,0.7094,person
33,525,21.000,971.33,352.67,72.87,201.26,0.5040,person
29,525,21.000,1556.35,769.92,96.58,216.77,0.5647,person
20,526,21.040,752.05,664.41,55.04,225.53,0.5409,person
16,526,21.040,993.31,713.24,78.36,218.47,0.7115,person
26,526,21.040,889.86,700.79,74.92,221.89,0.6388,person
12,526,21.040,322.77,945.32,110.68,134.32,0.6655,person
31,526,21.040,174.48,898.46,92.18,181.46,0.6819,person
33,526,21.040,972.37,352.65,72.33,200.63,0.5155,person
30,526,21.040,911.91,369.01,62.07,193.77,0.5009,person
20,527,21.080,751.58,663.80,55.52,226.94,0.5472,person
16,527,21.080,991.36,715.17,78.51,218.81,0.7331,person
26,527,21.080,890.29,703.81,75.49,223.59,0.6433,person
12,527,21.080,324.73,947.00,110.87,132.78,0.6825,person
31,527,21.080,175.51,900.90,91.01,179.09,0.6797,person
33,527,21.080,974.32,353.27,71.17,197.90,0.5138,person
30,527,21.080,911.22,370.97,62.84,195.65,0.5156,person
29,527,21.080,1553.17,775.04,94.53,218.62,0.5117,person
20,528,21.120,753.93,669.61,53.32,216.05,0.5275,person
16,528,21.120,989.79,716.45,78.14,217.84,0.7296,person
26,528,21.120,891.16,705.63,75.78,224.57,0.6388,person
12,528,21.120,325.76,948.58,110.73,131.32,0.6907,person
31,528,21.120,174.24,906.36,89.06,173.47,0.7079,person
30,528,21.120,911.85,373.58,63.03,195.87,0.5506,person
29,528,21.120,1554.15,778.21,94.27,221.99,0.5946,person
20,529,21.160,752.80,668.98,54.24,219.15,0.5235,person
16,529,21.160,988.57,717.74,77.73,216.93,0.7364,person
26,529,21.160,893.02,707.65,75.93,226.43,0.6330,person
12,529,21.160,326.98,950.13,110.26,129.86,0.6949,person
31,529,21.160,174.28,910.24,88.08,169.71,0.7126,person
30,529,21.160,912.35,374.71,63.04,196.08,0.5563,person
29,529,21.160,1554.97,782.59,91.86,218.68,0.5535,person
33,529,21.160,975.53,353.73,70.02,195.53,0.5270,person
20,530,21.200,754.18,672.03,52.89,212.32,0.5340,person
16,530,21.200,986.68,718.91,77.60,216.24,0.7259,person
26,530,21.200,895.05,710.32,75.24,225.46,0.6122,person
12,530,21.200,328.36,951.69,109.42,128.31,0.7053,person
31,530,21.200,175.63,914.18,86.67,165.82,0.7289,person
29,530,21.200,1555.95,787.17,89.91,215.58,0.5984,person
33,530,21.200,976.06,353.45,69.83,195.66,0.5151,person
20,531,21.240,753.08,669.78,54.12,217.03,0.5519,person
16,531,21.240,985.40,719.50,77.90,215.44,0.7022,person
26,531,21.240,896.60,711.06,73.10,217.74,0.5974,person
12,531,21.240,329.51,953.63,107.89,126.37,0.7158,person
31,531,21.240,174.55,918.62,84.81,161.38,0.7117,person
29,531,21.240,1555.67,790.75,87.09,210.84,0.5893,person
33,531,21.240,975.52,355.11,69.59,194.95,0.5218,person
28,531,21.240,279.89,581.13,84.84,220.25,0.5006,person
20,532,21.280,752.38,669.61,54.84,219.52,0.5184,person
16,532,21.280,984.66,720.30,78.17,214.24,0.7427,person
26,532,21.280,897.34,714.39,74.34,223.53,0.5806,person
12,532,21.280,331.24,956.50,105.51,123.50,0.7223,person
31,532,21.280,170.58,922.95,83.81,157.05,0.6714,person
29,532,21.280,1555.98,793.67,84.97,206.84,0.5156,person
33,532,21.280,975.62,357.01,70.15,196.28,0.5114,person
28,532,21.280,280.12,581.86,83.83,220.86,0.5303,person
30,532,21.280,913.87,376.24,63.19,198.45,0.5087,person
20,533,21.320,753.10,669.72,54.08,215.46,0.5280,person
16,533,21.320,983.91,721.11,78.75,214.14,0.7137,person
26,533,21.320,898.12,717.27,74.27,225.36,0.5651,person
12,533,21.320,332.54,959.88,102.64,120.12,0.6704,person
31,533,21.320,169.17,925.66,83.07,154.34,0.6850,person
33,533,21.320,976.51,360.31,70.83,197.00,0.5030,person
28,533,21.320,280.30,584.94,82.15,217.46,0.5334,person
20,534,21.360,751.97,668.54,55.12,219.82,0.5058,person
16,534,21.360,982.40,722.72,80.15,216.08,0.7411,person
26,534,21.360,899.55,719.53,73.66,225.59,0.5924,person
12,534,21.360,332.90,962.62,100.08,117.38,0.6384,person
31,534,21.360,166.87,926.58,83.30,153.42,0.6733,person
33,534,21.360,977.71,361.94,71.24,196.96,0.5466,person
28,534,21.360,278.58,584.86,81.36,217.09,0.5926,person
32,534,21.360,219.92,330.00,75.32,210.75,0.5019,person
30,534,21.360,915.10,375.90,63.02,199.48,0.5231,person
20,535,21.400,751.34,667.87,55.68,222.47,0.5090,person
16,535,21.400,979.82,725.11,82.30,220.35,0.7328,person
26,535,21.400,900.07,721.39,73.36,226.33,0.6223,person
12,535,21.400,333.14,965.94,97.01,114.06,0.6209,person
31,535,21.400,164.98,929.45,82.72,150.55,0.6848,person
33,535,21.400,978.77,361.89,72.05,197.47,0.5598,person
28,535,21.400,276.93,584.86,80.62,217.37,0.5413,person
30,535,21.400,915.50,375.48,62.43,199.15,0.5416,person
20,536,21.440,751.23,667.91,55.65,222.80,0.5060,person
16,536,21.440,978.83,728.05,83.47,221.98,0.7228,person
26,536,21.440,900.37,722.68,72.88,225.92,0.6403,person
12,536,21.440,332.67,967.79,94.80,112.18,0.5727,person
31,536,21.440,163.72,932.50,82.22,147.50,0.6356,person
33,536,21.440,979.16,364.78,72.32,196.89,0.5541,person
28,536,21.440,275.19,583.91,80.11,219.26,0.5229,person
20,537,21.480,751.29,667.22,55.89,224.45,0.5186,person
16,537,21.480,976.74,730.30,83.78,221.67,0.7064,person
26,537,21.480,899.90,725.04,71.92,221.99,0.6710,person
12,537,21.480,332.75,969.75,92.54,110.09,0.5974,person
31,537,21.480,160.40,934.38,82.85,145.62,0.6577,person
33,537,21.480,978.53,364.97,73.53,198.98,0.5509,person
28,537,21.480,272.07,585.03,80.07,220.01,0.5226,person
20,538,21.520,751.67,667.13,55.75,224.09,0.5025,person
16,538,21.520,976.50,734.77,83.06,217.86,0.7582,person
26,538,21.520,898.50,724.54,72.59,223.00,0.6747,person
12,538,21.520,333.03,971.24,91.18,108.71,0.6170,person
31,538,21.520,157.23,936.04,83.63,143.96,0.6214,person
33,538,21.520,978.47,365.64,74.32,199.96,0.5616,person
28,538,21.520,269.37,588.34,80.18,222.25,0.5079,person
29,538,21.520,1537.07,805.32,108.14,263.30,0.5175,person
30,538,21.520,917.49,375.36,62.69,200.40,0.5454,person
20,539,21.560,751.43,666.91,55.87,224.38,0.5107,person
16,539,21.560,977.13,738.17,82.31,215.17,0.8032,person
26,539,21.560,897.85,725.62,72.71,221.64,0.6890,person
12,539,21.560,333.74,973.07,89.58,106.92,0.6249,person
31,539,21.560,155.38,936.99,84.76,143.01,0.6270,person
33,539,21.560,980.69,368.70,74.03,198.67,0.5935,person
29,539,21.560,1535.86,806.16,108.35,262.89,0.5306,person
30,539,21.560,918.31,375.72,63.01,201.24,0.5922,person
20,540,21.600,751.96,669.43,54.91,220.83,0.5185,person
16,540,21.600,978.49,740.34,81.92,214.00,0.7962,person
26,540,21.600,898.06,728.15,72.31,219.22,0.7167,person
12,540,21.600,334.03,975.50,87.67,104.50,0.6118,person
31,540,21.600,153.07,938.08,86.52,141.92,0.6412,person
33,540,21.600,982.95,370.36,73.68,197.71,0.5666,person
29,540,21.600,1532.39,806.32,110.57,267.31,0.5858,person
30,540,21.600,918.16,375.52,64.06,203.72,0.5097,person
20,541,21.640,753.61,672.55,53.25,213.11,0.5211,person
16,541,21.640,979.37,741.74,82.43,215.67,0.7713,person
26,541,21.640,899.09,729.56,72.30,219.00,0.7052,person
12,541,21.640,333.78,976.99,86.59,103.01,0.6220,person
31,541,21.640,152.08,941.25,87.21,138.75,0.5892,person
33,541,21.640,985.11,371.11,73.46,197.33,0.5506,person
29,541,21.640,1531.33,806.50,110.95,269.15,0.6455,person
20,542,21.680,754.20,673.93,52.82,210.87,0.5347,person
16,542,21.680,979.60,742.37,82.88,217.15,0.7814,person
26,542,21.680,899.60,729.17,73.71,222.56,0.7036,person
12,542,21.680,333.26,978.83,85.35,101.17,0.6460,person
31,542,21.680,153.17,945.83,86.45,134.17,0.5994,person
33,542,21.680,986.48,370.83,73.45,197.52,0.5466,person
29,542,21.680,1531.54,807.09,110.75,269.04,0.6761,person
20,543,21.720,754.31,674.51,52.86,210.31,0.5105,person
16,543,21.720,979.88,743.19,82.85,217.61,0.7884,person
26,543,21.720,900.68,727.65,75.68,228.60,0.7054,person
12,543,21.720,333.34,982.00,83.09,98.00,0.6674,person
31,543,21.720,155.24,948.92,86.83,131.08,0.6086,person
33,543,21.720,988.10,369.68,74.17,199.32,0.5605,person
29,543,21.720,1532.81,807.24,110.80,269.99,0.6379,person
20,544,21.760,754.37,674.12,53.37,211.96,0.5147,person
16,544,21.760,980.71,743.12,84.18,222.58,0.7486,person
26,544,21.760,901.45,729.28,76.83,231.99,0.6913,person
12,544,21.760,333.98,984.82,81.45,95.18,0.6650,person
31,544,21.760,157.18,952.91,87.66,127.09,0.6273,person
33,544,21.760,989.64,371.26,73.97,199.74,0.5647,person
29,544,21.760,1534.08,807.75,110.59,271.31,0.6203,person
20,545,21.800,754.71,674.21,53.54,212.28,0.5171,person
16,545,21.800,981.11,744.39,83.89,222.75,0.7278,person
26,545,21.800,902.48,732.53,77.24,233.45,0.6777,person
12,545,21.800,334.18,986.10,81.30,93.90,0.6772,person
31,545,21.800,156.55,958.01,88.41,121.99,0.5567,person
33,545,21.800,990.55,371.53,73.87,200.11,0.5776,person
29,545,21.800,1535.17,808.20,110.42,271.80,0.6340,person
20,546,21.840,754.54,673.16,53.66,212.79,0.5144,person
16,546,21.840,981.49,746.20,83.30,221.76,0.7328,person
26,546,21.840,903.18,734.99,76.94,233.53,0.6794,person
12,546,21.840,333.90,987.56,80.92,92.44,0.6632,person
31,546,21.840,155.22,961.93,89.88,118.07,0.6051,person
33,546,21.840,990.93,371.90,74.11,201.39,0.5765,person
29,546,21.840,1535.34,808.35,109.52,271.65,0.6256,person
20,547,21.880,754.50,672.00,53.97,213.56,0.5430,person
16,547,21.880,980.78,747.25,83.05,221.49,0.7503,person
26,547,21.880,904.03,739.45,76.03,232.46,0.6798,person
12,547,21.880,334.65,989.66,80.00,90.34,0.6619,person
31,547,21.880,153.33,966.28,89.90,113.72,0.6167,person
33,547,21.880,991.75,372.13,74.40,203.46,0.5615,person
29,547,21.880,1534.14,811.98,107.70,268.02,0.6457,person
20,548,21.920,752.70,670.52,55.38,219.79,0.5094,person
16,548,21.920,980.80,749.22,81.95,218.33,0.7522,person
26,548,21.920,904.13,742.46,75.49,232.11,0.6450,person
12,548,21.920,334.69,991.85,78.97,88.15,0.6532,person
31,548,21.920,151.57,970.34,89.54,109.66,0.6018,person
33,548,21.920,991.85,371.97,74.72,204.99,0.5408,person
29,548,21.920,1534.33,813.05,107.20,266.95,0.7007,person
28,548,21.920,262.67,610.75,75.36,214.20,0.5322,person
16,549,21.960,980.70,751.52,81.40,217.35,0.7632,person
26,549,21.960,903.97,744.33,74.87,231.26,0.6464,person
12,549,21.960,335.73,995.29,76.92,84.71,0.6653,person
31,549,21.960,150.57,972.83,89.99,107.17,0.5771,person
33,549,21.960,991.56,371.85,74.92,206.17,0.5455,person
29,549,21.960,1534.19,813.71,107.00,266.29,0.6972,person
28,549,21.960,263.99,611.78,73.98,213.69,0.5540,person
16,550,22.000,979.03,754.44,81.14,217.23,0.7646,person
26,550,22.000,903.24,745.75,74.27,230.12,0.6693,person
12,550,22.000,336.00,997.44,76.19,82.56,0.6686,person
31,550,22.000,147.70,974.42,90.54,105.58,0.6205,person
33,550,22.000,991.16,372.06,75.85,209.87,0.5288,person
29,550,22.000,1533.78,811.60,107.11,268.08,0.6303,person
28,550,22.000,263.73,611.66,73.39,215.41,0.5826,person
16,551,22.040,976.95,756.56,82.40,220.23,0.7721,person
26,551,22.040,902.55,747.26,73.89,229.11,0.6850,person
12,551,22.040,336.78,1001.07,74.12,78.93,0.6610,person
31,551,22.040,146.22,975.54,91.13,104.46,0.6500,person
33,551,22.040,990.34,373.01,76.51,213.13,0.5459,person
29,551,22.040,1538.37,812.67,106.95,267.33,0.6320,person
28,551,22.040,264.96,612.20,72.71,215.01,0.5827,person
16,552,22.080,976.09,758.25,83.35,223.38,0.7725,person
26,552,22.080,901.73,747.59,73.87,229.22,0.6643,person
12,552,22.080,337.63,1006.48,70.64,73.52,0.5922,person
31,552,22.080,147.22,977.10,91.18,102.90,0.6452,person
33,552,22.080,990.45,375.06,76.36,213.97,0.5169,person
29,552,22.080,1538.05,812.67,106.64,267.33,0.5758,person
28,552,22.080,265.92,613.99,72.34,215.98,0.6226,person
16,553,22.120,975.75,760.41,83.08,222.75,0.7710,person
26,553,22.120,901.12,748.46,74.09,228.90,0.6622,person
12,553,22.120,338.31,1010.34,68.74,69.66,0.5587,person
31,553,22.120,146.88,978.89,90.47,101.11,0.6329,person
33,553,22.120,991.09,377.31,75.81,213.03,0.5333,person
29,553,22.120,1540.31,835.08,98.32,244.92,0.5838,person
28,553,22.120,265.87,615.52,72.21,217.22,0.6302,person
16,554,22.160,975.73,762.44,82.68,221.52,0.7610,person
26,554,22.160,900.02,749.41,74.13,227.92,0.6718,person
12,554,22.160,337.56,1012.29,68.52,67.71,0.5600,person
31,554,22.160,146.75,981.04,89.37,98.96,0.6211,person
33,554,22.160,991.26,378.99,75.63,213.16,0.5586,person
29,554,22.160,1542.07,846.98,93.72,233.02,0.6063,person
28,554,22.160,265.18,617.33,72.48,219.43,0.5779,person
16,555,22.200,973.39,765.34,82.94,221.77,0.7468,person
26,555,22.200,898.81,747.97,74.79,229.64,0.6699,person
12,555,22.200,337.61,1014.13,68.40,65.87,0.5655,person
31,555,22.200,147.02,983.41,87.74,96.59,0.5869,person
33,555,22.200,991.94,379.53,75.47,213.31,0.5737,person
29,555,22.200,1547.98,854.06,90.36,225.94,0.6096,person
28,555,22.200,265.77,619.67,71.14,215.75,0.5511,person
16,556,22.240,972.40,767.91,83.57,223.33,0.7306,person
26,556,22.240,898.96,746.98,75.19,231.15,0.6788,person
12,556,22.240,338.22,1015.88,68.07,64.12,0.5254,person
31,556,22.240,146.41,986.30,86.11,93.70,0.5801,person
33,556,22.240,991.32,382.95,74.68,212.16,0.5831,person
29,556,22.240,1553.30,858.06,89.03,221.94,0.6453,person
28,556,22.240,264.30,621.45,71.85,219.13,0.5657,person
20,556,22.240,754.32,666.80,56.11,220.62,0.5131,person
16,557,22.280,971.55,769.66,84.36,225.94,0.7187,person
26,557,22.280,898.82,748.27,74.97,230.60,0.6661,person
33,557,22.280,990.57,385.29,74.73,212.96,0.5932,person
29,557,22.280,1555.35,861.37,87.58,218.63,0.6127,person
28,557,22.280,262.57,623.46,72.37,221.55,0.5620,person
16,558,22.320,971.28,770.56,84.10,225.71,0.7127,person
26,558,22.320,898.90,748.84,75.62,233.64,0.6438,person
33,558,22.320,989.89,387.57,74.28,211.78,0.5701,person
29,558,22.320,1555.28,864.04,85.70,215.96,0.5842,person
28,558,22.320,260.25,625.65,73.12,223.09,0.5590,person
20,558,22.320,754.11,667.20,56.34,219.59,0.5032,person
16,559,22.360,971.18,772.94,83.38,223.94,0.7265,person
26,559,22.360,898.70,752.72,75.64,233.87,0.6364,person
33,559,22.360,989.65,387.82,74.17,211.69,0.5311,person
29,559,22.360,1556.57,865.31,84.64,214.69,0.5809,person
28,559,22.360,259.63,627.81,72.92,222.34,0.5492,person
20,559,22.360,752.04,663.57,58.47,227.39,0.5183,person
16,560,22.400,971.59,773.33,82.27,221.04,0.7298,person
26,560,22.400,897.19,753.79,77.08,239.48,0.6398,person
33,560,22.400,990.55,389.46,73.11,209.28,0.5458,person
29,560,22.400,1557.01,867.51,83.31,212.49,0.5486,person
28,560,22.400,258.67,628.89,73.15,223.12,0.6099,person
20,560,22.400,751.61,662.27,59.40,229.22,0.5325,person
16,561,22.440,971.14,774.66,82.51,221.17,0.7514,person
26,561,22.440,896.41,756.08,77.81,241.68,0.6377,person
33,561,22.440,990.75,390.27,72.83,209.21,0.5386,person
29,561,22.440,1555.02,869.65,81.96,210.35,0.5608,person
28,561,22.440,258.03,629.87,72.91,222.46,0.5998,person
20,561,22.440,750.47,658.23,61.68,235.44,0.5227,person
16,562,22.480,971.19,776.69,82.44,220.25,0.7702,person
26,562,22.480,897.35,759.56,78.28,243.79,0.6670,person
33,562,22.480,990.85,390.98,72.39,208.69,0.5139,person
28,562,22.480,257.80,630.29,71.20,218.14,0.5359,person
16,563,22.520,971.31,778.59,82.32,218.87,0.7740,person
26,563,22.520,897.84,763.09,77.98,243.69,0.6708,person
28,563,22.520,257.25,631.04,71.29,218.52,0.6068,person
16,564,22.560,971.39,781.51,82.77,219.32,0.7655,person
26,564,22.560,896.69,765.66,77.84,243.59,0.6457,person
28,564,22.560,256.74,630.46,71.42,219.78,0.6198,person
16,565,22.600,971.05,783.67,83.54,220.79,0.7718,person
26,565,22.600,897.02,769.06,77.14,241.48,0.6459,person
28,565,22.600,255.76,631.14,71.47,220.58,0.6203,person
16,566,22.640,970.88,785.00,85.29,225.47,0.7694,person
26,566,22.640,897.23,769.73,76.94,240.96,0.6683,person
28,566,22.640,255.16,633.24,71.67,221.65,0.6430,person
16,567,22.680,970.25,786.56,86.46,228.45,0.7768,person
26,567,22.680,897.80,770.35,76.93,240.52,0.6656,person
28,567,22.680,252.08,634.18,71.92,221.70,0.5951,person
29,567,22.680,1553.96,877.30,82.29,202.70,0.5269,person
20,567,22.680,749.99,654.25,63.11,241.90,0.5319,person
33,567,22.680,992.28,391.32,71.20,205.83,0.5257,person
16,568,22.720,970.86,789.13,86.25,227.77,0.7683,person
26,568,22.720,897.50,772.05,76.81,238.57,0.6406,person
28,568,22.720,250.67,635.79,72.53,224.04,0.5063,person
29,568,22.720,1553.71,879.14,83.43,200.86,0.5328,person
20,568,22.720,751.30,654.12,62.91,241.34,0.5303,person
33,568,22.720,992.71,393.06,71.24,206.89,0.5026,person
16,569,22.760,971.03,791.92,85.64,225.27,0.7525,person
26,569,22.760,895.84,773.57,76.98,237.13,0.6227,person
28,569,22.760,250.68,638.00,72.49,225.10,0.5494,person
29,569,22.760,1555.67,880.56,84.53,199.39,0.5408,person
20,569,22.760,751.59,654.00,63.26,243.05,0.5632,person
33,569,22.760,992.44,391.78,72.08,210.48,0.5256,person
16,570,22.800,973.46,794.60,86.81,228.60,0.7475,person
26,570,22.800,893.57,775.25,77.24,235.35,0.6554,person
28,570,22.800,252.11,641.56,70.77,221.78,0.5684,person
29,570,22.800,1557.54,883.63,84.72,196.37,0.6456,person
20,570,22.800,752.52,654.36,63.21,242.72,0.5946,person
16,571,22.840,975.00,797.28,87.53,231.47,0.7501,person
26,571,22.840,891.92,776.12,78.03,235.53,0.6385,person
28,571,22.840,252.49,645.05,69.84,220.76,0.6212,person
29,571,22.840,1559.00,887.30,84.12,192.70,0.6391,person
20,571,22.840,752.94,655.03,62.98,241.92,0.5858,person
16,572,22.880,976.48,798.53,87.12,231.25,0.7584,person
26,572,22.880,891.82,777.53,78.22,233.99,0.6285,person
28,572,22.880,251.95,647.76,69.72,222.07,0.6618,person
29,572,22.880,1560.88,891.05,83.61,188.95,0.6383,person
20,572,22.880,753.84,655.45,62.59,240.47,0.5898,person
16,573,22.920,977.91,799.34,87.00,232.37,0.7570,person
26,573,22.920,890.14,777.49,79.77,236.64,0.6537,person
28,573,22.920,250.77,648.20,70.26,224.79,0.6231,person
29,573,22.920,1562.64,895.40,82.56,184.60,0.6285,person
20,573,22.920,754.49,655.93,62.31,239.24,0.5910,person
16,574,22.960,979.45,800.29,85.81,230.15,0.7450,person
26,574,22.960,890.16,782.00,79.18,233.94,0.6901,person
28,574,22.960,249.43,649.13,70.71,227.27,0.6270,person
29,574,22.960,1563.24,898.83,82.01,181.17,0.6339,person
20,574,22.960,754.47,654.75,61.96,238.64,0.5656,person
16,575,23.000,981.00,802.33,84.35,226.91,0.7436,person
26,575,23.000,890.58,786.13,78.46,231.75,0.6806,person
28,575,23.000,249.11,650.54,70.68,227.85,0.5343,person
29,575,23.000,1563.21,901.74,81.38,178.16,0.6276,person
20,575,23.000,754.36,654.36,61.59,237.85,0.5735,person
16,576,23.040,982.38,804.30,83.25,225.01,0.7343,person
26,576,23.040,890.82,791.71,78.50,231.95,0.6406,person
29,576,23.040,1562.02,905.11,79.79,174.89,0.6351,person
20,576,23.040,754.33,654.56,60.46,234.41,0.5774,person
33,576,23.040,992.95,407.89,71.62,210.61,0.5351,person
16,577,23.080,984.21,807.01,81.60,221.12,0.7255,person
26,577,23.080,890.67,793.80,79.26,235.07,0.6339,person
29,577,23.080,1560.71,906.83,79.41,172.96,0.6281,person
20,577,23.080,754.58,654.90,60.10,233.23,0.6001,person
16,578,23.120,985.02,809.92,80.48,218.89,0.7197,person
26,578,23.120,890.19,794.74,79.99,238.06,0.6171,person
29,578,23.120,1558.35,908.02,79.32,171.56,0.6149,person
20,578,23.120,754.73,655.79,60.53,234.25,0.5964,person
16,579,23.160,983.57,811.64,80.40,218.24,0.7269,person
26,579,23.160,889.77,797.04,79.99,238.49,0.6187,person
29,579,23.160,1556.59,909.78,78.66,170.14,0.6252,person
20,579,23.160,754.76,655.22,60.48,233.86,0.5924,person
16,580,23.200,982.43,813.54,82.09,222.79,0.7468,person
26,580,23.200,889.91,798.44,81.12,243.23,0.5786,person
29,580,23.200,1555.81,911.07,78.04,168.93,0.5934,person
20,580,23.200,754.60,654.88,61.37,237.14,0.5769,person
33,580,23.200,995.32,411.58,70.90,207.03,0.5128,person
16,581,23.240,982.11,815.91,83.47,227.23,0.7669,person
26,581,23.240,890.24,799.84,81.08,244.41,0.6097,person
29,581,23.240,1555.48,912.40,77.44,167.60,0.6371,person
20,581,23.240,754.76,654.10,61.98,239.07,0.5747,person
28,581,23.240,243.02,655.15,68.65,221.09,0.5509,person
16,582,23.280,980.88,817.55,84.97,232.15,0.7713,person
26,582,23.280,889.24,800.19,81.53,246.17,0.6616,person
29,582,23.280,1554.55,913.52,76.98,166.48,0.6070,person
20,582,23.280,755.18,654.30,61.68,237.26,0.5492,person
28,582,23.280,242.59,656.39,69.00,221.59,0.5859,person
16,583,23.320,980.84,819.02,84.88,232.58,0.7596,person
26,583,23.320,888.29,800.54,81.78,247.22,0.6573,person
29,583,23.320,1555.11,914.38,76.48,165.62,0.5678,person
20,583,23.320,755.58,654.76,60.91,233.45,0.5562,person
28,583,23.320,241.19,659.15,69.11,219.48,0.6489,person
33,583,23.320,997.50,412.89,72.03,207.79,0.5322,person
16,584,23.360,980.87,820.72,84.88,233.69,0.7230,person
26,584,23.360,887.56,801.38,81.86,247.68,0.6234,person
29,584,23.360,1554.50,916.39,75.57,163.61,0.6525,person
20,584,23.360,756.25,656.89,60.60,231.40,0.5373,person
28,584,23.360,242.40,660.01,70.89,225.42,0.6267,person
33,584,23.360,997.61,413.74,72.04,206.01,0.5278,person
16,585,23.400,981.03,827.57,82.75,226.61,0.7279,person
26,585,23.400,887.01,802.59,81.45,245.97,0.6172,person
29,585,23.400,1553.89,919.78,74.72,160.22,0.5694,person
20,585,23.400,756.54,658.65,60.58,230.57,0.5261,person
28,585,23.400,243.18,663.14,71.48,227.81,0.5863,person
33,585,23.400,998.09,415.76,72.41,205.27,0.5239,person
16,586,23.440,980.82,831.96,81.94,222.90,0.7694,person
26,586,23.440,886.42,803.01,81.65,245.86,0.6008,person
29,586,23.440,1553.52,923.98,73.56,156.02,0.5778,person
20,586,23.440,758.08,661.86,59.10,224.22,0.5094,person
28,586,23.440,244.37,666.77,71.45,227.76,0.6039,person
33,586,23.440,998.63,417.83,72.60,203.58,0.5177,person
34,586,23.440,847.05,561.36,89.64,241.53,0.5926,person
16,587,23.480,979.94,834.19,81.83,221.48,0.7820,person
26,587,23.480,886.76,802.31,80.96,242.97,0.5868,person
29,587,23.480,1553.61,929.56,71.72,150.44,0.6251,person
20,587,23.480,758.25,662.49,58.78,222.07,0.5254,person
28,587,23.480,245.31,670.29,70.54,225.12,0.5873,person
33,587,23.480,998.55,419.82,73.72,205.01,0.5062,person
34,587,23.480,847.92,566.12,90.10,242.72,0.5947,person
16,588,23.520,979.55,835.70,81.78,220.34,0.7821,person
26,588,23.520,887.70,805.01,79.77,239.27,0.5954,person
29,588,23.520,1552.75,934.84,70.34,145.16,0.5678,person
28,588,23.520,245.94,672.50,70.69,225.95,0.5902,person
33,588,23.520,997.95,422.23,74.12,205.03,0.5121,person
34,588,23.520,849.26,571.95,88.49,238.09,0.5931,person
16,589,23.560,978.13,836.20,81.95,219.35,0.7374,person
26,589,23.560,888.39,806.49,79.25,237.58,0.6269,person
29,589,23.560,1550.40,938.19,70.01,141.81,0.6267,person
28,589,23.560,246.13,673.56,71.03,227.07,0.5918,person
34,589,23.560,851.88,574.64,88.05,236.45,0.5863,person
16,590,23.600,975.46,835.56,83.93,223.72,0.7491,person
26,590,23.600,888.10,807.14,80.90,242.20,0.6589,person
29,590,23.600,1548.58,940.45,69.84,139.55,0.6443,person
28,590,23.600,245.75,674.53,71.64,228.05,0.6178,person
34,590,23.600,854.19,575.34,88.73,237.37,0.5856,person
33,590,23.600,998.25,424.89,74.96,206.58,0.5130,person
16,591,23.640,973.61,835.67,85.09,225.90,0.7422,person
26,591,23.640,886.63,808.64,82.90,247.91,0.6236,person
29,591,23.640,1547.43,943.34,69.52,136.66,0.6068,person
28,591,23.640,244.43,674.87,72.21,227.69,0.5865,person
34,591,23.640,854.39,577.16,89.32,238.86,0.5895,person
33,591,23.640,997.99,426.85,75.37,206.58,0.5174,person
20,591,23.640,758.51,663.34,58.07,219.09,0.5033,person
16,592,23.680,973.95,836.47,85.12,225.26,0.7290,person
26,592,23.680,884.96,809.99,84.24,251.11,0.6197,person
29,592,23.680,1545.89,943.98,70.61,136.02,0.5857,person
28,592,23.680,242.33,674.86,73.16,227.08,0.5880,person
34,592,23.680,857.10,577.57,89.02,237.03,0.5935,person
33,592,23.680,998.52,429.33,76.14,208.14,0.5063,person
20,592,23.680,758.79,663.68,58.01,218.81,0.5139,person
16,593,23.720,974.94,838.35,84.45,223.15,0.7486,person
26,593,23.720,883.85,811.45,85.60,254.23,0.6376,person
29,593,23.720,1546.62,944.42,71.73,135.58,0.6376,person
28,593,23.720,240.99,675.05,74.13,226.95,0.5903,person
34,593,23.720,858.64,578.16,89.75,237.97,0.6380,person
33,593,23.720,998.64,431.16,76.47,209.05,0.5137,person
20,593,23.720,758.31,663.55,58.42,220.32,0.5260,person
35,593,23.720,51.54,726.71,84.59,219.81,0.6766,person
36,593,23.720,375.72,478.48,75.58,190.16,0.6007,person
16,594,23.760,974.90,839.26,84.76,224.07,0.7442,person
26,594,23.760,883.81,815.11,86.07,255.01,0.6081,person
29,594,23.760,1547.09,944.46,72.86,135.54,0.6228,person
28,594,23.760,240.67,675.85,74.78,226.15,0.5912,person
34,594,23.760,859.95,578.60,90.12,238.01,0.6427,person
33,594,23.760,998.40,431.15,76.49,209.56,0.5751,person
20,594,23.760,758.25,663.10,58.98,222.50,0.5174,person
35,594,23.760,51.81,732.62,83.01,215.62,0.5954,person
36,594,23.760,375.83,479.25,76.02,191.35,0.5757,person
16,595,23.800,973.87,840.96,85.75,227.39,0.7362,person
26,595,23.800,883.38,817.99,86.94,257.42,0.5787,person
29,595,23.800,1546.85,944.79,73.98,135.21,0.5979,person
28,595,23.800,239.91,676.08,75.60,226.08,0.5603,person
34,595,23.800,861.94,579.70,89.55,236.08,0.6236,person
33,595,23.800,998.84,432.51,75.96,208.16,0.5630,person
35,595,23.800,50.58,736.66,81.94,213.19,0.5896,person
36,595,23.800,375.67,480.23,74.60,187.65,0.6017,person
16,596,23.840,973.91,843.17,86.13,228.90,0.7295,person
26,596,23.840,883.51,821.54,86.54,256.40,0.5329,person
29,596,23.840,1546.61,945.63,74.96,134.37,0.5194,person
28,596,23.840,239.89,676.23,76.41,226.87,0.6036,person
34,596,23.840,863.48,580.88,89.84,236.63,0.6445,person
33,596,23.840,999.12,436.95,74.86,205.40,0.5424,person
35,596,23.840,45.58,737.72,83.63,218.26,0.5976,person
36,596,23.840,374.20,480.99,74.95,188.40,0.5809,person
37,596,23.840,284.90,473.64,58.02,191.75,0.5670,person
20,596,23.840,758.64,665.14,58.58,221.60,0.5078,person
16,597,23.880,973.82,846.35,85.88,228.36,0.7445,person
26,597,23.880,885.57,824.50,85.57,254.63,0.5530,person
29,597,23.880,1548.21,948.03,74.74,131.97,0.5381,person
28,597,23.880,240.62,676.73,76.89,227.51,0.6200,person
34,597,23.880,865.75,581.43,90.25,237.89,0.6452,person
35,597,23.880,41.24,740.52,85.78,224.88,0.5708,person
36,597,23.880,373.34,482.30,75.76,190.46,0.5845,person
37,597,23.880,284.06,475.44,58.37,192.83,0.5574,person
16,598,23.920,974.30,848.95,85.54,227.36,0.7543,person
26,598,23.920,888.07,830.13,83.24,248.62,0.5849,person
29,598,23.920,1548.20,951.50,74.06,128.50,0.5538,person
28,598,23.920,239.92,678.30,77.84,228.95,0.6342,person
34,598,23.920,868.41,582.62,89.62,236.35,0.6345,person
35,598,23.920,39.32,745.36,86.37,227.38,0.5596,person
36,598,23.920,371.81,483.52,76.41,191.97,0.5683,person
33,598,23.920,998.60,441.52,73.57,201.32,0.5004,person
20,598,23.920,758.66,664.44,59.18,223.97,0.5379,person
16,599,23.960,976.33,853.95,84.35,224.26,0.7621,person
26,599,23.960,887.92,833.17,82.73,246.61,0.6072,person
29,599,23.960,1549.20,954.67,73.14,125.33,0.6213,person
28,599,23.960,238.26,679.92,79.49,232.16,0.6802,person
34,599,23.960,870.59,585.18,91.14,240.91,0.6909,person
35,599,23.960,38.21,748.68,88.77,234.14,0.6266,person
36,599,23.960,369.43,484.27,77.24,193.83,0.5455,person
20,599,23.960,758.47,664.34,59.37,224.49,0.5520,person
37,599,23.960,283.03,481.09,58.27,192.31,0.5466,person
16,600,24.000,976.96,857.12,83.82,222.88,0.7514,person
26,600,24.000,890.61,836.72,81.28,242.73,0.6514,person
29,600,24.000,1550.39,959.47,70.84,120.53,0.5351,person
28,600,24.000,237.61,683.41,79.40,228.52,0.6640,person
34,600,24.000,872.62,587.95,92.47,244.68,0.6287,person
35,600,24.000,34.97,754.10,88.24,232.91,0.6858,person
36,600,24.000,367.69,484.34,77.99,195.67,0.5582,person
20,600,24.000,756.92,663.61,60.68,227.09,0.5517,person
38,600,24.000,994.61,300.85,62.68,176.46,0.5620,person
37,600,24.000,282.82,484.22,58.08,191.34,0.6004,person
16,601,24.040,977.05,857.78,83.78,222.22,0.7464,person
26,601,24.040,891.67,837.55,81.14,242.38,0.6169,person
29,601,24.040,1552.05,964.01,68.90,115.99,0.5835,person
28,601,24.040,237.01,686.87,79.98,226.94,0.6673,person
34,601,24.040,874.56,593.30,91.69,242.66,0.6699,person
35,601,24.040,30.55,759.17,88.01,232.45,0.6754,person
36,601,24.040,366.48,484.36,78.91,198.26,0.5862,person
20,601,24.040,756.15,664.21,61.13,227.38,0.5392,person
38,601,24.040,994.82,301.96,62.78,176.61,0.5191,person
37,601,24.040,282.16,486.42,57.89,190.30,0.5981,person
33,601,24.040,996.14,439.20,74.04,202.19,0.5070,person
16,602,24.080,977.54,858.84,83.53,221.16,0.7384,person
26,602,24.080,891.49,839.30,80.63,240.26,0.6037,person
28,602,24.080,236.58,691.03,80.64,226.32,0.6655,person
34,602,24.080,876.82,597.45,90.37,238.83,0.6482,person
35,602,24.080,25.52,765.10,87.48,230.57,0.6197,person
36,602,24.080,366.29,484.56,79.33,200.05,0.5967,person
20,602,24.080,755.14,663.82,62.10,229.37,0.5432,person
37,602,24.080,280.68,488.02,58.30,191.25,0.5874,person
39,602,24.080,545.20,426.73,75.51,213.24,0.6534,person
33,602,24.080,996.83,441.46,73.64,201.47,0.5137,person
16,603,24.120,979.13,861.38,82.69,218.62,0.7285,person
26,603,24.120,890.66,838.10,81.20,240.95,0.5507,person
28,603,24.120,236.17,694.57,81.70,227.31,0.6495,person
34,603,24.120,878.34,600.52,90.41,238.35,0.6664,person
35,603,24.120,21.83,768.59,87.40,228.18,0.6310,person
36,603,24.120,366.74,485.23,79.27,201.14,0.5673,person
20,603,24.120,755.36,666.33,62.16,227.38,0.5034,person
37,603,24.120,278.77,489.76,58.62,192.42,0.5783,person
39,603,24.120,541.82,427.87,75.94,214.63,0.6425,person
33,603,24.120,997.67,441.63,73.51,201.52,0.5375,person
16,604,24.160,979.86,863.74,82.11,216.26,0.7273,person
26,604,24.160,890.07,838.44,81.66,240.54,0.5321,person
28,604,24.160,235.84,697.06,83.05,230.08,0.6661,person
34,604,24.160,879.84,603.39,90.08,236.31,0.6562,person
35,604,24.160,20.78,772.13,88.11,227.57,0.6106,person
36,604,24.160,367.17,485.81,79.67,203.67,0.5725,person
20,604,24.160,754.53,666.30,63.18,229.04,0.5224,person
37,604,24.160,277.46,491.67,58.64,192.73,0.5818,person
39,604,24.160,539.31,429.20,76.00,215.09,0.5828,person
16,605,24.200,980.08,864.81,82.08,215.19,0.7175,person
26,605,24.200,888.95,840.91,81.58,239.09,0.5631,person
28,605,24.200,234.64,699.29,83.33,229.92,0.6590,person
34,605,24.200,880.98,605.49,90.26,235.31,0.6322,person
35,605,24.200,15.93,775.61,92.59,238.15,0.6110,person
36,605,24.200,367.63,487.92,79.54,204.83,0.5802,person
20,605,24.200,754.86,664.52,64.46,231.76,0.5160,person
37,605,24.200,276.55,491.72,58.82,193.51,0.5665,person
39,605,24.200,535.90,430.23,77.19,218.72,0.5136,person
16,606,24.240,980.37,866.56,81.74,213.44,0.7051,person
26,606,24.240,888.14,840.57,82.05,239.43,0.5563,person
28,606,24.240,234.02,700.73,83.53,229.47,0.6383,person
34,606,24.240,882.72,607.51,89.89,233.19,0.6132,person
35,606,24.240,14.67,778.83,93.70,239.94,0.6674,person
36,606,24.240,368.03,489.90,79.72,207.61,0.5521,person
20,606,24.240,756.14,663.20,64.55,232.16,0.5162,person
37,606,24.240,276.00,492.36,58.91,194.11,0.5282,person
39,606,24.240,533.25,432.79,76.97,218.29,0.5217,person
33,606,24.240,995.33,443.55,75.74,208.15,0.5031,person
16,607,24.280,980.34,866.92,81.96,213.08,0.7241,person
26,607,24.280,888.93,842.87,81.44,237.13,0.5710,person
28,607,24.280,233.70,701.48,83.62,229.59,0.6413,person
34,607,24.280,884.00,609.43,90.74,234.59,0.6553,person
35,607,24.280,12.44,784.20,93.62,238.93,0.6314,person
36,607,24.280,369.13,491.32,78.50,206.19,0.5859,person
20,607,24.280,756.45,660.96,65.02,233.80,0.5084,person
39,607,24.280,531.57,437.85,75.63,214.33,0.5110,person
16,608,24.320,980.05,868.04,82.03,211.96,0.7132,person
26,608,24.320,888.92,842.71,81.59,237.29,0.5752,person
28,608,24.320,232.78,701.75,83.97,229.81,0.6246,person
34,608,24.320,884.40,610.18,92.95,240.42,0.6570,person
35,608,24.320,13.19,790.36,92.68,237.38,0.6374,person
36,608,24.320,369.06,493.00,78.16,207.61,0.5561,person
20,608,24.320,757.57,660.17,65.19,235.43,0.5172,person
39,608,24.320,529.39,440.41,76.33,215.94,0.5118,person
16,609,24.360,978.89,869.45,82.15,210.55,0.7162,person
26,609,24.360,888.62,844.62,81.25,235.38,0.5805,person
28,609,24.360,232.50,701.47,82.97,226.54,0.6553,person
34,609,24.360,885.05,610.22,93.45,241.91,0.6819,person
35,609,24.360,13.35,797.75,88.97,229.35,0.6342,person
36,609,24.360,370.08,494.84,77.00,206.63,0.5821,person
20,609,24.360,758.26,660.53,64.54,234.68,0.5239,person
39,609,24.360,528.67,442.04,76.43,216.51,0.5406,person
37,609,24.360,273.67,494.52,59.04,194.48,0.5361,person
16,610,24.400,979.61,874.68,80.95,205.32,0.7045,person
26,610,24.400,888.42,846.36,81.10,233.64,0.5922,person
28,610,24.400,232.40,701.88,83.70,228.24,0.6726,person
34,610,24.400,886.69,610.64,93.53,242.50,0.7085,person
35,610,24.400,11.51,802.01,87.43,226.87,0.6416,person
36,610,24.400,370.60,496.41,76.91,208.57,0.5883,person
20,610,24.400,759.18,661.52,63.75,233.18,0.5268,person
39,610,24.400,525.96,443.09,77.59,220.41,0.5577,person
37,610,24.400,273.19,494.44,59.45,195.92,0.5563,person
16,611,24.440,980.40,878.79,80.10,201.21,0.7107,person
26,611,24.440,888.84,848.61,80.74,231.39,0.5828,person
28,611,24.440,232.91,701.89,83.65,228.32,0.6750,person
34,611,24.440,887.94,611.22,93.20,242.03,0.7004,person
35,611,24.440,8.35,804.02,86.88,225.67,0.6333,person
36,611,24.440,371.09,498.47,76.46,209.40,0.5901,person
20,611,24.440,758.37,659.81,65.11,238.50,0.5792,person
39,611,24.440,525.64,444.28,77.52,220.71,0.5662,person
37,611,24.440,273.08,494.78,59.48,196.27,0.5595,person
16,612,24.480,980.56,881.44,79.79,198.56,0.7445,person
26,612,24.480,889.81,853.57,79.64,226.43,0.5843,person
28,612,24.480,233.51,703.10,83.64,228.59,0.6785,person
34,612,24.480,888.73,612.23,94.54,245.74,0.7334,person
35,612,24.480,4.69,806.03,88.05,228.62,0.7081,person
36,612,24.480,371.55,500.88,75.78,209.02,0.6271,person
20,612,24.480,757.31,659.08,64.44,236.31,0.6001,person
39,612,24.480,520.92,445.01,77.67,221.03,0.6064,person
37,612,24.480,273.31,495.22,58.85,194.25,0.5434,person
33,612,24.480,995.55,457.01,75.75,209.09,0.5045,person
16,613,24.520,980.01,882.89,79.99,197.11,0.7239,person
26,613,24.520,891.11,857.64,78.47,222.36,0.5802,person
28,613,24.520,233.98,703.77,84.18,231.14,0.7086,person
34,613,24.520,890.04,613.75,95.49,248.20,0.7381,person
35,613,24.520,2.35,808.50,89.26,232.93,0.7723,person
36,613,24.520,371.62,502.27,75.40,209.62,0.6213,person
20,613,24.520,756.28,658.55,64.42,236.28,0.5883,person
39,613,24.520,518.09,445.32,77.34,220.65,0.5947,person
37,613,24.520,272.76,496.85,58.85,194.32,0.6212,person
16,614,24.560,978.42,884.64,80.35,195.36,0.7152,person
26,614,24.560,891.89,862.31,77.23,217.69,0.5843,person
28,614,24.560,234.52,705.76,84.78,234.41,0.7116,person
34,614,24.560,891.80,616.17,95.88,249.59,0.7032,person
35,614,24.560,0.33,811.07,89.89,235.23,0.7777,person
36,614,24.560,371.20,503.43,74.46,207.41,0.6060,person
20,614,24.560,757.40,659.81,63.57,234.26,0.5728,person
39,614,24.560,514.89,445.72,76.97,220.07,0.6291,person
37,614,24.560,271.98,497.56,59.35,195.95,0.6317,person
33,614,24.560,997.68,460.37,74.99,208.79,0.5404,person
16,615,24.600,976.42,886.23,80.77,193.77,0.6914,person
26,615,24.600,891.02,864.38,76.88,215.22,0.5525,person
28,615,24.600,235.11,708.43,84.63,236.06,0.7149,person
34,615,24.600,893.55,619.25,96.54,251.28,0.7010,person
35,615,24.600,0.00,817.44,90.48,243.89,0.6751,person
36,615,24.600,370.78,505.67,73.46,204.62,0.6384,person
20,615,24.600,757.61,659.37,62.82,232.94,0.5922,person
39,615,24.600,512.32,446.90,76.34,218.63,0.6341,person
37,615,24.600,271.84,500.39,59.09,194.92,0.6301,person
33,615,24.600,999.22,462.15,74.55,207.73,0.5756,person
16,616,24.640,973.78,887.78,81.15,192.22,0.7179,person
26,616,24.640,890.29,865.56,77.22,213.97,0.5808,person
28,616,24.640,236.43,710.89,83.56,234.93,0.6957,person
34,616,24.640,895.28,622.33,95.77,249.26,0.7286,person
35,616,24.640,0.00,822.79,86.96,233.64,0.6488,person
36,616,24.640,370.14,506.23,74.26,207.43,0.6597,person
20,616,24.640,756.96,659.95,62.33,231.44,0.6008,person
39,616,24.640,509.92,447.72,76.19,218.33,0.6226,person
37,616,24.640,271.59,502.28,59.38,195.96,0.5748,person
33,616,24.640,1000.44,465.12,73.45,205.56,0.5479,person
16,617,24.680,972.09,889.08,81.55,190.92,0.7087,person
26,617,24.680,891.10,866.76,77.34,213.16,0.5880,person
28,617,24.680,238.32,713.73,82.22,232.79,0.6699,person
34,617,24.680,896.85,626.27,94.97,247.02,0.7380,person
35,617,24.680,0.00,829.36,87.99,243.38,0.6943,person
36,617,24.680,368.99,507.08,74.69,208.09,0.6496,person
20,617,24.680,758.24,660.39,61.45,229.97,0.6021,person
39,617,24.680,507.28,448.56,76.10,218.23,0.6058,person
37,617,24.680,271.53,504.29,59.72,197.35,0.5836,person
33,617,24.680,1002.16,469.59,71.77,200.73,0.5523,person
16,618,24.720,970.12,890.20,82.17,189.80,0.6868,person
26,618,24.720,890.37,866.54,78.23,213.46,0.5968,person
28,618,24.720,239.36,715.93,82.34,234.62,0.6813,person
34,618,24.720,896.75,630.11,97.09,252.97,0.6806,person
35,618,24.720,0.00,835.23,85.93,243.84,0.6725,person
36,618,24.720,367.10,507.53,75.09,207.77,0.6772,person
20,618,24.720,758.96,661.56,60.74,228.97,0.6004,person
39,618,24.720,503.20,449.42,76.40,219.37,0.5976,person
37,618,24.720,271.87,506.77,59.83,198.13,0.6113,person
33,618,24.720,1003.71,471.14,71.78,200.44,0.5292,person
16,619,24.760,968.54,891.92,82.44,188.08,0.6668,person
26,619,24.760,890.50,865.90,78.96,214.10,0.5707,person
28,619,24.760,240.89,718.70,81.48,233.38,0.6502,person
34,619,24.760,897.21,634.32,97.46,254.26,0.6900,person
35,619,24.760,0.00,841.92,84.83,238.08,0.5176,person
36,619,24.760,366.38,508.37,74.90,205.55,0.7211,person
20,619,24.760,759.02,662.01,60.06,227.52,0.5996,person
39,619,24.760,499.25,450.39,76.79,220.41,0.6110,person
37,619,24.760,272.18,508.60,60.32,200.02,0.6173,person
33,619,24.760,1004.75,470.72,72.66,202.20,0.5257,person
16,620,24.800,967.90,892.96,82.72,187.04,0.7105,person
26,620,24.800,890.86,865.59,79.39,214.41,0.6030,person
28,620,24.800,241.91,720.47,80.70,232.66,0.6729,person
34,620,24.800,898.37,638.80,97.40,254.38,0.6653,person
35,620,24.800,0.00,847.49,84.19,232.51,0.5774,person
36,620,24.800,366.69,509.35,74.19,201.35,0.6804,person
20,620,24.800,758.92,661.68,60.38,229.34,0.5954,person
39,620,24.800,495.88,451.81,76.92,219.84,0.5735,person
37,620,24.800,272.40,511.27,60.60,200.70,0.5971,person
33,620,24.800,1005.26,470.45,73.40,203.57,0.5202,person
16,621,24.840,967.30,894.15,83.01,185.85,0.7211,person
26,621,24.840,891.31,865.95,79.58,214.05,0.6121,person
28,621,24.840,242.80,721.24,79.97,232.46,0.6739,person
34,621,24.840,899.24,641.66,97.19,254.30,0.6879,person
35,621,24.840,0.00,850.45,83.59,229.55,0.5803,person
36,621,24.840,364.46,512.33,75.12,202.00,0.6384,person
20,621,24.840,759.13,662.74,59.98,228.10,0.6233,person
39,621,24.840,492.30,452.94,77.74,221.22,0.5951,person
37,621,24.840,273.11,512.58,60.64,200.88,0.5387,person
33,621,24.840,1006.05,469.03,75.64,208.04,0.5204,person
16,622,24.880,967.40,896.07,83.02,183.70,0.6967,person
26,622,24.880,891.56,866.11,79.97,213.89,0.5847,person
28,622,24.880,243.98,722.42,79.46,231.82,0.7070,person
34,622,24.880,900.70,643.57,96.69,253.00,0.7201,person
35,622,24.880,0.00,852.78,78.95,226.72,0.5675,person
36,622,24.880,363.84,514.05,75.67,201.13,0.6146,person
20,622,24.880,759.58,663.45,59.67,227.24,0.6337,person
39,622,24.880,488.85,454.36,78.49,221.77,0.5801,person
37,622,24.880,273.96,514.10,59.93,198.57,0.5639,person
33,622,24.880,1006.57,469.26,76.65,209.07,0.5447,person
16,623,24.920,967.90,898.52,82.66,181.28,0.7006,person
26,623,24.920,892.22,867.88,79.74,212.12,0.5854,person
28,623,24.920,245.18,723.45,79.16,231.23,0.7039,person
34,623,24.920,902.44,645.23,96.06,251.38,0.7289,person
36,623,24.920,362.63,514.63,78.15,206.47,0.5964,person
20,623,24.920,760.14,664.70,58.96,224.32,0.6216,person
39,623,24.920,484.55,455.87,79.42,222.74,0.6137,person
37,623,24.920,274.77,514.82,59.39,197.08,0.5695,person
33,623,24.920,1008.10,466.58,78.40,212.84,0.5509,person
16,624,24.960,966.99,899.65,83.16,180.22,0.6957,person
26,624,24.960,892.77,869.19,79.31,210.81,0.5207,person
28,624,24.960,245.66,723.80,79.29,231.43,0.6897,person
34,624,24.960,905.07,645.61,95.00,248.23,0.7341,person
36,624,24.960,361.99,516.16,78.86,206.96,0.6261,person
20,624,24.960,760.03,665.75,59.00,223.93,0.6223,person
39,624,24.960,481.47,457.93,79.72,222.14,0.6654,person
37,624,24.960,275.63,515.13,59.67,198.52,0.5996,person
33,624,24.960,1008.18,466.81,78.65,212.26,0.6234,person
40,624,24.960,1753.43,546.90,89.36,294.50,0.6252,person
35,624,24.960,0.00,863.84,72.94,211.02,0.5759,person
16,625,25.000,967.81,902.59,82.76,177.39,0.6792,person
28,625,25.000,245.92,724.23,79.21,231.38,0.6810,person
34,625,25.000,907.26,646.15,94.26,246.05,0.7093,person
36,625,25.000,361.08,518.88,78.86,205.73,0.6447,person
20,625,25.000,759.70,665.79,59.08,223.67,0.6396,person
39,625,25.000,478.75,461.42,80.20,222.37,0.6922,person
37,625,25.000,276.55,515.50,59.42,198.02,0.5717,person
33,625,25.000,1009.02,467.67,78.56,212.70,0.5777,person
40,625,25.000,1752.34,545.26,89.18,293.87,0.5984,person
41,625,25.000,1094.97,481.22,85.70,223.10,0.6060,person
35,625,25.000,0.00,871.67,70.33,203.39,0.5016,person
16,626,25.040,967.84,905.67,82.04,173.99,0.6815,person
28,626,25.040,246.67,724.61,78.94,230.72,0.6753,person
34,626,25.040,909.06,646.84,94.84,246.88,0.7039,person
36,626,25.040,360.51,522.09,78.57,203.54,0.6333,person
20,626,25.040,759.63,666.51,59.22,223.36,0.6381,person
39,626,25.040,476.06,464.01,81.27,224.48,0.7094,person
37,626,25.040,277.30,516.40,59.29,197.75,0.5755,person
33,626,25.040,1008.99,469.01,78.88,214.12,0.6061,person
40,626,25.040,1751.72,544.37,89.13,293.78,0.6292,person
41,626,25.040,1096.19,485.25,84.55,220.04,0.6037,person
16,627,25.080,967.43,909.29,81.50,170.17,0.6724,person
28,627,25.080,247.47,725.10,79.07,230.78,0.6883,person
34,627,25.080,910.42,647.58,95.25,247.43,0.6940,person
36,627,25.080,359.45,524.93,79.54,205.46,0.6220,person
20,627,25.080,759.63,667.51,59.18,222.21,0.6474,person
39,627,25.080,472.15,465.15,82.99,227.74,0.6737,person
37,627,25.080,278.21,517.08,59.09,196.99,0.5850,person
33,627,25.080,1008.55,472.37,80.13,219.13,0.5977,person
40,627,25.080,1751.46,542.84,89.15,293.93,0.6635,person
41,627,25.080,1096.65,488.35,83.91,218.29,0.5744,person
16,628,25.120,967.33,911.51,81.57,168.04,0.6691,person
28,628,25.120,247.40,726.44,79.48,231.26,0.6969,person
34,628,25.120,912.36,649.13,96.02,249.59,0.7320,person
36,628,25.120,359.42,526.42,80.25,207.46,0.6113,person
20,628,25.120,759.62,667.07,59.39,222.23,0.6681,person
39,628,25.120,470.17,466.99,83.60,228.05,0.6866,person
37,628,25.120,278.71,518.09,58.82,195.67,0.5932,person
33,628,25.120,1009.40,474.29,80.97,221.72,0.6041,person
40,628,25.120,1751.25,539.74,89.74,296.19,0.6283,person
41,628,25.120,1097.29,488.45,84.10,219.27,0.5892,person
26,628,25.120,897.23,885.76,74.32,194.24,0.5117,person
16,629,25.160,966.92,913.65,81.23,164.96,0.6066,person
28,629,25.160,246.01,727.96,80.78,233.73,0.7000,person
34,629,25.160,913.63,652.21,96.23,250.61,0.7610,person
36,629,25.160,358.22,528.49,80.95,209.12,0.6184,person
20,629,25.160,759.40,666.83,59.71,222.88,0.6714,person
39,629,25.160,467.42,467.09,84.12,228.89,0.6823,person
37,629,25.160,279.11,518.85,59.15,196.45,0.6283,person
33,629,25.160,1010.01,476.50,80.68,221.26,0.6269,person
40,629,25.160,1750.62,537.03,90.09,297.89,0.6836,person
41,629,25.160,1097.89,488.98,83.99,219.41,0.6085,person
26,629,25.160,898.61,889.79,73.76,190.21,0.5016,person
16,630,25.200,965.90,916.73,80.87,162.00,0.5940,person
28,630,25.200,244.74,729.71,82.38,236.28,0.6948,person
34,630,25.200,914.44,655.23,97.86,256.21,0.7565,person
36,630,25.200,357.07,529.75,81.50,210.92,0.6148,person
20,630,25.200,759.26,667.13,59.92,223.08,0.6774,person
39,630,25.200,464.87,467.98,83.83,227.65,0.6047,person
37,630,25.200,279.36,518.39,59.53,197.76,0.6058,person
33,630,25.200,1011.67,478.69,80.34,221.70,0.6037,person
40,630,25.200,1749.92,535.12,90.36,299.27,0.7115,person
41,630,25.200,1098.87,491.09,83.02,217.35,0.5812,person
26,630,25.200,899.46,891.35,73.83,188.65,0.5400,person
16,631,25.240,966.05,917.57,81.05,160.87,0.5506,person
28,631,25.240,243.01,733.47,83.51,236.47,0.6968,person
34,631,25.240,915.62,658.48,98.21,258.50,0.7406,person
36,631,25.240,355.17,530.73,81.54,211.32,0.6233,person
20,631,25.240,759.39,667.13,60.04,222.72,0.6580,person
39,631,25.240,461.63,467.82,83.76,227.87,0.5767,person
37,631,25.240,280.34,519.86,59.40,196.83,0.6189,person
33,631,25.240,1012.22,480.41,79.82,221.83,0.5942,person
40,631,25.240,1749.11,533.45,90.47,300.16,0.6965,person
41,631,25.240,1098.88,492.25,82.43,216.38,0.5692,person
26,631,25.240,900.72,893.35,73.63,186.65,0.5359,person
16,632,25.280,966.32,918.23,81.33,159.95,0.5144,person
28,632,25.280,243.76,738.62,83.28,232.95,0.6944,person
34,632,25.280,915.65,662.52,100.70,267.43,0.7218,person
36,632,25.280,353.80,532.55,81.14,210.90,0.6450,person
20,632,25.280,759.34,667.17,60.04,221.47,0.6484,person
39,632,25.280,458.07,467.51,83.51,228.32,0.6198,person
37,632,25.280,280.57,520.99,59.62,197.41,0.6044,person
33,632,25.280,1012.70,481.19,80.09,224.34,0.5935,person
40,632,25.280,1748.67,532.14,90.47,300.94,0.6810,person
41,632,25.280,1099.84,492.25,82.15,216.26,0.5459,person
26,632,25.280,900.61,894.24,74.50,185.76,0.5087,person
16,633,25.320,965.47,918.83,81.81,159.31,0.5284,person
28,633,25.320,244.06,743.64,83.91,232.49,0.7116,person
34,633,25.320,917.30,666.32,99.94,266.83,0.7326,person
36,633,25.320,353.94,532.70,81.36,213.39,0.6546,person
20,633,25.320,759.03,668.25,60.12,220.71,0.6395,person
39,633,25.320,455.88,467.36,83.07,228.17,0.5988,person
37,633,25.320,280.85,523.07,59.81,198.14,0.5664,person
33,633,25.320,1010.81,481.51,79.78,224.48,0.6037,person
40,633,25.320,1748.29,530.88,90.54,302.00,0.6915,person
41,633,25.320,1100.49,491.79,82.33,216.56,0.5985,person
16,634,25.360,965.36,920.67,81.74,157.10,0.5291,person
28,634,25.360,243.91,746.96,84.69,232.96,0.7309,person
34,634,25.360,918.70,668.26,100.72,269.55,0.7404,person
36,634,25.360,354.23,532.42,81.15,214.27,0.6719,person
20,634,25.360,758.74,670.72,60.93,223.45,0.6411,person
39,634,25.360,452.71,466.80,83.08,228.59,0.5855,person
37,634,25.360,281.19,524.20,60.43,200.32,0.5436,person
33,634,25.360,1010.48,482.37,79.28,224.61,0.5887,person
40,634,25.360,1747.78,530.20,90.66,303.45,0.6728,person
41,634,25.360,1101.39,493.58,81.68,214.60,0.5793,person
26,634,25.360,898.08,894.80,75.56,185.14,0.5033,person
16,635,25.400,965.67,923.23,81.45,154.81,0.5613,person
28,635,25.400,244.69,748.57,85.06,233.08,0.7356,person
34,635,25.400,920.25,671.68,99.95,268.08,0.7395,person
36,635,25.400,354.56,532.57,80.48,213.66,0.6643,person
20,635,25.400,758.58,671.63,61.40,224.52,0.6387,person
39,635,25.400,450.16,467.38,82.27,226.61,0.5535,person
37,635,25.400,282.28,529.94,59.22,195.65,0.5088,person
33,635,25.400,1010.52,484.02,78.52,224.04,0.5976,person
40,635,25.400,1748.07,529.79,90.40,303.77,0.7004,person
41,635,25.400,1102.37,495.84,81.00,212.29,0.5999,person
26,635,25.400,893.74,894.73,76.11,181.96,0.5069,person
16,636,25.440,964.62,923.62,82.44,154.74,0.5364,person
28,636,25.440,245.66,749.57,85.51,234.39,0.7270,person
34,636,25.440,920.65,674.90,100.25,269.19,0.7567,person
36,636,25.440,355.61,533.20,79.66,212.68,0.6410,person
20,636,25.440,758.93,671.93,61.51,224.50,0.6312,person
39,636,25.440,447.32,467.50,82.33,227.05,0.5470,person
37,636,25.440,282.16,532.41,59.61,197.04,0.6136,person
33,636,25.440,1010.24,484.45,78.14,223.98,0.6157,person
40,636,25.440,1748.76,529.62,89.65,302.68,0.6982,person
41,636,25.440,1103.06,495.17,81.81,213.88,0.6459,person
28,637,25.480,246.41,751.38,84.76,232.61,0.7269,person
34,637,25.480,921.78,676.70,100.67,270.64,0.7459,person
36,637,25.480,356.61,536.65,77.46,207.61,0.6328,person
20,637,25.480,758.89,672.34,60.99,220.86,0.6380,person
39,637,25.480,443.15,467.83,83.24,228.77,0.6193,person
37,637,25.480,282.02,534.84,59.70,197.68,0.6600,person
33,637,25.480,1010.02,485.86,77.15,221.97,0.5900,person
40,637,25.480,1749.52,529.59,88.50,300.22,0.7102,person
41,637,25.480,1103.00,497.26,82.47,215.16,0.6612,person
28,638,25.520,246.24,752.73,84.29,231.64,0.7147,person
34,638,25.520,922.98,677.87,101.07,272.12,0.7343,person
36,638,25.520,356.73,539.24,76.79,206.47,0.6413,person
20,638,25.520,758.64,672.76,61.01,219.68,0.6402,person
39,638,25.520,439.79,470.06,83.47,228.40,0.6414,person
37,638,25.520,281.72,536.31,60.20,199.58,0.6819,person
33,638,25.520,1009.38,486.73,76.47,219.91,0.5538,person
40,638,25.520,1750.38,529.12,87.38,297.72,0.7069,person
41,638,25.520,1103.15,499.45,82.36,214.06,0.6814,person
28,639,25.560,246.33,754.43,83.48,229.54,0.6652,person
34,639,25.560,925.19,677.99,100.48,270.29,0.7388,person
36,639,25.560,356.85,541.10,76.17,205.74,0.6289,person
20,639,25.560,758.10,672.77,61.65,220.97,0.6363,person
39,639,25.560,435.89,471.72,83.84,228.18,0.6302,person
37,639,25.560,281.51,537.14,60.62,201.43,0.6859,person
33,639,25.560,1011.10,490.52,73.64,210.87,0.5921,person
40,639,25.560,1751.16,528.08,85.94,293.90,0.6932,person
41,639,25.560,1103.55,502.15,82.34,213.13,0.6680,person
28,640,25.600,246.34,756.93,82.45,226.73,0.6546,person
34,640,25.600,927.26,677.56,98.94,265.46,0.7360,person
36,640,25.600,356.82,540.96,76.11,206.39,0.5824,person
20,640,25.600,757.75,672.52,62.02,221.02,0.6332,person
39,640,25.600,433.45,475.86,83.59,225.39,0.6568,person
37,640,25.600,280.97,538.04,61.10,203.66,0.6484,person
33,640,25.600,1010.70,488.51,75.48,215.41,0.6052,person
40,640,25.600,1751.72,525.58,84.74,290.44,0.6946,person
41,640,25.600,1104.31,505.94,82.20,211.66,0.6828,person
28,641,25.640,246.97,760.82,80.80,222.21,0.6341,person
34,641,25.640,928.68,677.31,97.33,260.29,0.7503,person
36,641,25.640,357.16,543.60,75.33,205.57,0.6116,person
20,641,25.640,757.10,671.79,62.81,223.30,0.6330,person
39,641,25.640,429.79,480.91,83.92,222.63,0.6348,person
37,641,25.640,280.76,538.62,61.30,204.88,0.6867,person
33,641,25.640,1010.58,489.61,75.79,215.52,0.6130,person
40,641,25.640,1751.76,523.61,84.52,290.47,0.6948,person
41,641,25.640,1104.81,509.80,82.52,211.39,0.6725,person
28,642,25.680,247.28,765.81,79.25,217.34,0.6379,person
34,642,25.680,929.57,677.44,96.86,258.29,0.7148,person
36,642,25.680,357.44,545.93,74.53,204.38,0.6094,person
20,642,25.680,756.77,671.59,63.04,223.48,0.6250,person
39,642,25.680,426.30,483.44,85.06,221.22,0.6369,person
37,642,25.680,281.02,537.65,61.53,207.04,0.6630,person
33,642,25.680,1010.83,489.28,76.49,217.03,0.6284,person
40,642,25.680,1751.62,522.33,83.84,288.51,0.7135,person
41,642,25.680,1104.81,511.78,83.02,211.68,0.6390,person
28,643,25.720,246.65,769.62,79.24,216.46,0.6537,person
34,643,25.720,930.62,678.78,96.71,256.32,0.7376,person
36,643,25.720,357.82,548.58,74.21,204.76,0.6296,person
20,643,25.720,756.17,670.30,63.34,224.24,0.6346,person
39,643,25.720,424.24,485.39,86.32,220.64,0.6412,person
37,643,25.720,280.94,538.58,61.36,207.24,0.6474,person
33,643,25.720,1012.53,488.93,76.41,216.75,0.6452,person
40,643,25.720,1751.65,521.18,83.33,287.06,0.7333,person
41,643,25.720,1104.16,511.87,85.27,217.24,0.6375,person
28,644,25.760,245.69,773.37,79.69,216.52,0.6821,person
34,644,25.760,930.86,682.96,98.31,259.16,0.7237,person
36,644,25.760,358.78,550.36,73.63,205.02,0.6360,person
20,644,25.760,755.43,669.28,64.03,225.24,0.6115,person
39,644,25.760,422.34,485.36,88.32,222.05,0.6484,person
37,644,25.760,281.14,539.70,61.13,206.98,0.6556,person
33,644,25.760,1012.86,489.91,76.58,216.58,0.6688,person
40,644,25.760,1750.78,518.35,83.40,287.51,0.6983,person
41,644,25.760,1103.97,512.66,85.71,217.87,0.6388,person
16,644,25.760,965.51,947.05,72.85,132.95,0.5275,person
28,645,25.800,245.72,776.41,81.22,219.75,0.6514,person
34,645,25.800,930.27,686.35,101.27,265.96,0.7208,person
36,645,25.800,358.21,551.02,73.11,205.53,0.6934,person
20,645,25.800,754.74,669.10,64.76,227.55,0.6208,person
39,645,25.800,419.98,484.07,89.63,223.08,0.6330,person
37,645,25.800,281.33,540.37,60.81,206.40,0.6384,person
33,645,25.800,1012.39,490.89,77.46,218.44,0.6702,person
40,645,25.800,1749.70,514.34,83.87,289.51,0.6808,person
41,645,25.800,1104.68,513.81,85.68,217.44,0.6212,person
16,645,25.800,963.55,949.85,72.86,130.03,0.5305,person
26,645,25.800,888.37,917.39,70.65,162.61,0.5133,person
28,646,25.840,246.21,779.53,82.77,223.46,0.7087,person
34,646,25.840,930.27,691.14,103.07,270.02,0.7258,person
36,646,25.840,358.04,552.70,72.41,205.25,0.7163,person
20,646,25.840,754.33,668.64,65.19,229.25,0.6361,person
39,646,25.840,418.15,483.66,90.18,222.68,0.5449,person
37,646,25.840,281.25,541.62,60.35,205.15,0.6640,person
33,646,25.840,1012.72,494.77,77.83,218.60,0.6920,person
40,646,25.840,1749.09,512.70,83.88,289.55,0.7130,person
41,646,25.840,1104.26,513.91,86.74,219.77,0.6513,person
26,646,25.840,887.46,921.32,70.95,158.68,0.5313,person
28,647,25.880,247.96,783.42,82.66,221.65,0.7062,person
34,647,25.880,931.70,695.66,103.03,268.17,0.6883,person
36,647,25.880,358.47,554.83,72.40,206.34,0.6932,person
20,647,25.880,753.63,667.30,65.97,231.78,0.6346,person
39,647,25.880,412.40,482.71,90.38,225.54,0.5414,person
37,647,25.880,281.20,542.40,59.58,201.70,0.6654,person
33,647,25.880,1013.48,499.11,78.17,219.61,0.6896,person
40,647,25.880,1748.39,510.49,84.48,291.92,0.6661,person
41,647,25.880,1104.39,515.36,86.79,219.74,0.6385,person
28,648,25.920,247.26,786.78,83.44,221.71,0.7023,person
34,648,25.920,930.36,700.05,105.01,271.71,0.7312,person
36,648,25.920,359.03,557.80,71.18,203.56,0.6812,person
20,648,25.920,753.68,667.99,65.88,231.01,0.6543,person
39,648,25.920,408.48,483.51,88.68,223.75,0.5406,person
37,648,25.920,281.35,543.08,59.52,200.35,0.6619,person
33,648,25.920,1013.23,501.03,78.55,221.29,0.6811,person
40,648,25.920,1747.66,507.66,84.79,293.37,0.6966,person
41,648,25.920,1104.81,516.12,86.84,219.57,0.6165,person
26,648,25.920,883.93,925.64,71.74,154.36,0.5521,person
28,649,25.960,247.34,788.96,84.52,222.74,0.6964,person
34,649,25.960,929.88,703.88,106.27,273.47,0.7172,person
36,649,25.960,359.56,557.28,72.08,207.18,0.6394,person
20,649,25.960,753.47,668.01,65.85,230.44,0.6528,person
39,649,25.960,403.55,483.87,87.54,224.22,0.5312,person
37,649,25.960,281.34,545.03,59.58,199.17,0.6717,person
33,649,25.960,1013.20,502.66,78.81,222.20,0.6920,person
40,649,25.960,1746.83,505.69,84.87,294.16,0.6655,person
41,649,25.960,1105.01,517.87,86.09,216.96,0.6572,person
26,649,25.960,881.00,925.99,74.09,154.01,0.5523,person
28,650,26.000,247.60,791.73,84.72,222.35,0.6896,person
34,650,26.000,930.31,707.29,106.41,272.10,0.7354,person
36,650,26.000,359.96,559.53,71.48,205.10,0.6823,person
20,650,26.000,753.08,666.79,66.23,231.44,0.6569,person
39,650,26.000,400.28,484.12,86.13,224.27,0.5484,person
37,650,26.000,281.31,546.52,59.86,198.43,0.6800,person
33,650,26.000,1013.34,504.44,78.64,221.26,0.6706,person
40,650,26.000,1746.36,505.46,84.80,294.09,0.6707,person
41,650,26.000,1105.66,519.89,85.25,214.06,0.6409,person
26,650,26.000,877.37,926.64,76.20,153.36,0.5309,person
42,650,26.000,939.41,520.94,72.30,219.36,0.6437,person
28,651,26.040,245.89,794.34,84.29,221.48,0.6961,person
34,651,26.040,930.77,709.48,106.62,270.78,0.7414,person
36,651,26.040,360.22,561.33,71.46,204.87,0.6381,person
20,651,26.040,753.34,665.95,66.48,232.51,0.6548,person
37,651,26.040,280.69,548.68,60.25,198.43,0.6203,person
33,651,26.040,1014.01,506.02,78.82,222.04,0.6691,person
40,651,26.040,1745.97,505.48,84.69,293.65,0.6422,person
41,651,26.040,1105.92,521.28,84.62,211.85,0.6556,person
26,651,26.040,873.93,926.70,78.01,153.30,0.5440,person
42,651,26.040,940.22,522.63,72.32,219.29,0.6076,person
28,652,26.080,244.32,796.22,83.36,219.11,0.6438,person
34,652,26.080,930.79,709.20,107.73,272.43,0.7449,person
36,652,26.080,360.08,563.73,71.01,203.42,0.6188,person
20,652,26.080,752.93,667.45,66.44,232.13,0.6589,person
37,652,26.080,279.85,551.00,60.59,198.67,0.5858,person
33,652,26.080,1014.19,507.55,78.55,221.54,0.6873,person
40,652,26.080,1745.34,505.24,84.81,294.34,0.6312,person
41,652,26.080,1106.30,522.65,84.27,210.45,0.6852,person
26,652,26.080,870.57,927.92,79.23,152.08,0.5176,person
42,652,26.080,939.09,524.16,71.95,218.22,0.5910,person
28,653,26.120,243.72,797.70,82.44,217.41,0.6652,person
34,653,26.120,930.28,710.98,109.90,277.00,0.7306,person
36,653,26.120,357.17,563.54,71.37,205.40,0.5664,person
20,653,26.120,753.03,664.40,66.63,233.77,0.6475,person
37,653,26.120,279.29,553.03,60.75,198.70,0.5501,person
33,653,26.120,1014.91,509.38,77.78,220.00,0.6778,person
40,653,26.120,1744.43,504.98,84.61,293.49,0.6375,person
41,653,26.120,1105.51,522.05,85.36,213.75,0.6139,person
26,653,26.120,869.34,927.90,80.85,152.10,0.5033,person
42,653,26.120,939.13,524.02,71.65,217.29,0.5610,person
28,654,26.160,243.88,798.71,81.78,216.30,0.6546,person
34,654,26.160,932.08,714.19,108.77,272.36,0.7473,person
36,654,26.160,356.85,563.67,71.79,206.35,0.6178,person
20,654,26.160,752.79,662.16,66.90,235.21,0.6740,person
37,654,26.160,278.95,555.19,62.00,202.52,0.5973,person
33,654,26.160,1015.78,510.45,77.30,218.85,0.6825,person
40,654,26.160,1742.98,503.27,84.64,293.65,0.6024,person
41,654,26.160,1105.23,523.03,85.59,214.78,0.5917,person
42,654,26.160,938.52,525.78,72.02,218.51,0.5388,person
28,655,26.200,244.66,799.52,81.26,215.79,0.6374,person
34,655,26.200,932.86,715.50,108.82,271.16,0.7611,person
36,655,26.200,356.20,564.45,71.48,205.53,0.5440,person
20,655,26.200,752.40,661.09,67.00,235.84,0.6607,person
37,655,26.200,278.86,556.72,62.94,205.95,0.5880,person
33,655,26.200,1017.23,510.74,77.34,219.19,0.6844,person
40,655,26.200,1741.92,502.62,84.34,291.98,0.5748,person
41,655,26.200,1104.39,524.53,86.36,216.98,0.5900,person
42,655,26.200,938.14,527.10,71.34,216.45,0.5750,person
28,656,26.240,244.89,800.75,80.61,214.03,0.6127,person
34,656,26.240,933.91,717.47,108.03,267.33,0.7741,person
36,656,26.240,356.50,567.30,70.27,203.35,0.5683,person
20,656,26.240,752.34,659.96,67.16,236.70,0.6530,person
37,656,26.240,279.04,558.27,63.10,206.68,0.5510,person
33,656,26.240,1019.04,512.08,76.64,217.73,0.6506,person
41,656,26.240,1103.38,526.44,87.65,221.03,0.5767,person
42,656,26.240,941.39,527.25,71.04,213.54,0.5598,person
28,657,26.280,244.92,801.16,80.52,212.89,0.6207,person
34,657,26.280,934.16,718.81,107.73,264.86,0.7716,person
36,657,26.280,354.53,568.33,70.69,206.70,0.5311,person
20,657,26.280,752.13,660.06,67.21,236.82,0.6664,person
37,657,26.280,278.76,559.95,63.12,207.12,0.5126,person
33,657,26.280,1020.55,513.29,75.67,215.44,0.6365,person
41,657,26.280,1103.04,528.59,88.12,223.30,0.5432,person
42,657,26.280,939.71,528.48,70.87,211.72,0.5238,person
26,657,26.280,866.82,935.96,78.53,144.04,0.5336,person
28,658,26.320,246.83,801.48,81.37,214.77,0.6596,person
34,658,26.320,935.56,721.42,107.10,261.41,0.7465,person
36,658,26.320,353.35,567.96,71.76,210.91,0.5389,person
20,658,26.320,751.89,659.99,67.27,236.61,0.6835,person
33,658,26.320,1021.35,513.75,75.22,214.42,0.6487,person
41,658,26.320,1102.36,530.95,88.22,224.48,0.5320,person
42,658,26.320,938.30,528.91,70.66,209.85,0.5255,person
43,658,26.320,849.66,385.34,84.67,222.80,0.5881,person
40,658,26.320,1739.18,495.84,83.73,290.76,0.5160,person
28,659,26.360,248.09,802.19,82.55,218.09,0.6934,person
34,659,26.360,934.24,723.94,109.81,267.52,0.7387,person
36,659,26.360,352.14,569.11,72.45,214.28,0.5609,person
20,659,26.360,751.13,658.90,68.05,238.08,0.6643,person
33,659,26.360,1021.82,514.39,75.37,215.02,0.6497,person
42,659,26.360,936.62,529.50,71.15,209.98,0.5127,person
43,659,26.360,848.67,384.99,85.07,223.77,0.5722,person
40,659,26.360,1738.75,494.41,83.28,290.33,0.5332,person
37,659,26.360,278.25,562.37,63.17,208.18,0.5719,person
28,660,26.400,248.21,805.18,81.94,216.76,0.5993,person
34,660,26.400,933.58,727.14,110.87,268.90,0.7622,person
20,660,26.400,749.95,659.35,68.23,236.78,0.6299,person
33,660,26.400,1020.70,515.56,76.02,216.89,0.6471,person
43,660,26.400,847.73,383.21,84.67,222.55,0.5821,person
40,660,26.400,1738.58,493.31,82.79,288.96,0.5442,person
37,660,26.400,278.34,563.04,63.18,208.85,0.6213,person
41,660,26.400,1100.58,534.64,88.76,227.99,0.5355,person
28,661,26.440,246.57,806.94,82.95,219.06,0.6403,person
34,661,26.440,933.53,731.82,110.49,266.92,0.7515,person
20,661,26.440,749.23,659.09,68.94,237.48,0.5888,person
33,661,26.440,1019.35,516.37,76.96,219.55,0.6376,person
43,661,26.440,846.75,383.65,85.54,224.68,0.6286,person
40,661,26.440,1737.55,489.02,83.48,291.46,0.5777,person
37,661,26.440,278.48,563.62,62.89,208.45,0.5857,person
41,661,26.440,1099.83,536.88,88.33,229.20,0.5434,person
36,661,26.440,355.67,572.86,74.34,217.30,0.5572,person
42,661,26.440,932.40,531.26,71.24,210.64,0.5191,person
28,662,26.480,243.23,809.01,83.84,219.27,0.5700,person
34,662,26.480,934.28,737.14,108.97,261.26,0.7251,person
20,662,26.480,748.93,657.92,69.50,236.82,0.6054,person
33,662,26.480,1018.30,518.10,77.76,222.57,0.6431,person
43,662,26.480,845.93,383.84,86.03,225.71,0.6185,person
40,662,26.480,1737.34,487.30,83.41,291.43,0.5824,person
37,662,26.480,278.85,564.66,62.61,207.66,0.5888,person
41,662,26.480,1099.83,538.42,87.32,228.25,0.5585,person
44,662,26.480,544.98,563.73,71.94,230.98,0.6392,person
36,662,26.480,356.05,575.79,75.11,216.45,0.5128,person
42,662,26.480,930.63,533.34,71.14,210.74,0.5571,person
28,663,26.520,242.59,811.05,84.61,220.66,0.6085,person
34,663,26.520,933.51,740.89,110.43,263.25,0.7233,person
20,663,26.520,748.06,656.66,70.76,238.66,0.5977,person
33,663,26.520,1018.27,521.28,77.52,222.62,0.6349,person
43,663,26.520,844.56,383.92,86.56,226.64,0.6530,person
40,663,26.520,1737.00,485.88,83.30,291.14,0.5968,person
37,663,26.520,278.92,566.16,62.10,206.21,0.5830,person
41,663,26.520,1100.59,540.19,85.85,225.88,0.5443,person
44,663,26.520,543.12,564.92,71.89,230.54,0.6685,person
36,663,26.520,354.15,579.07,75.23,215.04,0.5338,person
42,663,26.520,930.57,535.46,71.10,210.95,0.6051,person
26,663,26.520,860.38,957.30,70.58,122.70,0.5184,person
28,664,26.560,243.05,813.38,85.47,223.73,0.5584,person
34,664,26.560,933.70,745.17,109.86,260.23,0.7009,person
20,664,26.560,747.25,656.67,71.70,240.08,0.6165,person
33,664,26.560,1018.83,523.84,76.98,222.05,0.6555,person
43,664,26.560,842.64,384.70,86.91,227.04,0.6907,person
40,664,26.560,1736.31,485.39,83.70,292.44,0.6261,person
37,664,26.560,279.06,568.10,61.76,204.93,0.5991,person
41,664,26.560,1100.89,540.26,85.07,225.31,0.5493,person
44,664,26.560,538.22,565.26,72.42,231.05,0.6023,person
36,664,26.560,352.69,580.17,75.85,215.14,0.5959,person
42,664,26.560,930.70,537.38,72.33,214.99,0.6140,person
26,664,26.560,858.13,959.72,71.71,120.28,0.5823,person
28,665,26.600,242.00,815.44,86.21,225.77,0.6461,person
34,665,26.600,932.94,747.61,110.66,260.71,0.6688,person
20,665,26.600,746.92,656.91,72.18,239.72,0.6311,person
33,665,26.600,1019.74,526.77,76.70,222.01,0.6511,person
43,665,26.600,840.95,385.87,87.36,227.88,0.6972,person
40,665,26.600,1735.51,484.70,83.98,293.28,0.6235,person
37,665,26.600,279.66,568.90,61.11,201.98,0.6062,person
41,665,26.600,1101.52,542.35,83.72,222.65,0.5295,person
44,665,26.600,527.71,566.13,74.02,232.53,0.6085,person
36,665,26.600,349.77,580.19,76.10,215.53,0.6245,person
42,665,26.600,930.64,541.08,71.91,214.30,0.6005,person
26,665,26.600,857.12,961.98,72.56,118.02,0.6231,person
28,666,26.640,240.99,817.02,86.72,226.69,0.6710,person
34,666,26.640,932.54,751.41,110.69,259.50,0.6777,person
20,666,26.640,746.38,657.03,72.90,239.87,0.6551,person
33,666,26.640,1019.71,528.51,77.00,224.47,0.6308,person
43,666,26.640,840.29,388.64,87.04,226.55,0.6753,person
40,666,26.640,1734.48,483.76,84.26,294.31,0.6414,person
37,666,26.640,279.62,569.70,60.94,200.99,0.5978,person
41,666,26.640,1102.24,544.40,82.73,220.75,0.5299,person
44,666,26.640,519.74,567.16,75.82,232.50,0.6580,person
36,666,26.640,347.41,580.19,76.01,215.01,0.6315,person
42,666,26.640,931.01,544.73,71.80,214.47,0.6175,person
26,666,26.640,856.67,963.08,73.69,116.92,0.6753,person
28,667,26.680,242.06,818.81,86.61,227.02,0.6854,person
34,667,26.680,932.27,756.63,111.01,259.12,0.6897,person
20,667,26.680,746.70,656.99,73.30,239.50,0.6820,person
33,667,26.680,1019.66,529.48,77.60,227.42,0.6458,person
43,667,26.680,838.52,390.72,86.98,225.45,0.6685,person
40,667,26.680,1733.65,483.01,84.38,294.93,0.6336,person
37,667,26.680,279.76,570.88,60.96,200.55,0.6226,person
41,667,26.680,1103.22,545.81,81.76,218.85,0.5526,person
44,667,26.680,515.80,569.18,77.53,231.73,0.6723,person
36,667,26.680,345.82,580.60,75.86,214.01,0.6308,person
42,667,26.680,932.07,548.53,71.62,213.09,0.6685,person
26,667,26.680,855.51,963.26,74.77,116.74,0.6485,person
28,668,26.720,241.55,821.04,86.53,226.54,0.7442,person
34,668,26.720,931.16,759.33,112.07,261.07,0.7033,person
20,668,26.720,746.79,656.86,73.74,239.45,0.6807,person
33,668,26.720,1019.80,531.81,77.31,227.33,0.6689,person
43,668,26.720,837.78,394.75,86.37,222.87,0.6508,person
40,668,26.720,1733.15,482.22,84.68,296.70,0.5976,person
37,668,26.720,279.17,572.06,60.94,200.74,0.5693,person
41,668,26.720,1103.64,546.73,81.08,217.58,0.5594,person
44,668,26.720,514.50,569.86,79.61,232.21,0.6938,person
36,668,26.720,343.85,582.19,75.20,210.22,0.5644,person
42,668,26.720,932.25,550.71,71.87,213.23,0.6578,person
26,668,26.720,852.62,964.22,75.91,115.78,0.6265,person
28,669,26.760,242.31,822.69,85.93,224.85,0.7366,person
34,669,26.760,929.28,760.34,113.67,264.52,0.6999,person
20,669,26.760,747.00,656.49,74.09,239.40,0.6360,person
33,669,26.760,1019.10,531.95,78.44,231.42,0.6480,person
43,669,26.760,836.27,396.98,87.74,226.30,0.6145,person
40,669,26.760,1732.51,480.81,84.27,296.38,0.5582,person
37,669,26.760,278.48,574.02,61.18,201.84,0.6396,person
41,669,26.760,1103.76,547.26,81.09,218.47,0.5885,person
44,669,26.760,512.87,570.06,81.78,233.18,0.7152,person
36,669,26.760,341.67,583.50,75.19,208.95,0.5536,person
42,669,26.760,933.13,552.52,71.75,212.58,0.6495,person
26,669,26.760,851.65,964.69,76.88,115.31,0.5306,person
28,670,26.800,242.03,823.70,85.89,223.92,0.7025,person
34,670,26.800,927.75,761.00,114.93,267.03,0.6821,person
20,670,26.800,747.12,656.38,74.41,239.50,0.6176,person
33,670,26.800,1019.31,532.85,78.47,232.62,0.6596,person
43,670,26.800,835.66,399.60,87.38,225.16,0.5676,person
40,670,26.800,1731.78,480.17,83.43,294.26,0.5317,person
37,670,26.800,278.03,576.93,61.64,203.80,0.5846,person
41,670,26.800,1103.98,548.70,81.12,219.27,0.6169,person
44,670,26.800,509.62,569.61,84.23,234.55,0.6835,person
36,670,26.800,338.41,584.17,75.82,208.65,0.5307,person
42,670,26.800,934.23,554.43,71.22,210.83,0.6456,person
28,671,26.840,240.27,824.93,86.12,222.86,0.6876,person
34,671,26.840,926.97,761.70,115.65,268.19,0.7020,person
20,671,26.840,747.55,655.98,74.90,240.38,0.6303,person
33,671,26.840,1019.11,533.44,77.84,231.89,0.6411,person
43,671,26.840,835.03,402.50,87.54,225.42,0.5422,person
40,671,26.840,1731.22,478.99,82.41,291.02,0.5118,person
37,671,26.840,277.26,578.95,62.35,206.33,0.5734,person
41,671,26.840,1103.36,551.10,81.42,220.61,0.6166,person
44,671,26.840,506.18,568.57,86.74,236.36,0.6342,person
36,671,26.840,338.39,588.26,75.48,206.62,0.5074,person
42,671,26.840,934.89,556.11,71.92,213.39,0.6057,person
28,672,26.880,238.11,826.52,86.69,221.70,0.6433,person
34,672,26.880,926.39,761.51,117.90,273.30,0.6869,person
20,672,26.880,746.98,656.25,75.27,241.09,0.6226,person
33,672,26.880,1018.83,533.33,77.83,232.36,0.6150,person
43,672,26.880,834.47,404.65,87.20,224.24,0.5476,person
40,672,26.880,1731.01,478.29,81.63,288.32,0.5616,person
37,672,26.880,276.25,580.71,63.62,211.03,0.5677,person
41,672,26.880,1102.78,551.53,82.32,223.31,0.6428,person
44,672,26.880,505.61,567.38,87.96,237.09,0.6106,person
42,672,26.880,937.91,556.99,71.47,213.01,0.6092,person
28,673,26.920,233.70,827.32,89.31,225.39,0.6758,person
34,673,26.920,926.21,762.25,117.32,271.81,0.6879,person
20,673,26.920,747.34,656.44,75.20,240.98,0.6281,person
33,673,26.920,1017.96,532.60,77.76,232.74,0.6197,person
43,673,26.920,833.97,405.07,87.99,226.25,0.5015,person
40,673,26.920,1730.73,476.62,80.96,285.78,0.5208,person
37,673,26.920,274.89,582.67,63.86,212.40,0.5577,person
41,673,26.920,1102.38,553.05,82.33,223.74,0.6552,person
44,673,26.920,502.25,567.03,88.67,237.59,0.6107,person
42,673,26.920,940.54,557.50,70.75,212.41,0.6065,person
28,674,26.960,230.92,828.33,90.97,228.21,0.6243,person
34,674,26.960,925.42,764.62,117.01,270.74,0.6898,person
20,674,26.960,747.82,656.88,74.94,240.25,0.6068,person
33,674,26.960,1018.15,534.74,76.85,230.69,0.5782,person
43,674,26.960,833.74,404.57,88.67,228.22,0.5070,person
41,674,26.960,1102.61,555.78,81.63,221.83,0.6494,person
44,674,26.960,499.12,566.04,89.29,238.82,0.6168,person
42,674,26.960,942.47,557.87,70.27,212.81,0.5612,person
28,675,27.000,228.82,830.37,91.61,228.13,0.6907,person
34,675,27.000,923.41,767.68,120.55,279.93,0.6751,person
20,675,27.000,747.71,656.94,74.94,240.32,0.6190,person
33,675,27.000,1019.33,539.18,74.79,224.29,0.5756,person
43,675,27.000,833.27,405.30,88.51,227.63,0.5029,person
41,675,27.000,1101.80,557.47,82.68,224.98,0.6568,person
44,675,27.000,496.04,565.51,89.51,239.69,0.6400,person
42,675,27.000,943.52,557.21,70.73,216.33,0.6256,person
36,675,27.000,334.01,589.99,79.11,217.68,0.5145,person
40,675,27.000,1730.61,473.72,79.97,282.19,0.5028,person
37,675,27.000,273.55,589.66,63.50,211.43,0.5205,person
28,676,27.040,228.17,832.42,92.32,228.74,0.6119,person
34,676,27.040,924.11,771.72,118.61,274.43,0.6779,person
20,676,27.040,747.62,656.83,74.73,239.32,0.6000,person
33,676,27.040,1019.99,543.18,73.11,218.48,0.5840,person
41,676,27.040,1100.96,558.87,83.88,228.61,0.6306,person
44,676,27.040,493.24,565.41,89.15,239.50,0.6489,person
42,676,27.040,944.73,557.12,70.65,218.65,0.5901,person
36,676,27.040,334.71,591.79,78.71,218.43,0.5239,person
37,676,27.040,272.13,590.91,63.52,211.17,0.5302,person
28,677,27.080,230.58,835.25,92.05,229.07,0.6119,person
34,677,27.080,923.72,777.78,116.60,269.10,0.6968,person
20,677,27.080,747.62,657.05,75.17,240.43,0.6120,person
33,677,27.080,1020.24,542.23,73.91,220.54,0.6329,person
41,677,27.080,1101.24,563.45,83.74,228.41,0.6870,person
44,677,27.080,489.93,565.56,88.07,238.82,0.6244,person
42,677,27.080,947.71,557.54,69.73,218.43,0.6089,person
36,677,27.080,335.09,594.54,78.01,217.46,0.5439,person
37,677,27.080,271.07,593.77,62.97,208.75,0.5004,person
40,677,27.080,1729.82,470.25,80.20,282.54,0.5288,person
28,678,27.120,230.23,838.42,92.46,230.20,0.6237,person
34,678,27.120,919.96,783.05,118.88,274.23,0.7109,person
20,678,27.120,747.43,656.85,75.02,239.00,0.6210,person
33,678,27.120,1020.80,543.12,74.13,221.48,0.6489,person
41,678,27.120,1101.05,565.62,83.83,228.64,0.6928,person
44,678,27.120,486.06,565.46,87.72,240.76,0.6401,person
42,678,27.120,949.61,557.45,69.45,219.81,0.6248,person
40,678,27.120,1729.15,468.12,80.43,283.23,0.5245,person
43,678,27.120,830.57,408.08,87.14,223.89,0.5407,person
28,679,27.160,232.80,841.14,92.16,231.75,0.6518,person
34,679,27.160,917.68,787.41,118.23,272.99,0.6813,person
20,679,27.160,747.20,656.58,75.10,237.03,0.6122,person
33,679,27.160,1021.45,545.99,73.78,220.09,0.6195,person
41,679,27.160,1101.88,568.61,82.56,225.47,0.6656,person
44,679,27.160,483.73,565.36,87.78,243.70,0.6206,person
42,679,27.160,951.37,558.40,69.33,221.23,0.5886,person
43,679,27.160,828.59,409.38,86.90,223.81,0.5423,person
28,680,27.200,236.62,844.17,90.45,230.27,0.6630,person
34,680,27.200,915.66,792.55,117.51,271.05,0.6762,person
20,680,27.200,746.99,656.59,75.39,235.76,0.6187,person
33,680,27.200,1020.99,548.06,74.32,221.26,0.6430,person
41,680,27.200,1101.65,570.26,82.35,224.94,0.6728,person
44,680,27.200,481.55,566.04,87.37,245.34,0.5765,person
42,680,27.200,951.99,560.41,68.99,222.43,0.6163,person
43,680,27.200,826.35,409.94,87.49,226.21,0.5118,person
36,680,27.200,336.56,601.99,76.62,216.62,0.5733,person
37,680,27.200,265.40,598.07,62.52,207.53,0.5092,person
28,681,27.240,239.19,845.75,89.20,229.27,0.6840,person
34,681,27.240,913.29,795.49,118.16,273.04,0.6855,person
20,681,27.240,746.77,656.47,76.81,237.64,0.5917,person
33,681,27.240,1020.29,548.06,75.52,224.66,0.6634,person
41,681,27.240,1102.00,572.18,81.76,223.51,0.6571,person
42,681,27.240,951.83,562.12,68.51,223.47,0.6038,person
43,681,27.240,824.13,411.32,88.20,228.81,0.5676,person
36,681,27.240,336.56,605.89,75.33,215.18,0.5591,person
28,682,27.280,240.99,847.43,88.08,227.79,0.6857,person
34,682,27.280,912.09,797.47,118.13,273.47,0.6780,person
20,682,27.280,747.41,656.08,77.63,237.58,0.5610,person
33,682,27.280,1019.96,548.59,75.96,225.39,0.6669,person
41,682,27.280,1102.03,573.62,81.36,222.10,0.6602,person
42,682,27.280,952.26,565.01,67.95,223.71,0.6467,person
43,682,27.280,822.16,413.83,88.20,229.28,0.5677,person
36,682,27.280,335.07,608.17,75.64,217.69,0.6055,person
44,682,27.280,475.93,568.04,86.96,244.05,0.5141,person
28,683,27.320,242.57,848.05,87.50,227.11,0.6967,person
34,683,27.320,911.21,800.11,118.17,273.71,0.7143,person
20,683,27.320,748.10,656.12,78.42,237.01,0.5357,person
33,683,27.320,1020.30,551.94,75.24,222.89,0.6628,person
41,683,27.320,1102.32,573.70,81.33,222.08,0.6714,person
42,683,27.320,952.53,567.68,67.33,223.41,0.6480,person
43,683,27.320,819.79,415.33,88.19,230.01,0.5582,person
36,683,27.320,334.25,609.64,74.48,215.50,0.5905,person
44,683,27.320,466.53,568.92,88.63,244.00,0.5067,person
28,684,27.360,244.45,849.01,86.57,225.70,0.7093,person
34,684,27.360,910.44,802.96,117.79,273.48,0.7252,person
20,684,27.360,749.34,655.69,78.42,234.11,0.5629,person
33,684,27.360,1019.75,554.51,74.81,220.66,0.6502,person
41,684,27.360,1102.73,574.94,80.13,217.96,0.6635,person
42,684,27.360,952.42,570.03,66.55,222.03,0.6836,person
43,684,27.360,817.50,418.60,87.03,228.31,0.5620,person
36,684,27.360,333.54,610.93,73.96,214.27,0.5580,person
44,684,27.360,458.43,569.53,90.61,243.60,0.5162,person
45,684,27.360,1057.70,972.24,88.91,107.76,0.5223,person
37,684,27.360,264.02,601.46,61.07,202.22,0.5042,person
28,685,27.400,245.67,849.26,86.12,225.00,0.7038,person
34,685,27.400,909.89,803.35,117.87,274.28,0.7498,person
20,685,27.400,749.63,656.16,79.08,233.31,0.5595,person
33,685,27.400,1020.09,557.58,74.37,218.74,0.6602,person
41,685,27.400,1102.40,575.31,79.78,215.86,0.6316,person
42,685,27.400,952.10,571.16,66.37,222.14,0.6864,person
43,685,27.400,814.91,418.43,87.98,232.73,0.5313,person
36,685,27.400,332.44,612.34,73.66,213.47,0.5100,person
44,685,27.400,453.94,570.67,91.77,241.46,0.5508,person
45,685,27.400,1058.40,970.13,90.63,109.87,0.5558,person
37,685,27.400,262.55,600.21,61.69,204.21,0.5240,person
28,686,27.440,246.39,850.16,86.12,224.63,0.7303,person
34,686,27.440,909.40,802.76,117.30,273.78,0.7506,person
20,686,27.440,749.58,656.52,80.05,233.65,0.5547,person
33,686,27.440,1022.31,562.52,73.60,216.65,0.6417,person
41,686,27.440,1102.77,575.85,79.74,215.20,0.5784,person
42,686,27.440,952.79,572.84,66.19,221.99,0.6584,person
36,686,27.440,331.57,612.27,73.96,213.82,0.5173,person
44,686,27.440,449.11,571.11,92.95,240.43,0.5289,person
45,686,27.440,1059.66,968.70,91.69,111.30,0.5555,person
37,686,27.440,261.33,601.18,62.20,205.20,0.5107,person
28,687,27.480,247.85,850.83,87.34,225.81,0.7389,person
34,687,27.480,909.15,803.21,117.12,274.45,0.7375,person
20,687,27.480,749.07,656.93,81.05,234.15,0.5630,person
33,687,27.480,1022.44,566.31,73.84,217.83,0.6535,person
41,687,27.480,1102.19,576.42,80.41,216.75,0.6012,person
42,687,27.480,952.02,574.34,66.52,223.61,0.6312,person
45,687,27.480,1059.82,966.62,93.18,113.38,0.5709,person
28,688,27.520,249.40,851.55,89.34,227.77,0.7497,person
34,688,27.520,909.92,805.96,115.58,271.47,0.7292,person
20,688,27.520,748.83,656.55,81.91,234.86,0.5436,person
33,688,27.520,1024.07,568.05,73.33,217.05,0.6391,person
41,688,27.520,1099.99,576.59,82.41,221.91,0.6063,person
42,688,27.520,951.64,575.83,66.54,224.64,0.5922,person
45,688,27.520,1061.27,966.17,93.29,113.83,0.5970,person
44,688,27.520,445.91,573.68,92.57,237.48,0.5056,person
28,689,27.560,251.00,853.00,90.72,227.00,0.7295,person
34,689,27.560,910.32,807.97,114.61,269.82,0.7413,person
20,689,27.560,749.60,656.99,82.01,233.87,0.5730,person
33,689,27.560,1026.04,568.98,73.78,218.36,0.6504,person
41,689,27.560,1098.31,577.76,83.53,225.10,0.6048,person
42,689,27.560,951.14,578.09,66.03,223.13,0.5954,person
45,689,27.560,1062.38,964.95,93.85,115.05,0.5883,person
44,689,27.560,445.02,575.07,92.58,236.03,0.5218,person
40,689,27.560,1718.38,456.32,80.38,277.00,0.5506,person
36,689,27.560,328.95,616.92,72.04,207.07,0.5548,person
28,690,27.600,251.32,855.36,91.53,224.64,0.5989,person
34,690,27.600,911.30,814.50,111.86,263.55,0.7574,person
20,690,27.600,750.18,657.82,81.74,231.56,0.5708,person
33,690,27.600,1027.04,570.92,73.43,217.68,0.6212,person
41,690,27.600,1097.16,579.04,84.15,227.65,0.5780,person
42,690,27.600,951.62,580.31,65.29,220.38,0.5706,person
45,690,27.600,1063.35,964.09,94.13,115.91,0.5554,person
44,690,27.600,444.16,575.57,92.57,235.44,0.5124,person
40,690,27.600,1715.93,455.54,81.91,277.04,0.5207,person
36,690,27.600,327.15,618.21,72.62,207.40,0.5480,person
37,690,27.600,254.87,607.28,64.25,211.10,0.5002,person
28,691,27.640,251.47,856.99,92.95,223.01,0.6177,person
34,691,27.640,911.22,819.11,110.08,259.29,0.7539,person
20,691,27.640,749.98,657.80,81.94,230.87,0.5833,person
33,691,27.640,1027.44,570.00,73.67,218.95,0.6063,person
41,691,27.640,1096.40,580.00,84.96,231.16,0.5180,person
42,691,27.640,951.29,581.49,65.27,219.74,0.5784,person
45,691,27.640,1063.98,962.92,94.59,117.08,0.5847,person
44,691,27.640,443.35,575.50,92.20,233.97,0.5237,person
40,691,27.640,1713.42,455.52,82.10,274.13,0.5005,person
37,691,27.640,253.48,609.63,64.76,212.77,0.5031,person
28,692,27.680,251.03,859.18,94.00,220.82,0.6113,person
34,692,27.680,911.13,825.17,107.91,253.85,0.7480,person
20,692,27.680,749.66,657.24,82.88,232.61,0.5396,person
33,692,27.680,1028.95,571.55,72.52,216.03,0.5941,person
42,692,27.680,949.88,581.37,66.76,225.13,0.5751,person
45,692,27.680,1064.53,960.88,95.68,119.12,0.5626,person
44,692,27.680,441.54,575.31,92.23,233.63,0.5852,person
40,692,27.680,1711.29,455.61,82.46,271.59,0.5056,person
43,692,27.680,802.69,431.86,83.68,219.49,0.5307,person
28,693,27.720,249.25,861.37,94.69,218.63,0.5901,person
34,693,27.720,910.58,830.72,105.95,248.81,0.7375,person
33,693,27.720,1030.46,572.19,71.90,214.11,0.6086,person
42,693,27.720,948.80,582.31,66.41,223.94,0.5722,person
45,693,27.720,1064.88,958.91,96.59,121.09,0.5192,person
44,693,27.720,439.39,574.53,92.73,234.65,0.5820,person
43,693,27.720,799.77,432.62,84.76,221.30,0.5603,person
41,693,27.720,1097.19,584.57,84.93,232.86,0.5201,person
34,694,27.760,910.51,836.02,104.14,243.71,0.7180,person
33,694,27.760,1031.09,572.28,72.30,215.46,0.5624,person
42,694,27.760,947.27,581.99,67.44,227.65,0.5792,person
45,694,27.760,1066.36,957.49,96.89,122.51,0.5336,person
44,694,27.760,437.31,574.59,92.70,234.62,0.5202,person
43,694,27.760,795.28,431.10,86.57,226.33,0.5401,person
41,694,27.760,1097.34,588.27,84.58,233.51,0.5553,person
34,695,27.800,910.96,839.90,103.06,240.10,0.7037,person
33,695,27.800,1032.02,571.44,72.23,215.62,0.5433,person
42,695,27.800,946.67,582.15,67.99,229.11,0.5910,person
45,695,27.800,1066.83,955.59,97.46,124.41,0.5336,person
43,695,27.800,792.10,430.85,88.35,231.64,0.6310,person
40,695,27.800,1703.80,445.10,86.24,282.12,0.5068,person
34,696,27.840,911.56,842.67,102.30,237.33,0.6760,person
33,696,27.840,1032.95,571.10,73.23,218.96,0.5610,person
42,696,27.840,946.45,583.02,68.07,227.99,0.6294,person
43,696,27.840,790.20,431.57,89.23,234.93,0.6416,person
41,696,27.840,1097.58,594.74,82.55,229.06,0.5149,person
34,697,27.880,910.92,844.65,101.95,235.35,0.6980,person
33,697,27.880,1034.62,570.81,74.67,223.53,0.5578,person
42,697,27.880,946.39,584.00,68.11,226.85,0.6785,person
43,697,27.880,788.04,434.04,88.87,233.39,0.6293,person
45,697,27.880,1069.00,954.42,97.09,125.42,0.5244,person
34,698,27.920,910.59,846.06,101.75,233.74,0.7207,person
33,698,27.920,1035.96,570.57,76.16,227.32,0.5475,person
42,698,27.920,946.57,587.32,68.16,225.50,0.6888,person
43,698,27.920,787.38,436.60,87.81,229.64,0.6389,person
45,698,27.920,1069.62,952.91,96.89,126.83,0.5641,person
28,698,27.920,237.11,870.30,89.58,207.99,0.5090,person
41,698,27.920,1097.28,597.17,81.50,226.89,0.5078,person
34,699,27.960,910.63,847.68,101.73,232.01,0.7390,person
33,699,27.960,1035.46,571.19,76.37,228.57,0.5215,person
42,699,27.960,945.87,590.37,68.76,226.61,0.7144,person
43,699,27.960,786.23,439.22,87.66,228.92,0.6108,person
45,699,27.960,1070.54,952.32,96.18,127.38,0.5719,person
41,699,27.960,1097.62,598.02,80.83,224.86,0.5138,person
44,699,27.960,423.75,578.08,90.95,232.81,0.5373,person
34,700,28.000,910.58,848.64,101.97,231.08,0.7224,person
33,700,28.000,1035.23,571.50,77.97,234.96,0.5282,person
42,700,28.000,945.08,592.62,69.13,226.97,0.6858,person
43,700,28.000,785.76,441.86,87.37,227.60,0.6094,person
45,700,28.000,1071.44,951.40,95.83,128.31,0.5690,person
44,700,28.000,422.70,579.07,89.64,231.13,0.5230,person
36,700,28.000,311.78,636.57,76.16,213.51,0.5134,person
34,701,28.040,910.58,849.71,102.12,229.88,0.7338,person
33,701,28.040,1033.44,572.57,78.11,238.51,0.5679,person
42,701,28.040,945.30,596.88,69.14,225.46,0.6862,person
45,701,28.040,1072.06,950.18,95.72,129.56,0.6079,person
44,701,28.040,422.37,577.07,88.93,231.77,0.5187,person
36,701,28.040,309.98,638.45,76.43,210.42,0.5300,person
34,702,28.080,910.39,851.41,101.92,227.48,0.7416,person
33,702,28.080,1033.20,577.20,76.71,237.31,0.5786,person
42,702,28.080,945.62,598.55,68.98,223.51,0.6757,person
45,702,28.080,1072.69,949.23,95.72,130.53,0.5749,person
44,702,28.080,420.80,577.82,87.50,230.08,0.5680,person
36,702,28.080,308.74,640.20,76.92,210.45,0.5590,person
37,702,28.080,254.80,626.74,62.30,204.13,0.5185,person
28,702,28.080,235.15,873.77,87.80,202.34,0.5269,person
43,702,28.080,785.01,445.61,86.69,225.50,0.5110,person
34,703,28.120,910.53,853.48,101.92,225.44,0.7423,person
33,703,28.120,1033.21,581.04,75.93,237.44,0.6342,person
42,703,28.120,945.96,600.37,68.98,222.26,0.6900,person
45,703,28.120,1073.32,948.99,95.31,130.80,0.5349,person
44,703,28.120,418.99,577.48,87.73,231.87,0.5895,person
36,703,28.120,307.46,641.61,77.68,211.48,0.5583,person
37,703,28.120,255.18,628.73,61.77,201.84,0.5474,person
28,703,28.120,235.53,875.58,88.74,203.08,0.5999,person
43,703,28.120,784.55,447.95,86.06,223.69,0.5066,person
34,704,28.160,910.20,856.61,101.72,222.58,0.7499,person
33,704,28.160,1033.84,583.35,76.07,239.96,0.6668,person
42,704,28.160,947.00,602.77,69.51,223.88,0.6579,person
45,704,28.160,1074.44,948.78,95.03,131.03,0.5756,person
44,704,28.160,416.54,578.16,87.23,232.20,0.5820,person
36,704,28.160,306.64,643.17,78.11,212.47,0.5756,person
37,704,28.160,254.49,630.67,62.24,202.84,0.5939,person
28,704,28.160,238.74,878.12,88.37,201.65,0.5751,person
43,704,28.160,783.65,450.19,85.92,222.41,0.5225,person
41,704,28.160,1100.91,604.82,79.69,220.72,0.5472,person
34,705,28.200,910.56,861.97,100.53,216.90,0.7091,person
33,705,28.200,1034.26,585.34,75.52,239.22,0.6446,person
42,705,28.200,947.78,605.48,70.06,226.20,0.6460,person
45,705,28.200,1076.18,947.84,95.39,131.99,0.5361,person
44,705,28.200,412.17,577.55,87.48,233.41,0.5456,person
36,705,28.200,306.18,644.60,78.26,212.75,0.5704,person
37,705,28.200,253.88,632.28,63.30,206.41,0.5767,person
28,705,28.200,241.42,880.71,87.70,199.29,0.5354,person
43,705,28.200,782.78,451.83,84.97,219.14,0.5133,person
41,705,28.200,1101.88,606.18,80.46,222.59,0.5023,person
34,706,28.240,911.20,866.40,99.76,212.09,0.7054,person
33,706,28.240,1032.92,588.56,74.63,237.42,0.6434,person
42,706,28.240,949.09,607.46,69.89,226.73,0.6446,person
45,706,28.240,1077.60,947.32,95.44,132.53,0.5763,person
44,706,28.240,408.14,577.43,88.31,234.92,0.5149,person
36,706,28.240,306.05,645.78,78.33,213.51,0.5160,person
37,706,28.240,252.74,634.09,64.19,210.17,0.5727,person
28,706,28.240,244.31,884.07,87.45,195.93,0.5588,person
41,706,28.240,1101.64,607.74,81.11,224.00,0.5367,person
34,707,28.280,910.88,870.12,99.94,209.44,0.7172,person
33,707,28.280,1031.74,591.91,73.28,234.62,0.6300,person
42,707,28.280,950.49,608.21,70.21,229.54,0.6346,person
45,707,28.280,1078.44,946.62,95.55,133.25,0.6411,person
36,707,28.280,305.31,645.28,77.98,213.39,0.5058,person
37,707,28.280,251.82,635.60,65.09,213.27,0.5627,person
28,707,28.280,248.61,886.64,87.28,193.36,0.6670,person
41,707,28.280,1099.81,607.89,82.02,225.50,0.5067,person
43,707,28.280,778.40,451.93,86.61,223.39,0.5015,person
34,708,28.320,911.13,875.59,99.13,204.35,0.7092,person
33,708,28.320,1030.85,595.36,72.17,231.27,0.5911,person
42,708,28.320,951.97,609.08,69.73,229.59,0.6206,person
45,708,28.320,1079.80,945.86,95.95,134.03,0.6475,person
36,708,28.320,306.81,645.41,78.48,215.79,0.5093,person
37,708,28.320,250.07,637.80,66.15,217.58,0.5581,person
28,708,28.320,251.81,888.98,87.03,191.02,0.6611,person
41,708,28.320,1099.66,609.82,82.34,224.92,0.5297,person
44,708,28.320,403.17,578.54,88.14,233.22,0.5441,person
34,709,28.360,911.65,881.59,98.01,198.41,0.7285,person
33,709,28.360,1029.30,596.49,72.18,230.70,0.6174,person
42,709,28.360,953.13,609.51,69.33,230.26,0.6440,person
45,709,28.360,1080.44,944.03,96.95,135.87,0.6406,person
36,709,28.360,307.63,646.77,78.49,216.41,0.5295,person
37,709,28.360,248.84,640.19,66.41,219.21,0.5627,person
28,709,28.360,254.31,891.21,86.80,188.79,0.7243,person
41,709,28.360,1098.60,611.58,83.55,226.61,0.5551,person
44,709,28.360,400.89,578.29,88.74,233.88,0.6005,person
34,710,28.400,912.04,885.64,97.69,194.36,0.7456,person
33,710,28.400,1028.22,597.35,72.48,230.49,0.6247,person
42,710,28.400,954.03,609.77,69.07,231.76,0.6598,person
45,710,28.400,1081.53,943.10,97.40,136.80,0.6723,person
36,710,28.400,307.55,648.27,78.78,218.07,0.5110,person
37,710,28.400,248.06,642.76,65.96,218.90,0.5457,person
28,710,28.400,255.47,893.76,86.39,186.13,0.7356,person
41,710,28.400,1097.34,614.39,85.47,230.52,0.5587,person
44,710,28.400,398.79,578.49,89.13,234.02,0.5631,person
34,711,28.440,912.15,889.75,97.33,190.25,0.7329,person
33,711,28.440,1027.29,598.51,72.72,229.95,0.6456,person
42,711,28.440,954.75,610.18,68.43,231.84,0.6557,person
45,711,28.440,1082.35,942.65,97.24,137.27,0.7382,person
36,711,28.440,307.05,650.28,78.01,216.53,0.5491,person
37,711,28.440,247.26,645.16,65.63,218.99,0.5349,person
28,711,28.440,255.65,895.14,86.07,184.45,0.7357,person
41,711,28.440,1097.52,616.67,86.10,231.68,0.5890,person
44,711,28.440,398.43,578.65,88.74,233.73,0.5434,person
34,712,28.480,912.52,892.15,97.74,187.85,0.7179,person
33,712,28.480,1026.59,598.79,73.24,229.76,0.6553,person
42,712,28.480,954.67,610.67,68.13,232.29,0.6428,person
45,712,28.480,1082.81,942.68,96.37,137.24,0.6959,person
36,712,28.480,307.35,652.24,77.40,215.14,0.5634,person
37,712,28.480,246.01,647.68,64.98,217.81,0.5423,person
28,712,28.480,255.02,897.43,84.75,181.95,0.7254,person
41,712,28.480,1098.38,618.88,86.27,231.87,0.5614,person
44,712,28.480,397.06,580.52,87.59,230.05,0.5137,person
34,713,28.520,912.72,894.29,98.37,185.71,0.7276,person
33,713,28.520,1025.87,599.28,73.67,229.19,0.6607,person
42,713,28.520,955.27,611.23,67.55,231.68,0.6525,person
45,713,28.520,1083.22,942.22,95.73,137.72,0.6919,person
36,713,28.520,308.04,654.46,77.16,215.12,0.5693,person
37,713,28.520,244.57,649.79,64.56,216.23,0.5520,person
28,713,28.520,254.18,898.69,83.97,180.76,0.7342,person
41,713,28.520,1098.68,620.68,85.88,230.15,0.5892,person
44,713,28.520,394.59,581.23,87.44,229.32,0.5023,person
34,714,28.560,913.23,896.41,98.79,183.59,0.7235,person
33,714,28.560,1026.10,599.38,74.38,229.04,0.6659,person
42,714,28.560,955.59,611.91,67.01,229.87,0.6622,person
45,714,28.560,1084.12,942.05,94.92,137.90,0.6498,person
36,714,28.560,308.78,656.15,78.09,218.45,0.5785,person
37,714,28.560,243.11,649.14,64.72,216.51,0.5969,person
28,714,28.560,253.98,899.83,83.31,179.58,0.7567,person
41,714,28.560,1099.54,621.84,85.50,228.69,0.6112,person
44,714,28.560,392.60,579.87,87.67,229.11,0.5661,person
34,715,28.600,914.45,897.64,99.52,182.36,0.7221,person
33,715,28.600,1025.89,600.52,74.71,227.83,0.6540,person
42,715,28.600,955.96,613.58,66.66,228.37,0.6612,person
45,715,28.600,1085.33,941.73,94.17,138.22,0.6822,person
36,715,28.600,309.23,658.18,78.66,220.94,0.5870,person
37,715,28.600,242.97,649.24,64.54,215.75,0.6062,person
28,715,28.600,254.21,900.45,82.84,178.97,0.7472,person
41,715,28.600,1101.12,623.40,84.23,225.07,0.5893,person
44,715,28.600,392.73,579.73,87.45,228.00,0.5344,person
34,716,28.640,914.18,899.17,100.17,180.83,0.7047,person
33,716,28.640,1026.32,601.00,75.34,227.71,0.6537,person
42,716,28.640,956.99,615.56,67.05,229.12,0.6638,person
45,716,28.640,1085.90,939.46,94.63,140.50,0.6254,person
36,716,28.640,310.40,659.22,79.12,223.05,0.5801,person
37,716,28.640,242.42,651.43,64.12,214.07,0.5719,person
28,716,28.640,254.37,902.72,81.43,176.79,0.7587,person
41,716,28.640,1102.57,623.70,83.72,224.25,0.6043,person
44,716,28.640,391.89,580.96,87.37,227.04,0.5411,person
34,717,28.680,916.28,901.93,99.97,178.07,0.7112,person
33,717,28.680,1026.76,603.64,75.16,226.24,0.6548,person
42,717,28.680,956.48,617.02,68.14,233.34,0.6602,person
45,717,28.680,1086.64,938.34,94.45,141.62,0.6470,person
36,717,28.680,311.65,660.76,78.49,222.26,0.5736,person
37,717,28.680,241.22,652.81,63.72,212.91,0.5976,person
28,717,28.680,254.62,903.40,80.41,174.82,0.7712,person
41,717,28.680,1102.61,624.17,83.63,224.39,0.5748,person
44,717,28.680,389.72,581.85,87.46,226.59,0.5509,person
43,717,28.680,758.90,465.74,81.63,208.75,0.5673,person
34,718,28.720,918.81,904.32,99.64,175.68,0.6997,person
33,718,28.720,1026.68,605.97,74.80,224.35,0.6572,person
42,718,28.720,955.77,619.40,68.64,235.86,0.6199,person
45,718,28.720,1087.50,937.14,94.32,142.83,0.6250,person
37,718,28.720,240.59,651.28,63.97,213.05,0.6603,person
28,718,28.720,254.72,905.72,79.54,173.32,0.7731,person
41,718,28.720,1102.21,624.29,83.87,224.74,0.5728,person
44,718,28.720,387.01,581.43,88.21,227.81,0.5907,person
43,718,28.720,755.18,466.76,82.52,209.60,0.5188,person
34,719,28.760,921.64,907.56,98.69,172.44,0.6892,person
33,719,28.760,1026.07,608.24,75.35,225.42,0.6568,person
42,719,28.760,957.02,620.88,68.86,236.23,0.6164,person
45,719,28.760,1087.70,936.06,94.13,143.91,0.6635,person
37,719,28.760,239.62,650.71,64.12,213.14,0.6168,person
28,719,28.760,255.46,905.86,78.98,172.64,0.6731,person
41,719,28.760,1101.79,624.28,84.41,226.29,0.5858,person
34,720,28.800,923.51,911.21,97.51,168.79,0.6759,person
33,720,28.800,1026.21,610.89,75.72,225.22,0.6326,person
42,720,28.800,955.57,623.08,68.52,236.38,0.6069,person
45,720,28.800,1087.87,935.20,93.95,144.77,0.6287,person
37,720,28.800,238.87,654.15,62.96,210.01,0.5624,person
28,720,28.800,256.73,908.73,77.95,170.05,0.6702,person
44,720,28.800,375.88,579.63,88.13,229.66,0.5057,person
34,721,28.840,927.23,915.89,95.61,164.11,0.6218,person
33,721,28.840,1027.16,613.13,75.73,225.17,0.5942,person
42,721,28.840,954.66,625.13,68.44,236.73,0.6083,person
45,721,28.840,1087.92,934.66,93.66,145.32,0.5978,person
37,721,28.840,237.90,653.77,63.38,211.07,0.5538,person
28,721,28.840,257.02,910.91,77.26,168.38,0.6256,person
44,721,28.840,372.21,579.11,87.15,229.06,0.5335,person
34,722,28.880,929.46,921.93,93.29,158.07,0.6302,person
33,722,28.880,1027.37,615.92,75.34,224.24,0.5618,person
42,722,28.880,954.37,628.28,67.41,233.67,0.6026,person
45,722,28.880,1088.60,933.15,94.28,146.83,0.5709,person
37,722,28.880,236.68,656.89,63.69,212.23,0.5598,person
28,722,28.880,258.36,914.53,76.16,165.26,0.6464,person
36,722,28.880,314.09,670.24,74.67,213.95,0.5082,person
34,723,28.920,931.74,926.82,91.57,153.18,0.6346,person
33,723,28.920,1027.72,617.98,75.84,225.63,0.5566,person
42,723,28.920,955.75,629.90,67.84,234.37,0.6146,person
45,723,28.920,1088.41,931.77,94.72,148.21,0.5559,person
37,723,28.920,235.47,659.03,64.56,215.43,0.5549,person
28,723,28.920,259.69,917.66,75.06,162.32,0.6581,person
36,723,28.920,314.56,670.76,74.94,215.49,0.5694,person
34,724,28.960,934.20,931.81,89.45,147.69,0.6177,person
33,724,28.960,1030.66,618.99,76.39,226.95,0.5600,person
42,724,28.960,954.82,631.67,68.56,237.76,0.6111,person
45,724,28.960,1088.43,930.98,94.87,149.00,0.5505,person
37,724,28.960,234.90,661.09,64.92,217.29,0.5186,person
28,724,28.960,261.54,920.74,73.88,159.26,0.6519,person
36,724,28.960,314.32,671.67,74.68,216.17,0.6290,person
46,724,28.960,1264.20,904.13,100.27,175.87,0.5277,person
47,724,28.960,607.06,787.54,69.39,177.74,0.5843,person
48,724,28.960,1355.36,868.01,88.85,211.99,0.5810,person
43,724,28.960,738.81,471.21,84.04,210.57,0.5014,person
34,725,29.000,936.16,936.02,88.29,143.17,0.6720,person
33,725,29.000,1033.84,619.23,76.57,227.78,0.5593,person
42,725,29.000,955.55,634.72,67.89,234.54,0.6050,person
45,725,29.000,1088.77,930.07,95.11,149.91,0.5672,person
37,725,29.000,234.46,663.52,65.49,219.45,0.5027,person
28,725,29.000,261.95,922.68,73.32,157.32,0.6575,person
36,725,29.000,313.15,671.94,74.22,216.47,0.5358,person
47,725,29.000,606.92,787.06,69.47,177.93,0.5654,person
48,725,29.000,1354.09,867.58,89.08,212.42,0.5797,person
43,725,29.000,735.66,470.08,85.20,212.23,0.5138,person
41,725,29.000,1102.20,641.37,84.24,228.77,0.5305,person
34,726,29.040,938.69,939.71,87.46,139.21,0.6335,person
33,726,29.040,1035.89,619.45,76.33,227.59,0.5772,person
42,726,29.040,955.10,636.00,67.58,233.23,0.6060,person
45,726,29.040,1089.12,930.21,94.82,149.78,0.5462,person
28,726,29.040,261.76,924.31,73.08,155.69,0.6599,person
47,726,29.040,606.54,786.55,69.76,178.55,0.5598,person
48,726,29.040,1352.37,865.69,89.92,214.31,0.5600,person
41,726,29.040,1102.44,644.92,83.53,228.41,0.5845,person
46,726,29.040,1260.33,898.42,103.40,181.58,0.5227,person
34,727,29.080,941.21,942.40,87.28,136.52,0.6158,person
33,727,29.080,1037.23,619.71,76.23,227.96,0.5428,person
42,727,29.080,954.19,637.73,67.44,232.47,0.6552,person
45,727,29.080,1089.51,929.02,95.51,150.97,0.5566,person
28,727,29.080,261.82,925.57,73.14,154.43,0.6835,person
47,727,29.080,606.24,786.20,70.08,179.24,0.5536,person
48,727,29.080,1350.71,864.56,90.45,215.44,0.6089,person
41,727,29.080,1102.83,647.24,83.40,229.07,0.5913,person
46,727,29.080,1258.12,896.04,104.41,183.96,0.5672,person
43,727,29.080,730.74,473.30,83.80,205.93,0.5347,person
34,728,29.120,944.26,944.45,87.49,135.18,0.6126,person
33,728,29.120,1038.50,620.17,75.79,227.28,0.5666,person
42,728,29.120,952.89,638.83,67.35,231.81,0.7301,person
45,728,29.120,1089.35,929.48,95.08,150.51,0.5927,person
28,728,29.120,261.96,926.16,73.19,153.84,0.6708,person
47,728,29.120,606.01,786.58,70.09,178.94,0.5480,person
48,728,29.120,1348.99,863.88,90.75,216.12,0.6483,person
41,728,29.120,1103.24,649.02,82.78,229.03,0.6015,person
46,728,29.120,1256.12,894.23,104.61,184.83,0.6184,person
43,728,29.120,728.65,477.28,83.08,200.85,0.5116,person
37,728,29.120,235.61,674.82,65.39,218.77,0.5407,person
34,729,29.160,946.05,945.65,87.83,134.24,0.5609,person
33,729,29.160,1039.76,620.61,75.43,226.53,0.5533,person
42,729,29.160,951.72,639.81,67.38,232.15,0.7393,person
45,729,29.160,1089.34,929.24,95.14,150.75,0.5787,person
28,729,29.160,261.30,927.89,72.82,152.11,0.6206,person
47,729,29.160,605.85,786.21,70.17,178.84,0.5174,person
48,729,29.160,1347.65,863.65,90.86,216.35,0.6452,person
41,729,29.160,1103.12,650.16,82.56,229.37,0.6013,person
46,729,29.160,1254.48,893.38,104.79,185.76,0.6145,person
43,729,29.160,727.35,483.25,81.68,193.45,0.5109,person
37,729,29.160,236.21,677.64,65.68,219.65,0.5197,person
34,730,29.200,947.58,945.74,88.79,134.24,0.5929,person
33,730,29.200,1040.18,620.38,75.69,227.29,0.5412,person
42,730,29.200,950.41,640.39,67.40,232.50,0.7045,person
45,730,29.200,1088.87,929.08,95.16,150.83,0.5285,person
28,730,29.200,260.82,929.73,72.65,150.27,0.6361,person
47,730,29.200,605.81,786.05,69.68,177.01,0.5177,person
48,730,29.200,1345.99,862.52,91.29,217.48,0.6351,person
41,730,29.200,1103.08,651.64,81.69,227.68,0.5802,person
46,730,29.200,1253.28,892.28,105.27,187.40,0.5441,person
43,730,29.200,724.38,481.77,83.57,195.72,0.5316,person
34,731,29.240,949.83,948.09,88.56,131.91,0.5797,person
33,731,29.240,1039.95,620.79,75.49,226.74,0.5525,person
42,731,29.240,948.90,641.20,67.68,233.52,0.7153,person
45,731,29.240,1088.62,927.86,95.26,151.06,0.5162,person
28,731,29.240,260.88,930.78,73.11,149.22,0.6160,person
47,731,29.240,605.89,785.90,69.68,176.49,0.5408,person
48,731,29.240,1343.54,860.40,92.09,219.60,0.6308,person
41,731,29.240,1103.20,652.93,81.40,227.23,0.6174,person
46,731,29.240,1251.94,891.47,105.32,188.42,0.5459,person
37,731,29.240,237.06,679.02,65.61,220.27,0.5461,person
34,732,29.280,953.61,950.06,88.82,129.94,0.5557,person
33,732,29.280,1040.31,622.47,75.08,225.20,0.5691,person
42,732,29.280,947.60,641.48,68.28,235.35,0.6821,person
45,732,29.280,1088.24,927.86,95.43,151.73,0.5473,person
28,732,29.280,260.75,932.22,73.17,147.78,0.5988,person
47,732,29.280,606.16,786.30,69.33,174.98,0.5396,person
48,732,29.280,1341.74,856.30,93.23,223.04,0.6482,person
41,732,29.280,1103.05,653.05,81.36,227.27,0.5851,person
46,732,29.280,1250.34,890.21,105.57,189.76,0.5285,person
37,732,29.280,237.83,679.40,65.31,220.06,0.5371,person
43,732,29.280,720.75,485.24,83.39,191.85,0.5037,person
33,733,29.320,1039.75,623.12,76.04,228.12,0.6138,person
42,733,29.320,947.76,643.17,67.80,233.00,0.6495,person
45,733,29.320,1087.75,927.71,95.39,152.13,0.5697,person
47,733,29.320,606.02,785.64,69.50,174.84,0.5331,person
48,733,29.320,1339.16,853.13,94.03,225.88,0.6799,person
41,733,29.320,1103.34,654.17,81.03,225.65,0.5943,person
37,733,29.320,238.30,679.28,65.21,220.03,0.5877,person
43,733,29.320,718.91,488.97,82.31,186.33,0.5290,person
33,734,29.360,1038.76,624.04,76.98,231.52,0.6062,person
42,734,29.360,947.50,643.94,68.51,235.02,0.6405,person
45,734,29.360,1087.53,927.44,95.33,152.51,0.5607,person
47,734,29.360,606.14,785.45,69.46,174.08,0.5350,person
48,734,29.360,1336.68,849.93,94.75,229.09,0.6506,person
41,734,29.360,1103.98,655.70,80.30,223.40,0.5115,person
37,734,29.360,238.92,679.42,64.95,219.54,0.5968,person
43,734,29.360,717.12,491.12,82.58,184.91,0.5227,person
34,734,29.360,958.13,956.26,86.59,123.74,0.5136,person
28,734,29.360,261.85,936.44,72.54,143.56,0.5128,person
33,735,29.400,1037.83,624.25,78.33,236.49,0.6194,person
42,735,29.400,946.19,646.14,69.88,239.12,0.5972,person
45,735,29.400,1087.34,927.73,94.90,152.20,0.5904,person
48,735,29.400,1334.58,847.52,94.81,230.98,0.6261,person
41,735,29.400,1104.64,656.79,79.94,221.77,0.5102,person
37,735,29.400,239.17,679.79,64.62,218.64,0.5660,person
34,735,29.400,960.13,959.63,86.17,120.37,0.5332,person
28,735,29.400,262.01,938.49,72.74,141.51,0.6413,person
33,736,29.440,1037.63,625.24,79.35,240.73,0.6055,person
42,736,29.440,945.10,648.63,70.68,241.36,0.5833,person
45,736,29.440,1087.48,927.66,94.57,152.10,0.5679,person
48,736,29.440,1332.61,844.93,95.24,233.81,0.5997,person
41,736,29.440,1104.62,656.04,81.00,224.61,0.5105,person
37,736,29.440,239.80,679.95,64.34,217.61,0.5240,person
34,736,29.440,963.02,963.83,85.19,116.17,0.5272,person
28,736,29.440,262.81,941.77,72.46,138.23,0.5630,person
33,737,29.480,1036.92,626.52,79.99,244.40,0.6109,person
42,737,29.480,944.33,650.94,70.35,239.69,0.5936,person
45,737,29.480,1087.43,927.74,94.13,151.82,0.5655,person
48,737,29.480,1331.16,841.80,95.90,237.73,0.5904,person
41,737,29.480,1104.42,655.75,82.46,228.81,0.5629,person
37,737,29.480,240.30,680.60,63.98,215.99,0.5223,person
34,737,29.480,964.88,967.11,84.82,112.89,0.5394,person
28,737,29.480,263.34,944.74,72.46,135.26,0.5447,person
33,738,29.520,1036.78,628.32,80.28,247.01,0.6150,person
42,738,29.520,943.70,652.82,70.51,239.81,0.5970,person
45,738,29.520,1087.56,928.06,93.57,151.31,0.5887,person
48,738,29.520,1329.86,838.75,96.13,240.60,0.6086,person
41,738,29.520,1104.13,656.42,83.98,232.56,0.6023,person
37,738,29.520,240.92,681.56,63.84,214.75,0.5236,person
34,738,29.520,967.57,972.79,82.61,107.21,0.5420,person
28,738,29.520,263.48,947.50,72.76,132.50,0.5456,person
33,739,29.560,1036.10,631.08,80.12,247.47,0.6085,person
42,739,29.560,943.14,655.55,71.15,242.01,0.6109,person
45,739,29.560,1087.61,928.15,93.19,151.01,0.5330,person
48,739,29.560,1328.74,836.46,96.21,242.51,0.6252,person
41,739,29.560,1104.38,658.20,84.14,232.50,0.5697,person
37,739,29.560,241.87,683.81,63.81,213.09,0.5424,person
34,739,29.560,970.51,980.00,79.47,100.00,0.5710,person
33,740,29.600,1036.58,637.14,78.91,244.02,0.5841,person
42,740,29.600,942.95,659.71,71.21,241.13,0.6567,person
45,740,29.600,1087.86,928.59,92.65,150.52,0.5618,person
48,740,29.600,1327.61,833.64,96.32,244.44,0.6287,person
41,740,29.600,1103.98,661.02,84.53,232.75,0.5696,person
37,740,29.600,241.73,686.54,64.00,213.12,0.5470,person
34,740,29.600,972.33,985.00,77.93,95.00,0.5366,person
28,740,29.600,263.71,952.93,71.74,127.07,0.5456,person
33,741,29.640,1036.30,641.02,78.84,244.05,0.5725,person
42,741,29.640,942.73,662.93,71.25,240.73,0.6675,person
45,741,29.640,1087.04,928.21,92.63,150.78,0.5927,person
48,741,29.640,1326.47,831.22,96.47,246.42,0.6391,person
41,741,29.640,1103.71,662.77,84.59,231.55,0.5980,person
37,741,29.640,241.05,687.72,65.00,215.89,0.5526,person
28,741,29.640,263.16,954.94,72.53,125.06,0.5985,person
33,742,29.680,1035.72,645.10,78.21,242.99,0.6110,person
42,742,29.680,942.50,664.83,71.40,241.10,0.6671,person
45,742,29.680,1086.79,927.90,92.55,151.17,0.5948,person
48,742,29.680,1324.94,828.05,97.55,251.04,0.6453,person
41,742,29.680,1103.35,663.48,85.58,233.29,0.5778,person
37,742,29.680,240.27,690.37,65.86,218.74,0.5228,person
28,742,29.680,262.22,957.19,73.06,122.81,0.5061,person
36,742,29.680,322.12,704.19,73.96,214.96,0.5042,person
33,743,29.720,1034.16,647.02,78.53,243.60,0.6060,person
42,743,29.720,942.62,666.17,71.43,241.27,0.6632,person
45,743,29.720,1086.60,928.01,92.19,151.03,0.5788,person
48,743,29.720,1324.16,826.90,97.51,252.78,0.6554,person
41,743,29.720,1103.44,665.80,86.32,234.87,0.5151,person
37,743,29.720,239.71,694.27,66.52,221.76,0.5259,person
36,743,29.720,322.93,705.66,73.76,214.17,0.5057,person
33,744,29.760,1033.61,648.49,78.75,243.51,0.6031,person
42,744,29.760,942.69,667.09,71.20,240.46,0.6628,person
45,744,29.760,1087.03,928.88,91.50,150.24,0.5349,person
48,744,29.760,1324.25,825.84,97.02,253.66,0.6321,person
37,744,29.760,239.00,697.66,66.72,223.70,0.5468,person
47,744,29.760,604.84,783.22,71.19,178.12,0.5048,person
33,745,29.800,1033.14,648.84,79.20,243.67,0.6220,person
42,745,29.800,942.53,667.95,70.76,239.42,0.6658,person
45,745,29.800,1087.13,928.28,91.31,150.47,0.5267,person
48,745,29.800,1323.99,824.21,96.55,254.95,0.6703,person
37,745,29.800,238.87,700.39,67.05,225.02,0.5914,person
47,745,29.800,604.66,783.15,71.05,177.38,0.5056,person
28,745,29.800,264.09,964.32,71.59,115.68,0.5262,person
33,746,29.840,1032.81,649.77,79.57,242.91,0.6139,person
42,746,29.840,941.99,667.84,70.49,239.32,0.6453,person
45,746,29.840,1086.78,928.53,91.35,150.79,0.5443,person
48,746,29.840,1323.52,823.60,95.83,255.50,0.6657,person
37,746,29.840,239.20,702.37,67.94,227.27,0.5914,person
47,746,29.840,605.19,783.78,70.63,175.85,0.5058,person
28,746,29.840,264.53,966.91,72.84,113.09,0.5283,person
36,746,29.840,319.45,705.04,78.51,224.31,0.5870,person
33,747,29.880,1032.46,650.87,79.75,241.26,0.6379,person
42,747,29.880,940.59,667.69,70.38,239.07,0.5967,person
45,747,29.880,1087.04,928.15,91.32,151.32,0.5759,person
48,747,29.880,1322.33,822.10,95.84,257.57,0.6883,person
37,747,29.880,240.97,703.69,69.32,229.21,0.6240,person
47,747,29.880,605.16,784.14,70.52,175.08,0.5258,person
28,747,29.880,264.10,969.21,74.15,110.79,0.5845,person
36,747,29.880,319.89,706.75,80.17,226.85,0.5720,person
33,748,29.920,1032.20,651.78,80.14,240.30,0.6282,person
42,748,29.920,940.09,668.74,70.08,238.49,0.5926,person
45,748,29.920,1085.55,928.48,91.31,151.12,0.5729,person
48,748,29.920,1320.81,821.07,95.61,258.83,0.7003,person
37,748,29.920,238.95,704.82,69.22,229.32,0.5873,person
28,748,29.920,264.53,971.29,75.25,108.71,0.5963,person
36,748,29.920,319.93,707.07,81.35,227.31,0.6363,person
33,749,29.960,1031.80,651.77,80.59,239.82,0.6454,person
42,749,29.960,939.52,669.55,70.03,237.77,0.6648,person
45,749,29.960,1084.91,929.01,91.35,150.87,0.5623,person
48,749,29.960,1319.19,818.64,95.63,261.10,0.7022,person
37,749,29.960,237.36,705.59,69.31,229.25,0.6046,person
28,749,29.960,263.39,973.85,76.10,106.15,0.5263,person
36,749,29.960,321.64,709.32,81.65,227.01,0.6796,person
49,749,29.960,755.74,656.64,80.99,233.65,0.6075,person
47,749,29.960,605.31,784.35,70.20,173.57,0.5077,person
33,750,30.000,1031.32,652.39,81.15,239.31,0.6209,person
42,750,30.000,937.88,670.17,70.88,238.99,0.6796,person
45,750,30.000,1083.62,927.97,92.14,152.00,0.5769,person
48,750,30.000,1317.93,816.73,94.81,261.71,0.7154,person
37,750,30.000,236.00,704.81,69.38,230.34,0.5780,person
36,750,30.000,322.81,712.62,80.71,224.18,0.5985,person
49,750,30.000,755.26,657.73,80.81,232.97,0.5610,person
33,751,30.040,1030.26,652.74,81.64,239.37,0.6436,person
42,751,30.040,936.94,670.97,71.75,240.73,0.7013,person
45,751,30.040,1083.69,928.12,91.99,151.88,0.5385,person
48,751,30.040,1316.33,813.39,94.84,264.06,0.7219,person
37,751,30.040,234.57,704.64,68.98,230.71,0.5930,person
36,751,30.040,324.67,714.63,80.65,223.87,0.6509,person
49,751,30.040,755.47,657.92,80.58,232.22,0.6091,person
41,751,30.040,1106.08,676.15,87.28,237.91,0.5509,person
33,752,30.080,1029.67,653.80,82.27,239.33,0.6559,person
42,752,30.080,935.68,671.59,73.45,245.75,0.7218,person
45,752,30.080,1082.98,927.83,92.17,152.17,0.5218,person
48,752,30.080,1315.27,809.00,94.99,266.58,0.6700,person
37,752,30.080,234.08,704.14,68.68,230.78,0.6169,person
36,752,30.080,327.06,717.20,79.45,220.32,0.5661,person
49,752,30.080,755.85,658.20,80.43,231.73,0.6191,person
41,752,30.080,1106.99,676.40,86.92,237.98,0.5410,person
33,753,30.120,1028.46,655.54,82.48,238.73,0.6677,person
42,753,30.120,933.69,673.06,74.68,249.60,0.7218,person
45,753,30.120,1083.55,928.15,91.74,151.85,0.5984,person
48,753,30.120,1315.04,806.03,94.48,267.00,0.6899,person
37,753,30.120,233.59,703.95,68.45,230.88,0.6446,person
36,753,30.120,328.32,719.07,79.28,220.23,0.5846,person
49,753,30.120,756.38,658.39,80.34,231.38,0.6496,person
41,753,30.120,1107.31,677.34,86.81,238.86,0.5373,person
50,753,30.120,992.32,459.50,73.71,203.74,0.5908,person
33,754,30.160,1027.69,656.91,83.01,238.43,0.6795,person
42,754,30.160,932.93,674.84,74.57,248.70,0.7068,person
45,754,30.160,1083.82,927.88,91.47,152.12,0.5732,person
48,754,30.160,1314.89,803.56,92.90,262.99,0.6272,person
37,754,30.160,233.26,704.54,67.80,229.52,0.6365,person
36,754,30.160,328.70,720.78,80.16,223.65,0.6798,person
49,754,30.160,755.91,658.41,79.97,230.10,0.6471,person
50,754,30.160,992.20,460.09,74.21,205.33,0.5704,person
33,755,30.200,1027.02,658.22,82.88,236.53,0.6816,person
42,755,30.200,932.02,678.97,73.70,244.79,0.7143,person
45,755,30.200,1084.10,927.46,91.16,152.54,0.5522,person
48,755,30.200,1314.77,801.13,90.98,257.90,0.6426,person
37,755,30.200,232.91,708.55,66.26,224.44,0.6323,person
36,755,30.200,329.91,722.42,79.53,221.98,0.6978,person
49,755,30.200,755.90,656.76,80.90,232.90,0.6535,person
50,755,30.200,991.30,460.56,75.70,209.91,0.5948,person
41,755,30.200,1106.56,680.40,88.61,244.85,0.5248,person
33,756,30.240,1026.27,660.77,82.85,235.40,0.6579,person
42,756,30.240,932.08,684.65,72.31,238.90,0.7101,person
45,756,30.240,1085.27,930.04,89.28,149.96,0.5492,person
48,756,30.240,1314.90,799.23,88.31,249.51,0.6470,person
37,756,30.240,236.55,707.60,67.94,226.42,0.6170,person
36,756,30.240,331.28,723.37,79.21,221.23,0.7015,person
49,756,30.240,756.71,656.86,80.27,231.20,0.6538,person
50,756,30.240,991.67,461.59,74.32,206.35,0.5584,person
33,757,30.280,1024.06,664.03,82.51,233.83,0.6624,person
42,757,30.280,931.08,688.52,71.96,237.05,0.6940,person
48,757,30.280,1314.73,797.37,87.24,246.39,0.6103,person
37,757,30.280,240.82,708.38,70.06,226.06,0.6596,person
36,757,30.280,332.73,724.25,78.70,219.33,0.6782,person
49,757,30.280,756.86,658.36,79.65,229.37,0.6418,person
50,757,30.280,991.94,462.58,73.66,204.95,0.6088,person
33,758,30.320,1023.91,667.65,81.42,230.76,0.6428,person
42,758,30.320,929.82,690.80,73.02,239.40,0.7369,person
48,758,30.320,1314.42,795.33,87.18,246.47,0.5857,person
37,758,30.320,234.83,714.47,68.52,220.59,0.6217,person
36,758,30.320,333.19,725.25,78.32,217.08,0.6738,person
49,758,30.320,757.20,657.50,79.33,228.70,0.6310,person
50,758,30.320,991.69,464.02,73.60,205.31,0.5896,person
45,758,30.320,1086.17,932.61,87.31,147.39,0.5062,person
33,759,30.360,1024.61,670.94,81.64,231.69,0.6157,person
42,759,30.360,927.31,693.08,75.08,246.65,0.7125,person
48,759,30.360,1313.65,794.22,87.26,246.57,0.6310,person
37,759,30.360,237.66,711.22,72.28,227.61,0.6308,person
36,759,30.360,332.80,725.89,79.24,218.17,0.7001,person
49,759,30.360,757.69,656.95,79.18,228.62,0.5994,person
50,759,30.360,992.15,465.95,73.06,204.24,0.5989,person
45,759,30.360,1086.69,933.79,86.15,146.21,0.5256,person
33,760,30.400,1025.18,673.12,82.36,234.98,0.6061,person
42,760,30.400,924.95,694.06,76.26,251.19,0.7275,person
48,760,30.400,1312.30,792.44,87.63,247.08,0.6139,person
37,760,30.400,238.42,713.32,74.23,228.89,0.6394,person
36,760,30.400,331.99,726.87,80.23,219.23,0.7235,person
49,760,30.400,758.04,658.10,79.18,228.86,0.5996,person
50,760,30.400,991.96,468.21,72.06,201.66,0.5989,person
46,760,30.400,1212.12,825.77,118.73,229.58,0.5258,person
33,761,30.440,1025.06,674.20,84.08,241.47,0.6219,person
42,761,30.440,923.00,695.21,75.97,251.57,0.6894,person
48,761,30.440,1310.55,790.72,88.45,248.83,0.6038,person
37,761,30.440,239.91,717.00,75.54,226.83,0.6740,person
36,761,30.440,331.32,727.91,81.15,220.47,0.7065,person
49,761,30.440,758.32,658.58,79.09,228.87,0.5895,person
50,761,30.440,991.26,469.49,72.45,203.49,0.5599,person
46,761,30.440,1213.07,824.21,114.71,232.45,0.5240,person
41,761,30.440,1102.64,698.48,93.43,263.40,0.5298,person
33,762,30.480,1025.36,674.98,85.32,246.64,0.5817,person
42,762,30.480,921.42,697.21,75.60,251.24,0.6435,person
48,762,30.480,1310.27,791.37,87.90,246.52,0.5809,person
37,762,30.480,237.42,719.91,75.71,224.40,0.6229,person
36,762,30.480,329.76,729.58,82.48,222.90,0.7282,person
49,762,30.480,758.24,657.45,79.71,231.30,0.5470,person
50,762,30.480,990.29,469.57,73.35,206.88,0.5753,person
46,762,30.480,1213.76,823.64,111.95,233.75,0.5144,person
41,762,30.480,1103.07,701.21,91.84,262.08,0.5339,person
33,763,30.520,1026.42,676.00,84.58,245.39,0.5679,person
42,763,30.520,919.29,698.90,75.13,250.62,0.6181,person
48,763,30.520,1308.04,786.91,90.42,253.86,0.5545,person
37,763,30.520,233.99,721.88,76.46,226.43,0.5991,person
36,763,30.520,327.49,731.46,84.89,228.40,0.7152,person
49,763,30.520,758.38,657.40,80.00,232.76,0.5708,person
50,763,30.520,987.82,468.35,75.14,212.61,0.5753,person
46,763,30.520,1214.46,822.71,109.66,234.02,0.5474,person
41,763,30.520,1104.69,706.94,90.59,261.86,0.5133,person
33,764,30.560,1027.34,676.40,83.96,244.89,0.5324,person
42,764,30.560,918.05,700.27,74.38,248.83,0.6411,person
48,764,30.560,1305.79,784.07,91.88,257.78,0.5819,person
37,764,30.560,233.11,726.31,74.47,219.96,0.5616,person
36,764,30.560,325.58,733.10,86.86,233.47,0.6817,person
49,764,30.560,758.66,657.41,79.95,233.26,0.5748,person
50,764,30.560,986.32,467.86,75.93,215.42,0.5535,person
46,764,30.560,1214.74,821.96,108.01,234.82,0.5425,person
41,764,30.560,1104.17,708.13,90.76,265.55,0.5417,person
33,765,30.600,1028.53,676.92,83.80,245.44,0.5455,person
42,765,30.600,917.34,701.86,73.62,246.97,0.6291,person
48,765,30.600,1304.43,782.67,92.30,258.74,0.6101,person
37,765,30.600,231.37,729.51,74.73,221.47,0.6095,person
36,765,30.600,325.81,735.92,87.05,234.11,0.6747,person
49,765,30.600,758.43,658.46,79.45,232.14,0.6014,person
46,765,30.600,1215.37,820.93,105.39,232.63,0.5552,person
41,765,30.600,1104.65,709.29,90.31,266.42,0.5341,person
51,765,30.600,984.58,139.48,61.46,170.13,0.6108,person
33,766,30.640,1029.81,677.64,83.71,245.59,0.5432,person
42,766,30.640,916.40,702.21,73.60,245.75,0.6504,person
48,766,30.640,1303.23,781.77,92.23,258.59,0.5959,person
37,766,30.640,230.45,730.79,76.17,228.58,0.5542,person
36,766,30.640,324.47,738.31,87.91,237.04,0.6708,person
49,766,30.640,758.81,659.16,78.80,230.56,0.6125,person
46,766,30.640,1215.61,819.11,103.74,232.28,0.5122,person
41,766,30.640,1105.02,710.08,89.73,265.89,0.5592,person
51,766,30.640,984.19,140.84,61.74,170.91,0.5852,person
47,766,30.640,604.26,783.44,72.07,177.47,0.5356,person
50,766,30.640,987.06,475.37,72.15,204.81,0.5491,person
33,767,30.680,1030.42,678.01,83.51,245.26,0.5407,person
42,767,30.680,914.42,703.94,73.14,242.72,0.6634,person
48,767,30.680,1301.68,779.72,92.31,259.69,0.6286,person
36,767,30.680,324.27,739.95,88.61,239.12,0.6911,person
49,767,30.680,758.94,659.23,78.32,229.31,0.6061,person
46,767,30.680,1215.75,816.66,102.47,232.30,0.5694,person
41,767,30.680,1105.65,711.06,89.52,265.73,0.5565,person
51,767,30.680,985.18,142.14,61.64,170.72,0.5491,person
47,767,30.680,604.19,783.37,72.34,177.85,0.5188,person
50,767,30.680,987.23,476.74,70.77,201.03,0.5227,person
45,767,30.680,1087.16,929.54,87.53,150.46,0.5382,person
33,768,30.720,1030.96,678.23,83.48,245.46,0.5493,person
42,768,30.720,912.41,705.10,73.17,240.89,0.6759,person
48,768,30.720,1299.80,777.21,92.52,261.16,0.6455,person
36,768,30.720,323.95,743.01,88.42,238.75,0.7099,person
49,768,30.720,759.36,659.39,77.60,227.38,0.5979,person
41,768,30.720,1107.07,710.93,87.90,260.85,0.5245,person
51,768,30.720,986.34,143.76,61.04,169.07,0.5316,person
50,768,30.720,987.45,481.54,68.31,192.85,0.5228,person
45,768,30.720,1088.34,928.05,86.73,151.95,0.6486,person
37,768,30.720,230.13,731.09,76.23,231.40,0.5274,person
33,769,30.760,1033.14,681.11,83.62,244.28,0.5856,person
42,769,30.760,910.66,707.18,73.19,238.93,0.6988,person
48,769,30.760,1298.65,774.78,91.08,258.27,0.6239,person
36,769,30.760,324.11,746.48,87.74,237.46,0.7331,person
49,769,30.760,759.36,659.36,77.59,227.50,0.6155,person
41,769,30.760,1108.81,710.97,84.03,247.17,0.5174,person
51,769,30.760,986.81,145.44,60.89,168.65,0.5336,person
50,769,30.760,986.74,479.41,70.05,198.27,0.5316,person
45,769,30.760,1089.53,927.79,85.50,152.21,0.5681,person
37,769,30.760,230.51,731.99,75.62,232.45,0.5646,person
33,770,30.800,1034.29,682.75,84.86,245.55,0.6538,person
42,770,30.800,908.72,709.84,74.39,241.31,0.7096,person
48,770,30.800,1297.32,772.35,89.96,255.32,0.6190,person
36,770,30.800,323.36,748.77,87.70,237.93,0.7343,person
49,770,30.800,759.35,659.36,77.75,228.34,0.6078,person
37,770,30.800,230.28,731.63,75.06,232.88,0.5587,person
33,771,30.840,1033.77,685.18,85.62,246.32,0.6272,person
42,771,30.840,906.57,712.62,75.73,244.24,0.7051,person
48,771,30.840,1296.86,771.64,88.41,251.07,0.6601,person
36,771,30.840,323.42,750.18,87.44,238.23,0.7237,person
49,771,30.840,759.64,659.64,77.29,227.35,0.6079,person
41,771,30.840,1108.05,709.86,86.09,252.17,0.5031,person
33,772,30.880,1033.04,687.71,86.49,248.05,0.6047,person
42,772,30.880,905.05,715.82,77.29,248.33,0.6946,person
48,772,30.880,1297.28,770.02,86.88,246.62,0.6741,person
36,772,30.880,322.40,751.66,87.34,239.07,0.7250,person
49,772,30.880,759.72,659.50,77.34,227.86,0.6035,person
41,772,30.880,1106.31,709.88,88.55,259.04,0.5024,person
46,772,30.880,1222.06,800.17,94.99,218.90,0.5418,person
50,772,30.880,984.98,478.73,71.94,204.24,0.5470,person
33,773,30.920,1029.44,690.43,87.48,253.05,0.6257,person
42,773,30.920,904.45,718.20,77.70,248.45,0.6957,person
48,773,30.920,1297.60,766.63,85.95,244.33,0.6844,person
36,773,30.920,322.07,752.62,87.03,239.27,0.7037,person
49,773,30.920,759.61,659.58,77.22,227.75,0.6338,person
41,773,30.920,1105.77,712.91,89.13,260.57,0.5580,person
46,773,30.920,1222.06,797.16,94.40,219.61,0.6407,person
50,773,30.920,984.25,479.23,72.40,205.88,0.5431,person
37,773,30.920,230.63,736.65,72.95,226.95,0.5029,person
33,774,30.960,1027.64,691.95,87.67,256.96,0.6395,person
42,774,30.960,903.60,720.22,78.20,248.97,0.7269,person
48,774,30.960,1297.55,763.73,85.94,244.75,0.7180,person
36,774,30.960,322.03,754.24,86.24,237.96,0.7004,person
49,774,30.960,759.43,659.43,77.45,228.53,0.6496,person
41,774,30.960,1106.55,718.11,87.73,254.70,0.5113,person
46,774,30.960,1221.83,794.52,94.13,221.20,0.6693,person
50,774,30.960,982.75,478.39,73.52,210.15,0.5200,person
33,775,31.000,1027.48,693.76,87.02,258.41,0.6669,person
42,775,31.000,903.46,723.45,78.21,248.02,0.7172,person
48,775,31.000,1296.90,761.44,86.23,246.30,0.7248,person
36,775,31.000,322.48,755.06,85.40,236.34,0.7236,person
49,775,31.000,759.20,659.21,77.31,228.19,0.6564,person
41,775,31.000,1107.05,721.22,86.12,247.65,0.5867,person
46,775,31.000,1221.29,791.82,93.43,220.83,0.6354,person
33,776,31.040,1027.43,696.86,85.61,257.83,0.6461,person
42,776,31.040,903.58,725.39,78.60,249.01,0.7045,person
48,776,31.040,1296.31,759.16,86.76,248.42,0.6966,person
36,776,31.040,322.22,756.26,85.02,235.95,0.6963,person
49,776,31.040,759.18,659.22,77.29,228.05,0.6149,person
41,776,31.040,1106.56,722.99,86.73,247.82,0.5823,person
46,776,31.040,1220.77,789.57,93.31,221.59,0.5739,person
37,776,31.040,232.07,738.44,72.18,226.59,0.5907,person
33,777,31.080,1028.79,700.30,83.80,254.96,0.6575,person
42,777,31.080,904.17,727.49,79.35,251.66,0.7179,person
48,777,31.080,1295.85,758.11,86.82,249.12,0.6974,person
36,777,31.080,322.42,757.03,84.22,234.23,0.6945,person
49,777,31.080,759.28,658.91,77.37,228.09,0.6378,person
46,777,31.080,1220.88,788.51,93.29,222.11,0.5422,person
37,777,31.080,232.22,741.89,70.92,223.93,0.5606,person
33,778,31.120,1029.70,703.64,83.75,256.54,0.6299,person
42,778,31.120,904.83,729.26,79.28,251.49,0.7281,person
48,778,31.120,1295.40,757.16,86.94,249.89,0.6489,person
36,778,31.120,322.33,757.21,83.75,233.55,0.7160,person
49,778,31.120,759.44,658.48,77.60,228.66,0.6326,person
37,778,31.120,232.36,748.40,70.02,222.73,0.5212,person
33,779,31.160,1030.81,706.93,84.65,259.74,0.6449,person
42,779,31.160,905.81,729.95,79.30,252.16,0.7139,person
48,779,31.160,1294.84,756.15,87.09,251.02,0.6292,person
36,779,31.160,322.55,757.55,83.30,232.91,0.7219,person
49,779,31.160,758.72,657.82,78.16,229.91,0.6408,person
37,779,31.160,231.83,750.22,70.91,227.99,0.5203,person
33,780,31.200,1029.24,712.00,83.95,258.60,0.6383,person
42,780,31.200,907.26,731.60,79.15,251.19,0.6705,person
48,780,31.200,1293.77,755.26,87.27,252.55,0.6609,person
36,780,31.200,322.41,758.11,82.93,232.97,0.6935,person
49,780,31.200,758.68,657.70,78.26,229.51,0.6461,person
37,780,31.200,231.72,750.19,71.47,231.86,0.5618,person
50,780,31.200,978.53,483.22,77.08,222.50,0.5345,person
41,780,31.200,1107.02,734.70,84.88,240.17,0.6097,person
33,781,31.240,1029.25,714.51,83.77,258.11,0.6342,person
42,781,31.240,909.20,732.74,78.64,248.96,0.6745,person
48,781,31.240,1292.65,753.07,87.57,254.48,0.6552,person
36,781,31.240,322.61,759.27,82.34,232.15,0.6978,person
49,781,31.240,758.69,657.89,78.47,229.76,0.6183,person
37,781,31.240,231.93,750.36,71.77,234.94,0.5744,person
50,781,31.240,977.93,484.26,77.24,224.50,0.5131,person
33,782,31.280,1028.16,715.23,83.15,257.42,0.6517,person
42,782,31.280,911.52,734.23,78.23,247.59,0.6412,person
48,782,31.280,1291.73,750.93,87.25,255.05,0.6578,person
36,782,31.280,322.92,760.25,81.94,231.62,0.7160,person
49,782,31.280,758.40,658.59,78.53,229.52,0.6535,person
37,782,31.280,231.23,748.96,72.53,239.19,0.5767,person
50,782,31.280,979.77,488.81,75.75,221.42,0.5557,person
33,783,31.320,1027.66,717.32,81.89,254.56,0.6487,person
42,783,31.320,913.64,735.72,77.85,245.34,0.6330,person
48,783,31.320,1290.80,748.80,86.42,254.39,0.6653,person
36,783,31.320,323.13,762.19,81.61,230.71,0.6985,person
49,783,31.320,757.86,658.80,78.71,229.23,0.6750,person
37,783,31.320,231.78,758.14,70.04,230.74,0.5756,person
50,783,31.320,980.95,491.53,74.90,220.17,0.5545,person
52,783,31.320,64.20,969.44,96.50,110.56,0.6104,person
41,783,31.320,1105.22,736.56,85.90,240.56,0.5111,person
33,784,31.360,1027.75,718.63,81.44,253.35,0.6449,person
42,784,31.360,914.14,736.99,78.11,245.13,0.6525,person
48,784,31.360,1290.05,746.12,85.63,253.64,0.6810,person
36,784,31.360,323.40,763.55,81.65,231.10,0.6791,person
49,784,31.360,757.53,658.52,78.79,228.66,0.6825,person
37,784,31.360,230.91,762.90,69.73,229.28,0.6192,person
50,784,31.360,981.52,494.96,74.08,218.85,0.5594,person
52,784,31.360,64.69,967.68,97.97,112.32,0.6113,person
41,784,31.360,1105.43,738.46,86.31,239.98,0.5214,person
33,785,31.400,1028.26,719.70,81.24,252.90,0.6756,person
42,785,31.400,914.79,737.97,78.76,244.80,0.6849,person
48,785,31.400,1288.75,743.02,85.82,255.55,0.7007,person
36,785,31.400,323.55,765.21,80.95,229.20,0.6626,person
49,785,31.400,756.70,658.34,79.39,229.62,0.6853,person
37,785,31.400,228.89,764.70,70.13,229.57,0.6169,person
50,785,31.400,981.64,497.69,73.64,218.79,0.5178,person
52,785,31.400,64.60,964.73,100.36,115.27,0.6444,person
41,785,31.400,1104.54,739.74,86.70,239.05,0.5660,person
33,786,31.440,1029.18,720.02,81.49,253.25,0.6695,person
42,786,31.440,915.95,739.60,79.60,244.49,0.6993,person
48,786,31.440,1288.23,739.39,85.66,256.29,0.7079,person
36,786,31.440,323.53,766.33,80.92,229.22,0.6840,person
49,786,31.440,756.17,658.20,79.83,229.76,0.6859,person
37,786,31.440,226.02,764.78,71.23,231.41,0.5969,person
50,786,31.440,982.42,502.23,72.38,215.66,0.5617,person
52,786,31.440,63.14,960.58,103.54,119.42,0.6638,person
41,786,31.440,1105.23,741.49,86.47,237.85,0.5735,person
33,787,31.480,1030.13,720.62,81.03,251.96,0.6552,person
42,787,31.480,915.00,741.58,80.75,245.70,0.6569,person
48,787,31.480,1287.79,736.66,85.52,256.05,0.6620,person
36,787,31.480,323.68,767.79,81.23,230.15,0.6312,person
49,787,31.480,755.47,658.33,80.20,229.58,0.6711,person
37,787,31.480,224.52,766.36,71.43,230.27,0.5820,person
50,787,31.480,983.44,506.47,71.24,212.08,0.5616,person
52,787,31.480,62.85,957.90,105.37,122.10,0.5927,person
41,787,31.480,1105.88,743.55,85.74,235.38,0.5442,person
33,788,31.520,1029.93,720.71,80.70,251.01,0.6582,person
42,788,31.520,913.07,743.84,83.17,251.50,0.6195,person
48,788,31.520,1288.07,734.33,83.80,250.40,0.6947,person
36,788,31.520,324.44,771.17,80.93,228.75,0.6369,person
49,788,31.520,754.55,658.52,80.86,230.34,0.6882,person
37,788,31.520,224.98,768.14,71.29,229.38,0.6177,person
50,788,31.520,983.91,507.77,71.11,210.87,0.5669,person
52,788,31.520,62.48,953.84,108.16,126.16,0.5793,person
41,788,31.520,1107.37,746.46,84.61,231.57,0.5258,person
51,788,31.520,998.52,161.15,61.93,170.02,0.5028,person
33,789,31.560,1030.22,721.49,80.52,251.11,0.6456,person
42,789,31.560,911.51,746.41,85.10,256.61,0.6028,person
48,789,31.560,1288.20,732.46,82.57,245.88,0.6814,person
36,789,31.560,325.41,773.48,80.22,225.79,0.6329,person
49,789,31.560,753.89,658.34,81.77,231.81,0.6759,person
37,789,31.560,225.13,767.59,71.99,232.18,0.5992,person
50,789,31.560,984.27,508.66,71.22,210.40,0.5495,person
52,789,31.560,63.97,950.53,110.24,129.47,0.5309,person
33,790,31.600,1030.42,722.48,79.98,249.99,0.6189,person
42,790,31.600,911.04,748.79,85.12,255.95,0.5747,person
48,790,31.600,1287.67,730.96,82.42,244.65,0.6727,person
36,790,31.600,325.16,775.79,81.32,228.90,0.6555,person
49,790,31.600,753.03,658.43,82.16,231.53,0.6704,person
37,790,31.600,224.62,766.37,72.30,233.56,0.5596,person
50,790,31.600,984.77,507.97,71.37,210.12,0.5298,person
33,791,31.640,1031.19,724.29,79.30,248.12,0.6004,person
42,791,31.640,910.91,751.60,84.99,254.29,0.6496,person
48,791,31.640,1287.20,729.33,82.79,244.90,0.6886,person
36,791,31.640,325.56,778.36,81.22,228.57,0.6373,person
49,791,31.640,752.45,658.46,82.71,231.93,0.6601,person
37,791,31.640,224.37,765.95,72.12,233.31,0.5699,person
50,791,31.640,983.91,507.83,72.22,211.96,0.5228,person
33,792,31.680,1033.90,728.39,79.69,245.56,0.6142,person
42,792,31.680,910.69,756.15,84.41,252.16,0.6161,person
48,792,31.680,1285.91,727.01,83.67,246.30,0.6902,person
36,792,31.680,325.22,782.08,82.52,232.43,0.6753,person
49,792,31.680,752.66,658.88,82.64,230.38,0.6441,person
37,792,31.680,224.40,768.54,71.20,230.02,0.5464,person
52,792,31.680,70.13,943.26,114.57,136.33,0.5090,person
33,793,31.720,1033.60,732.75,80.20,245.17,0.5980,person
42,793,31.720,910.49,759.09,85.27,254.49,0.6330,person
48,793,31.720,1285.21,725.79,83.78,246.04,0.6779,person
36,793,31.720,325.26,784.75,83.35,234.89,0.6888,person
49,793,31.720,752.14,658.72,83.25,230.79,0.6230,person
37,793,31.720,223.36,767.28,71.95,232.63,0.5429,person
52,793,31.720,72.48,941.63,113.65,137.17,0.5035,person
41,793,31.720,1112.82,758.56,81.94,219.14,0.5030,person
33,794,31.760,1034.82,736.40,80.67,244.04,0.5965,person
42,794,31.760,910.11,761.87,86.48,258.00,0.6574,person
48,794,31.760,1283.51,724.41,84.45,246.96,0.6492,person
36,794,31.760,325.66,786.51,83.49,235.18,0.7093,person
49,794,31.760,751.94,658.58,83.57,230.59,0.6223,person
37,794,31.760,222.43,765.61,73.14,236.97,0.5388,person
52,794,31.760,72.74,936.69,115.29,141.10,0.5663,person
51,794,31.760,999.19,163.40,62.06,169.99,0.5151,person
33,795,31.800,1036.25,739.92,81.66,243.51,0.5168,person
42,795,31.800,910.34,763.95,86.93,259.27,0.6655,person
48,795,31.800,1281.90,723.04,84.99,247.84,0.6452,person
36,795,31.800,326.80,787.42,82.05,229.87,0.6940,person
49,795,31.800,751.87,658.88,83.68,229.67,0.6483,person
37,795,31.800,222.53,769.12,72.68,235.92,0.5598,person
52,795,31.800,74.22,934.04,115.52,143.44,0.5442,person
51,795,31.800,999.79,163.66,61.96,169.30,0.5109,person
42,796,31.840,912.06,765.62,86.78,258.64,0.6362,person
48,796,31.840,1278.85,721.32,85.81,249.55,0.6360,person
36,796,31.840,327.02,788.14,82.84,230.85,0.6729,person
49,796,31.840,751.68,659.01,84.06,229.59,0.6502,person
37,796,31.840,221.09,764.33,75.27,245.28,0.5799,person
52,796,31.840,75.67,932.52,115.12,144.88,0.5437,person
51,796,31.840,1000.01,164.03,62.44,170.36,0.5154,person
42,797,31.880,912.90,766.69,86.36,258.09,0.6064,person
48,797,31.880,1276.58,720.04,86.02,249.64,0.6391,person
36,797,31.880,326.04,788.24,85.00,236.84,0.6949,person
49,797,31.880,751.58,659.00,84.38,229.48,0.6281,person
37,797,31.880,220.40,763.71,76.81,251.33,0.5886,person
52,797,31.880,77.17,931.02,115.15,146.72,0.5199,person
51,797,31.880,999.96,164.53,62.80,171.05,0.5210,person
33,797,31.880,1038.16,745.05,81.49,241.42,0.5236,person
42,798,31.920,914.53,767.96,85.97,256.79,0.6648,person
48,798,31.920,1274.57,719.69,86.20,249.67,0.6541,person
36,798,31.920,325.62,788.74,85.93,239.21,0.7178,person
49,798,31.920,751.64,658.64,84.92,230.24,0.6351,person
37,798,31.920,220.22,767.84,77.51,254.81,0.5836,person
52,798,31.920,78.55,929.81,115.04,148.21,0.5729,person
51,798,31.920,999.76,164.94,63.32,172.84,0.5077,person
33,798,31.920,1038.20,745.35,84.07,247.58,0.5116,person
42,799,31.960,915.07,768.92,85.68,255.71,0.6380,person
48,799,31.960,1273.15,719.85,85.70,248.53,0.6327,person
36,799,31.960,325.50,789.94,85.86,238.27,0.7286,person
49,799,31.960,751.76,658.41,85.61,231.97,0.6280,person
37,799,31.960,221.28,772.33,75.01,246.51,0.5171,person
52,799,31.960,79.65,929.00,114.50,149.19,0.5766,person
33,799,31.960,1040.52,747.72,83.66,245.63,0.5501,person
42,800,32.000,915.47,769.64,85.34,254.77,0.6550,person
48,800,32.000,1270.69,717.25,85.81,249.53,0.6173,person
36,800,32.000,325.95,791.96,85.50,235.62,0.7527,person
49,800,32.000,752.80,658.64,85.08,230.73,0.6280,person
37,800,32.000,221.84,775.13,74.42,244.77,0.5451,person
52,800,32.000,79.73,927.45,114.47,150.73,0.6112,person
33,800,32.000,1044.22,748.83,85.20,246.12,0.5374,person
51,800,32.000,1000.35,166.72,64.10,174.41,0.5072,person
42,801,32.040,915.67,770.50,84.93,253.41,0.6563,person
48,801,32.040,1269.15,713.46,85.69,250.29,0.5944,person
36,801,32.040,325.11,792.01,86.34,236.54,0.7660,person
49,801,32.040,753.27,658.58,84.77,229.80,0.6133,person
37,801,32.040,222.35,780.91,74.47,246.13,0.5466,person
33,801,32.040,1046.12,749.20,86.69,247.28,0.5483,person
42,802,32.080,916.37,772.01,84.84,251.23,0.6949,person
48,802,32.080,1268.19,709.74,84.80,248.93,0.5586,person
36,802,32.080,324.30,792.36,87.81,239.10,0.7402,person
49,802,32.080,753.78,658.66,84.48,229.22,0.6011,person
37,802,32.080,223.64,790.32,73.00,241.70,0.5193,person
33,802,32.080,1046.84,750.19,87.60,246.70,0.5304,person
42,803,32.120,916.78,773.33,85.17,249.65,0.7519,person
48,803,32.120,1267.53,707.20,83.18,244.87,0.5575,person
36,803,32.120,323.66,793.35,89.43,242.87,0.7444,person
49,803,32.120,754.28,658.94,84.63,230.24,0.6339,person
37,803,32.120,223.94,796.73,72.35,239.89,0.5566,person
33,803,32.120,1046.83,751.76,88.00,246.42,0.5103,person
42,804,32.160,916.05,775.24,86.70,252.25,0.7439,person
48,804,32.160,1268.53,706.10,81.17,240.11,0.5594,person
36,804,32.160,324.15,795.83,90.32,244.94,0.7212,person
49,804,32.160,754.84,659.09,83.66,227.99,0.6126,person
37,804,32.160,224.79,801.09,71.76,237.94,0.5884,person
33,804,32.160,1044.82,751.90,88.34,247.44,0.5396,person
52,804,32.160,79.43,915.03,121.12,163.14,0.5160,person
42,805,32.200,915.27,779.53,86.88,251.59,0.7234,person
48,805,32.200,1268.18,702.60,80.02,238.20,0.5434,person
36,805,32.200,324.17,797.66,90.82,246.28,0.7266,person
49,805,32.200,754.86,658.94,83.08,226.58,0.5990,person
37,805,32.200,225.73,802.10,71.86,237.72,0.5879,person
33,805,32.200,1041.30,752.86,87.56,248.52,0.5538,person
52,805,32.200,80.71,911.21,121.14,166.80,0.5432,person
41,805,32.200,1127.66,779.72,88.93,237.01,0.5465,person
42,806,32.240,914.60,783.78,87.78,253.08,0.7216,person
48,806,32.240,1267.72,698.76,79.15,237.09,0.5554,person
36,806,32.240,323.95,800.14,90.85,245.99,0.7371,person
49,806,32.240,755.00,658.99,82.95,226.61,0.6326,person
37,806,32.240,227.06,803.07,71.86,236.87,0.6228,person
33,806,32.240,1041.03,754.04,87.10,249.25,0.5757,person
52,806,32.240,80.95,907.02,121.91,171.30,0.5126,person
41,806,32.240,1129.29,782.14,90.52,241.76,0.5568,person
42,807,32.280,914.37,786.51,88.95,254.60,0.7339,person
48,807,32.280,1266.43,696.35,78.88,237.74,0.5297,person
36,807,32.280,323.39,802.44,91.48,247.69,0.7181,person
49,807,32.280,755.24,658.79,83.17,227.88,0.6281,person
37,807,32.280,227.51,804.05,71.83,235.91,0.6084,person
33,807,32.280,1041.19,757.07,86.17,248.65,0.5895,person
52,807,32.280,80.85,904.17,122.42,174.72,0.5123,person
41,807,32.280,1129.83,785.47,92.16,247.18,0.5387,person
51,807,32.280,1005.86,173.94,63.84,174.12,0.5036,person
42,808,32.320,914.72,788.24,89.57,255.09,0.7340,person
48,808,32.320,1265.13,697.42,78.76,238.17,0.5279,person
36,808,32.320,322.96,805.28,91.67,247.87,0.7167,person
49,808,32.320,755.35,658.62,83.46,229.03,0.6083,person
37,808,32.320,228.10,804.69,71.88,235.28,0.6319,person
33,808,32.320,1039.94,759.07,87.30,255.32,0.5895,person
52,808,32.320,80.71,901.88,122.89,177.54,0.5026,person
41,808,32.320,1130.59,787.16,93.89,252.55,0.5139,person
51,808,32.320,1006.94,174.83,63.51,174.31,0.5208,person
42,809,32.360,915.34,791.46,89.96,254.96,0.6999,person
36,809,32.360,322.69,808.18,91.27,246.38,0.7126,person
49,809,32.360,755.44,658.54,83.29,229.14,0.5881,person
37,809,32.360,228.51,804.51,72.15,235.31,0.6080,person
33,809,32.360,1041.42,761.44,89.21,262.35,0.5926,person
52,809,32.360,80.04,899.65,123.07,179.78,0.5146,person
51,809,32.360,1008.29,175.17,62.96,174.10,0.5002,person
42,810,32.400,916.38,795.26,90.13,255.92,0.6820,person
36,810,32.400,322.45,810.17,91.50,246.52,0.7022,person
49,810,32.400,755.27,658.72,83.17,229.53,0.5560,person
37,810,32.400,229.58,805.45,72.29,234.19,0.5988,person
33,810,32.400,1041.66,764.39,88.71,263.67,0.5750,person
52,810,32.400,79.83,898.46,122.74,181.05,0.5381,person
51,810,32.400,1008.66,175.17,62.68,175.00,0.5058,person
41,810,32.400,1134.26,792.07,92.99,250.60,0.5859,person
42,811,32.440,918.19,798.44,90.61,257.93,0.6708,person
36,811,32.440,323.08,813.17,91.17,245.23,0.7082,person
49,811,32.440,756.07,659.04,82.77,228.77,0.5312,person
37,811,32.440,229.74,806.41,72.13,233.17,0.6188,person
33,811,32.440,1042.50,767.69,87.38,262.89,0.6014,person
52,811,32.440,80.23,897.46,122.23,182.25,0.5645,person
41,811,32.440,1137.05,797.93,92.35,248.30,0.5654,person
42,812,32.480,921.05,801.50,90.25,258.10,0.7019,person
36,812,32.480,323.33,814.65,91.30,244.83,0.7000,person
49,812,32.480,756.40,659.29,82.43,228.06,0.5425,person
37,812,32.480,229.96,807.59,71.74,231.62,0.6329,person
33,812,32.480,1046.19,770.98,85.03,256.18,0.6021,person
52,812,32.480,80.14,895.80,122.38,184.00,0.6337,person
42,813,32.520,923.59,803.31,89.32,256.92,0.6883,person
36,813,32.520,323.65,814.74,91.97,246.03,0.6775,person
49,813,32.520,755.90,658.96,82.97,229.60,0.5415,person
37,813,32.520,230.13,808.33,71.72,231.45,0.6520,person
33,813,32.520,1046.97,774.74,83.14,249.22,0.5212,person
52,813,32.520,79.87,894.51,122.46,185.34,0.6367,person
51,813,32.520,1010.06,172.65,62.79,175.90,0.5285,person
42,814,32.560,927.64,804.54,88.25,255.76,0.6949,person
36,814,32.560,324.46,815.55,92.08,245.87,0.6610,person
49,814,32.560,755.98,658.97,83.03,229.65,0.5367,person
37,814,32.560,230.56,810.60,71.57,230.65,0.6620,person
52,814,32.560,79.31,893.17,122.69,186.70,0.6631,person
51,814,32.560,1009.81,172.88,63.48,177.36,0.5784,person
42,815,32.600,931.15,805.28,87.09,254.48,0.7260,person
36,815,32.600,325.63,816.06,92.01,245.32,0.6924,person
49,815,32.600,755.60,658.49,83.07,229.95,0.5525,person
37,815,32.600,230.36,812.64,72.62,233.89,0.6510,person
52,815,32.600,79.38,890.74,123.51,189.15,0.6713,person
51,815,32.600,1009.78,173.73,63.59,177.05,0.5748,person
41,815,32.600,1143.35,801.19,93.83,253.50,0.5441,person
42,816,32.640,934.62,807.16,86.07,254.21,0.6899,person
36,816,32.640,327.45,817.54,91.56,244.13,0.6757,person
49,816,32.640,755.41,658.59,82.83,229.25,0.5914,person
37,816,32.640,230.02,813.96,73.60,237.92,0.6292,person
52,816,32.640,79.20,887.53,124.47,192.37,0.6358,person
51,816,32.640,1010.24,174.48,64.20,178.56,0.6060,person
53,816,32.640,0.15,851.85,84.40,228.15,0.6126,person
42,817,32.680,938.06,807.11,85.57,254.95,0.6519,person
36,817,32.680,329.35,818.74,91.21,243.28,0.6929,person
49,817,32.680,755.42,658.27,82.78,229.22,0.6194,person
37,817,32.680,230.03,816.78,73.68,238.10,0.6488,person
52,817,32.680,78.64,883.55,125.53,196.36,0.6230,person
51,817,32.680,1010.64,175.67,64.47,179.36,0.6084,person
53,817,32.680,0.91,848.95,85.50,231.05,0.6420,person
54,817,32.680,1086.55,224.18,71.03,174.71,0.6317,person
41,817,32.680,1146.22,803.43,93.26,250.44,0.6020,person
42,818,32.720,940.48,807.80,84.71,253.78,0.6665,person
36,818,32.720,331.36,819.01,90.91,242.08,0.7067,person
49,818,32.720,755.60,657.35,82.74,229.35,0.5981,person
37,818,32.720,229.94,820.27,73.27,237.23,0.6738,person
52,818,32.720,78.93,879.43,126.08,200.49,0.5628,person
51,818,32.720,1010.65,176.92,64.48,179.74,0.6172,person
53,818,32.720,1.66,845.31,86.95,234.69,0.6535,person
54,818,32.720,1085.71,224.66,71.22,175.09,0.6249,person
55,818,32.720,517.54,632.92,100.33,248.07,0.5494,person
41,818,32.720,1147.87,805.29,92.75,248.63,0.6705,person
42,819,32.760,942.53,809.63,83.72,251.72,0.6687,person
36,819,32.760,333.12,820.09,90.76,241.73,0.7251,person
49,819,32.760,755.59,657.22,82.56,228.99,0.5878,person
37,819,32.760,228.98,823.04,74.37,242.06,0.6713,person
52,819,32.760,79.20,877.76,125.32,202.17,0.5362,person
51,819,32.760,1011.54,177.92,64.19,180.11,0.6081,person
53,819,32.760,2.45,841.88,88.42,238.12,0.6405,person
54,819,32.760,1085.13,225.65,71.41,175.47,0.6003,person
55,819,32.760,513.78,634.00,100.35,247.69,0.5472,person
41,819,32.760,1150.81,805.21,91.94,248.94,0.6373,person
48,819,32.760,1247.77,677.76,81.41,248.82,0.5788,person
33,819,32.760,1052.30,789.73,97.25,287.36,0.5684,person
42,820,32.800,943.62,812.47,83.36,251.21,0.6446,person
36,820,32.800,333.28,821.78,91.06,243.06,0.6892,person
49,820,32.800,755.76,657.22,82.38,228.71,0.6014,person
37,820,32.800,228.88,825.33,74.62,244.25,0.6809,person
52,820,32.800,80.85,875.48,124.74,204.46,0.5715,person
51,820,32.800,1012.12,179.08,63.95,180.47,0.5463,person
53,820,32.800,2.32,839.87,89.36,240.13,0.6440,person
54,820,32.800,1084.69,227.28,71.05,174.28,0.5989,person
55,820,32.800,509.76,634.71,100.83,248.19,0.5879,person
41,820,32.800,1153.01,805.60,91.14,248.99,0.6440,person
48,820,32.800,1245.95,675.20,79.66,242.55,0.6119,person
33,820,32.800,1051.33,791.12,98.94,288.88,0.6647,person
42,821,32.840,944.23,814.95,84.15,255.04,0.6866,person
36,821,32.840,334.30,823.71,91.35,245.20,0.7180,person
49,821,32.840,755.72,657.12,82.60,229.29,0.6049,person
37,821,32.840,228.63,829.43,74.29,243.74,0.6870,person
52,821,32.840,84.82,871.95,124.16,207.99,0.5731,person
51,821,32.840,1012.10,180.04,63.51,180.37,0.5686,person
53,821,32.840,2.87,837.84,90.30,242.16,0.6666,person
54,821,32.840,1084.52,228.31,71.15,174.25,0.5716,person
55,821,32.840,507.37,635.92,101.62,249.35,0.5468,person
41,821,32.840,1153.58,806.75,91.72,252.34,0.5985,person
48,821,32.840,1243.65,667.33,79.72,242.72,0.5317,person
33,821,32.840,1050.63,792.12,99.45,287.88,0.6729,person
42,822,32.880,945.61,816.59,84.53,258.44,0.6744,person
36,822,32.880,335.41,825.77,91.54,247.42,0.7127,person
49,822,32.880,755.91,657.19,82.29,228.52,0.6117,person
37,822,32.880,228.15,832.22,73.91,242.87,0.6410,person
52,822,32.880,86.22,868.78,123.74,211.17,0.6497,person
51,822,32.880,1012.06,180.38,63.35,180.75,0.5617,person
53,822,32.880,3.11,835.73,91.13,244.27,0.7096,person
54,822,32.880,1084.56,228.40,71.16,173.96,0.6081,person
55,822,32.880,505.50,637.42,102.64,250.95,0.5807,person
41,822,32.880,1154.51,806.79,90.64,250.49,0.5822,person
33,822,32.880,1051.76,792.69,100.03,287.31,0.6874,person
42,823,32.920,946.88,819.22,84.20,258.97,0.6336,person
36,823,32.920,337.08,828.36,90.81,247.53,0.6862,person
49,823,32.920,755.66,657.11,82.27,228.73,0.5945,person
37,823,32.920,227.71,834.97,73.52,241.27,0.6148,person
52,823,32.920,87.63,865.97,123.27,213.99,0.6148,person
51,823,32.920,1012.36,180.59,63.05,180.45,0.5599,person
53,823,32.920,4.13,834.91,91.43,244.89,0.6708,person
54,823,32.920,1084.72,229.02,70.74,172.59,0.5686,person
55,823,32.920,503.36,638.31,103.78,252.78,0.5648,person
41,823,32.920,1156.51,808.23,89.36,247.61,0.5604,person
33,823,32.920,1051.45,793.57,99.78,286.43,0.5912,person
42,824,32.960,948.34,821.83,83.32,257.18,0.6087,person
36,824,32.960,340.39,831.84,88.14,240.74,0.6737,person
49,824,32.960,755.52,656.98,82.53,229.73,0.5973,person
37,824,32.960,227.61,836.43,73.31,239.78,0.5986,person
52,824,32.960,89.22,862.86,122.82,217.10,0.6157,person
51,824,32.960,1012.76,181.29,62.59,179.32,0.5563,person
53,824,32.960,4.77,834.68,91.52,245.24,0.6813,person
55,824,32.960,501.56,641.09,104.37,253.40,0.5556,person
41,824,32.960,1158.60,811.54,89.46,248.08,0.5594,person
33,824,32.960,1050.73,796.60,95.97,278.63,0.5832,person
42,825,33.000,949.65,825.29,82.64,254.71,0.5962,person
36,825,33.000,342.21,835.25,87.02,238.22,0.6904,person
49,825,33.000,755.70,657.74,82.31,229.09,0.5917,person
37,825,33.000,227.27,837.54,73.27,238.56,0.5828,person
52,825,33.000,89.83,860.78,122.24,219.19,0.6000,person
51,825,33.000,1013.29,182.13,62.11,178.11,0.5356,person
53,825,33.000,5.50,833.27,91.87,245.91,0.6736,person
55,825,33.000,499.11,643.53,106.08,256.89,0.5638,person
41,825,33.000,1159.14,814.74,91.48,254.55,0.5637,person
33,825,33.000,1052.08,797.95,95.07,276.94,0.5616,person
54,825,33.000,1085.81,229.84,70.78,173.19,0.5779,person
42,826,33.040,951.42,830.48,81.22,249.52,0.6069,person
36,826,33.040,344.00,838.46,85.74,235.36,0.7110,person
49,826,33.040,755.80,657.89,82.19,228.86,0.6207,person
37,826,33.040,227.07,838.71,73.35,237.62,0.6108,person
52,826,33.040,91.63,858.79,121.22,220.46,0.5699,person
51,826,33.040,1013.96,183.86,61.34,176.24,0.5315,person
53,826,33.040,6.75,832.36,92.49,247.33,0.6619,person
55,826,33.040,498.06,646.49,106.47,257.29,0.5797,person
41,826,33.040,1160.30,818.33,91.37,253.95,0.5043,person
33,826,33.040,1052.73,798.80,93.41,274.31,0.5875,person
54,826,33.040,1086.66,230.69,70.26,172.95,0.5558,person
42,827,33.080,952.56,833.49,80.36,246.51,0.6052,person
36,827,33.080,345.30,840.76,85.35,234.80,0.7167,person
49,827,33.080,755.98,658.16,81.67,227.27,0.5888,person
37,827,33.080,227.18,839.62,73.51,236.78,0.5852,person
52,827,33.080,93.94,858.26,119.36,220.03,0.5314,person
51,827,33.080,1014.18,183.98,61.16,176.18,0.5425,person
53,827,33.080,6.83,830.77,92.88,248.18,0.6551,person
55,827,33.080,496.91,649.54,107.26,259.07,0.5993,person
33,827,33.080,1052.79,801.54,91.45,270.37,0.6060,person
54,827,33.080,1086.41,232.10,70.16,173.49,0.5111,person
42,828,33.120,952.96,835.53,79.66,244.47,0.5737,person
36,828,33.120,346.70,843.05,84.28,231.86,0.6888,person
49,828,33.120,756.48,658.35,81.52,226.93,0.5803,person
37,828,33.120,227.05,839.68,73.81,236.51,0.6082,person
52,828,33.120,96.54,856.69,118.57,222.65,0.5805,person
51,828,33.120,1014.56,185.62,60.79,176.34,0.5141,person
53,828,33.120,6.85,827.90,93.86,250.70,0.6347,person
55,828,33.120,495.64,652.06,109.07,263.90,0.5922,person
33,828,33.120,1054.97,805.97,89.63,266.06,0.5518,person
42,829,33.160,953.49,837.92,79.35,242.08,0.5287,person
36,829,33.160,347.86,845.46,83.66,229.44,0.6257,person
49,829,33.160,756.64,658.48,81.12,225.77,0.5797,person
37,829,33.160,227.39,840.20,73.79,235.28,0.6137,person
52,829,33.160,98.11,856.01,117.01,223.74,0.6214,person
51,829,33.160,1015.17,186.10,60.50,176.31,0.5272,person
53,829,33.160,7.11,824.77,95.08,254.35,0.6654,person
55,829,33.160,495.14,654.90,108.98,263.95,0.5722,person
33,829,33.160,1057.45,809.88,89.64,267.18,0.5451,person
41,829,33.160,1168.62,828.71,88.16,245.63,0.5357,person
42,830,33.200,954.02,839.87,79.15,240.13,0.5342,person
36,830,33.200,348.71,847.24,84.10,229.72,0.7153,person
49,830,33.200,756.86,658.74,80.98,225.26,0.5891,person
37,830,33.200,227.77,841.35,73.91,234.03,0.6487,person
52,830,33.200,99.56,854.95,115.56,224.95,0.6193,person
51,830,33.200,1015.55,187.40,59.88,174.99,0.5255,person
53,830,33.200,8.25,822.66,95.94,257.02,0.6725,person
55,830,33.200,494.72,656.29,108.91,264.28,0.5862,person
33,830,33.200,1060.85,812.23,89.17,266.29,0.5068,person
41,830,33.200,1172.11,831.44,87.69,245.02,0.5981,person
42,831,33.240,954.42,841.70,78.85,238.30,0.5725,person
36,831,33.240,350.01,848.65,84.18,228.56,0.6788,person
49,831,33.240,756.55,658.75,81.06,225.48,0.5664,person
37,831,33.240,228.22,843.94,73.49,231.32,0.6646,person
52,831,33.240,102.31,854.04,113.77,225.92,0.6153,person
51,831,33.240,1015.56,187.40,61.07,178.30,0.5286,person
53,831,33.240,9.36,820.25,96.69,259.64,0.6480,person
55,831,33.240,495.12,658.35,108.33,263.25,0.5599,person
41,831,33.240,1175.37,834.57,86.77,241.43,0.5695,person
54,831,33.240,1080.97,239.56,71.15,176.44,0.5383,person
42,832,33.280,955.49,843.84,78.34,236.16,0.5853,person
36,832,33.280,351.12,849.73,84.79,228.79,0.6827,person
49,832,33.280,756.50,658.67,80.98,225.24,0.5666,person
37,832,33.280,228.19,846.17,73.80,231.03,0.6215,person
52,832,33.280,103.98,851.68,112.82,228.14,0.6297,person
51,832,33.280,1016.76,188.29,60.59,176.71,0.5127,person
53,832,33.280,10.49,818.03,97.30,261.63,0.6193,person
55,832,33.280,495.08,659.42,107.86,263.07,0.5651,person
41,832,33.280,1178.93,836.11,86.40,240.03,0.5723,person
42,833,33.320,956.21,845.59,78.21,234.41,0.5932,person
36,833,33.320,351.64,850.76,85.20,228.60,0.7123,person
49,833,33.320,756.55,658.88,80.95,224.91,0.5684,person
37,833,33.320,228.51,848.36,73.67,229.40,0.6153,person
52,833,33.320,106.58,848.91,112.55,230.96,0.5915,person
53,833,33.320,11.91,814.52,98.28,265.12,0.5486,person
55,833,33.320,494.92,660.39,106.98,261.91,0.5443,person
41,833,33.320,1181.45,838.21,85.76,237.36,0.5323,person
33,833,33.320,1069.66,821.49,87.14,258.51,0.5730,person
42,834,33.360,956.34,846.40,78.74,233.60,0.6009,person
36,834,33.360,352.36,851.80,85.80,228.20,0.7192,person
49,834,33.360,756.60,659.02,80.82,224.44,0.5838,person
37,834,33.360,228.28,850.91,73.35,227.19,0.6271,person
52,834,33.360,108.21,844.74,112.71,234.34,0.5758,person
53,834,33.360,12.61,809.61,99.30,269.80,0.5616,person
55,834,33.360,494.35,661.87,106.28,261.31,0.5568,person
42,835,33.400,956.62,847.75,79.17,232.25,0.5403,person
36,835,33.400,352.54,852.27,86.44,227.73,0.7004,person
49,835,33.400,756.67,659.14,81.09,225.03,0.5797,person
37,835,33.400,228.74,853.08,73.25,225.33,0.6443,person
52,835,33.400,110.56,841.12,111.79,236.04,0.5504,person
53,835,33.400,12.67,805.19,99.12,270.95,0.6213,person
55,835,33.400,493.94,662.14,105.61,261.25,0.5189,person
42,836,33.440,956.18,848.88,79.50,231.12,0.5912,person
36,836,33.440,352.50,852.96,86.87,227.04,0.6853,person
49,836,33.440,756.49,658.94,81.23,225.15,0.5672,person
37,836,33.440,229.28,855.50,73.14,223.31,0.6136,person
52,836,33.440,111.01,836.70,112.84,242.05,0.5763,person
53,836,33.440,13.74,802.09,99.53,273.66,0.6766,person
42,837,33.480,954.69,851.12,79.53,228.88,0.6425,person
36,837,33.480,352.63,854.68,86.83,225.32,0.6770,person
49,837,33.480,755.94,658.54,82.13,227.88,0.5993,person
37,837,33.480,228.77,859.03,72.64,220.84,0.6272,person
52,837,33.480,113.62,833.17,112.31,244.52,0.5787,person
53,837,33.480,15.02,800.37,99.54,275.15,0.7172,person
42,838,33.520,954.35,853.16,79.59,226.84,0.6470,person
36,838,33.520,352.77,857.49,86.31,222.51,0.6737,person
49,838,33.520,755.95,658.41,82.19,228.20,0.5997,person
37,838,33.520,229.58,861.49,72.29,218.51,0.6653,person
52,838,33.520,116.03,830.32,112.84,248.14,0.6133,person
53,838,33.520,15.87,798.39,99.53,276.93,0.7158,person
56,838,33.520,290.39,638.22,91.50,262.70,0.5834,person
33,838,33.520,1078.44,824.85,85.86,253.94,0.5236,person
42,839,33.560,954.55,856.61,79.19,223.39,0.6413,person
36,839,33.560,352.30,860.20,85.93,219.80,0.6932,person
49,839,33.560,755.90,658.40,82.23,228.39,0.6127,person
37,839,33.560,230.68,864.39,71.77,215.61,0.6842,person
52,839,33.560,116.32,827.91,112.77,250.29,0.6307,person
53,839,33.560,17.50,796.18,99.37,278.98,0.7026,person
56,839,33.560,289.23,638.39,91.23,262.27,0.5748,person
33,839,33.560,1080.11,824.84,86.20,253.18,0.5827,person
42,840,33.600,954.25,858.92,79.40,221.08,0.6075,person
36,840,33.600,351.32,863.81,85.48,216.19,0.6704,person
49,840,33.600,756.36,658.10,81.99,227.87,0.5839,person
37,840,33.600,231.90,866.80,71.20,213.20,0.6571,person
52,840,33.600,117.07,825.68,112.45,251.27,0.5692,person
53,840,33.600,18.92,795.75,98.52,279.06,0.6986,person
56,840,33.600,289.91,638.71,90.37,260.68,0.5672,person
33,840,33.600,1081.43,825.86,86.58,251.98,0.5709,person
55,840,33.600,491.19,674.74,101.53,253.80,0.5031,person
42,841,33.640,955.60,863.34,79.49,216.66,0.5765,person
36,841,33.640,350.60,865.75,85.83,214.25,0.6739,person
49,841,33.640,756.47,657.75,81.67,227.13,0.5851,person
37,841,33.640,233.17,868.06,71.04,211.94,0.6599,person
52,841,33.640,117.57,824.43,112.03,251.90,0.5519,person
53,841,33.640,20.51,794.77,97.75,279.44,0.6786,person
56,841,33.640,289.47,638.76,89.56,259.73,0.5626,person
33,841,33.640,1081.43,827.44,86.78,250.54,0.5765,person
55,841,33.640,491.17,677.35,100.02,251.83,0.5225,person
42,842,33.680,957.27,866.19,80.20,213.81,0.5822,person
36,842,33.680,350.08,868.37,85.92,211.63,0.6652,person
49,842,33.680,756.70,657.49,81.57,227.02,0.5831,person
37,842,33.680,234.11,868.60,71.17,211.40,0.6680,person
52,842,33.680,118.40,824.32,111.50,252.14,0.5477,person
53,842,33.680,22.27,794.15,96.72,278.81,0.6460,person
56,842,33.680,289.78,638.76,88.73,259.62,0.5572,person
33,842,33.680,1083.53,827.37,87.19,250.01,0.5078,person
55,842,33.680,490.13,679.19,99.21,251.69,0.5418,person
41,842,33.680,1197.15,846.05,87.42,233.57,0.5458,person
42,843,33.720,958.16,868.30,81.26,211.70,0.6204,person
36,843,33.720,348.87,871.62,86.09,208.38,0.7006,person
49,843,33.720,756.61,657.36,81.79,227.86,0.5931,person
37,843,33.720,234.73,869.10,71.49,210.90,0.6995,person
52,843,33.720,119.57,823.48,111.70,253.78,0.5545,person
53,843,33.720,23.70,793.49,95.88,278.57,0.6087,person
56,843,33.720,291.22,639.59,87.10,257.88,0.5478,person
33,843,33.720,1084.51,828.91,86.57,247.11,0.5142,person
55,843,33.720,487.77,682.51,99.62,254.67,0.5506,person
41,843,33.720,1198.07,847.69,89.00,232.00,0.6089,person
42,844,33.760,959.11,871.34,82.17,208.66,0.6491,person
36,844,33.760,347.74,875.78,86.25,204.22,0.7270,person
49,844,33.760,756.85,657.33,81.43,227.05,0.5964,person
37,844,33.760,234.94,869.65,71.88,210.35,0.7061,person
52,844,33.760,120.00,822.58,111.53,255.10,0.5835,person
53,844,33.760,25.88,792.47,95.05,278.76,0.6439,person
56,844,33.760,293.23,639.88,85.21,255.91,0.5290,person
55,844,33.760,484.71,686.93,100.41,258.34,0.6551,person
41,844,33.760,1197.76,847.02,90.80,232.61,0.5643,person
42,845,33.800,959.98,875.47,82.42,204.53,0.6750,person
36,845,33.800,347.52,879.14,86.43,200.86,0.7361,person
49,845,33.800,756.85,657.59,81.43,227.30,0.6118,person
37,845,33.800,235.52,870.60,72.15,209.40,0.7122,person
52,845,33.800,122.82,821.00,110.08,253.11,0.6569,person
53,845,33.800,28.41,791.13,93.89,278.68,0.6503,person
56,845,33.800,295.03,640.73,83.42,254.21,0.5121,person
55,845,33.800,481.89,690.62,100.35,259.17,0.6737,person
42,846,33.840,961.65,878.68,82.89,201.32,0.6776,person
36,846,33.840,347.60,882.53,86.59,197.47,0.7023,person
49,846,33.840,756.82,657.49,81.87,228.86,0.6025,person
37,846,33.840,235.97,871.39,72.52,208.61,0.6852,person
52,846,33.840,124.60,817.89,109.05,251.82,0.6587,person
53,846,33.840,30.25,787.80,93.87,282.60,0.6525,person
55,846,33.840,478.71,691.50,100.45,260.17,0.6434,person
42,847,33.880,962.23,881.46,83.41,198.54,0.6940,person
36,847,33.880,347.19,884.58,87.02,195.42,0.6917,person
49,847,33.880,756.86,657.53,81.90,229.22,0.6105,person
37,847,33.880,236.25,872.96,72.74,207.04,0.6672,person
52,847,33.880,127.15,815.13,106.75,247.39,0.6587,person
53,847,33.880,31.96,785.11,93.52,285.52,0.6675,person
55,847,33.880,475.72,692.18,100.63,260.08,0.6901,person
33,847,33.880,1089.53,840.07,84.56,235.56,0.5047,person
42,848,33.920,964.08,883.33,83.75,196.67,0.6836,person
36,848,33.920,346.15,885.47,88.01,194.53,0.7196,person
49,848,33.920,756.78,657.93,82.00,229.93,0.6188,person
37,848,33.920,236.52,873.86,73.17,206.14,0.6469,person
52,848,33.920,129.81,812.32,104.33,242.75,0.6350,person
53,848,33.920,33.62,781.34,92.91,286.89,0.6765,person
55,848,33.920,473.49,693.48,100.69,259.38,0.6808,person
56,848,33.920,298.68,640.84,81.70,253.10,0.5126,person
42,849,33.960,966.19,884.30,84.19,195.70,0.6869,person
36,849,33.960,346.00,885.95,89.02,194.05,0.7250,person
49,849,33.960,756.48,657.63,82.52,231.96,0.6282,person
37,849,33.960,236.90,875.14,73.34,204.86,0.6389,person
52,849,33.960,131.29,809.62,102.90,239.83,0.6431,person
53,849,33.960,35.84,778.46,91.60,285.18,0.6803,person
55,849,33.960,470.59,694.03,100.80,258.40,0.6643,person
57,849,33.960,1283.04,619.69,84.01,243.12,0.5244,person
56,849,33.960,300.16,640.62,80.97,254.80,0.5312,person
42,850,34.000,968.31,884.84,84.64,195.16,0.6430,person
36,850,34.000,347.88,886.56,89.45,193.44,0.7184,person
49,850,34.000,756.48,657.82,82.35,231.93,0.6114,person
37,850,34.000,238.13,878.46,72.88,201.54,0.6043,person
52,850,34.000,133.62,806.61,101.41,237.41,0.6831,person
53,850,34.000,38.92,776.12,88.33,275.48,0.6957,person
55,850,34.000,466.99,693.89,100.91,257.57,0.6380,person
57,850,34.000,1284.84,619.01,84.72,245.11,0.5097,person
33,850,34.000,1091.07,851.26,84.07,225.15,0.5292,person
42,851,34.040,969.48,885.41,85.23,194.59,0.6370,person
36,851,34.040,348.20,887.50,89.80,192.50,0.6923,person
49,851,34.040,756.26,657.72,82.54,233.09,0.5927,person
37,851,34.040,239.21,883.18,71.94,196.82,0.5690,person
52,851,34.040,136.51,803.26,101.34,238.78,0.7000,person
53,851,34.040,41.09,773.30,85.99,268.50,0.6664,person
55,851,34.040,463.96,694.32,102.08,258.68,0.6585,person
57,851,34.040,1287.07,619.97,84.50,244.55,0.5266,person
56,851,34.040,301.97,644.90,79.83,254.61,0.5263,person
42,852,34.080,969.55,886.01,85.65,193.99,0.6030,person
36,852,34.080,349.19,887.78,90.18,192.22,0.6963,person
49,852,34.080,757.18,657.80,81.42,230.22,0.5617,person
37,852,34.080,239.65,886.76,71.47,193.24,0.6025,person
52,852,34.080,139.09,800.68,101.01,239.48,0.7575,person
53,852,34.080,42.66,770.40,85.13,265.84,0.6677,person
55,852,34.080,460.50,694.99,103.05,259.14,0.6614,person
57,852,34.080,1287.68,621.89,85.50,247.84,0.5252,person
56,852,34.080,303.21,645.72,79.13,255.47,0.5473,person
42,853,34.120,970.00,886.90,85.97,193.10,0.6095,person
36,853,34.120,349.58,887.78,90.57,192.19,0.6950,person
49,853,34.120,757.20,657.71,81.46,230.67,0.5547,person
37,853,34.120,239.46,890.40,71.05,189.60,0.6606,person
52,853,34.120,140.26,798.85,101.42,241.06,0.7208,person
53,853,34.120,43.78,767.21,85.23,265.92,0.6911,person
55,853,34.120,458.32,696.07,103.94,259.78,0.6533,person
56,853,34.120,304.99,646.94,77.53,252.42,0.5007,person
42,854,34.160,970.42,889.35,85.58,190.65,0.5893,person
36,854,34.160,349.58,888.28,90.77,191.72,0.6908,person
49,854,34.160,757.36,657.90,81.23,230.47,0.5637,person
37,854,34.160,240.26,894.25,70.37,185.75,0.6572,person
52,854,34.160,142.10,797.17,101.78,242.38,0.6778,person
53,854,34.160,44.31,764.56,85.39,265.49,0.7112,person
55,854,34.160,456.49,697.46,105.28,261.87,0.6705,person
56,854,34.160,306.37,647.79,75.85,248.50,0.5106,person
42,855,34.200,970.64,891.55,85.47,188.45,0.6203,person
36,855,34.200,350.80,890.70,89.92,189.30,0.7372,person
49,855,34.200,757.05,658.00,81.53,231.81,0.5754,person
37,855,34.200,239.29,896.93,70.42,183.07,0.5828,person
52,855,34.200,145.28,794.92,102.00,243.89,0.6539,person
53,855,34.200,44.62,762.54,85.96,266.18,0.7304,person
55,855,34.200,454.35,699.33,107.17,266.32,0.6685,person
41,855,34.200,1223.80,875.81,83.47,204.19,0.5012,person
42,856,34.240,970.70,894.76,84.92,185.24,0.5896,person
36,856,34.240,351.92,893.15,89.13,186.85,0.7133,person
49,856,34.240,757.16,657.58,81.73,232.96,0.5417,person
37,856,34.240,235.57,899.42,71.33,180.58,0.5523,person
52,856,34.240,148.66,793.66,102.26,245.68,0.5942,person
53,856,34.240,44.73,761.48,86.49,266.74,0.7150,person
55,856,34.240,453.20,701.21,107.55,266.55,0.6625,person
56,856,34.240,308.56,649.25,74.07,244.19,0.5015,person
42,857,34.280,970.61,898.54,83.87,180.54,0.5692,person
36,857,34.280,353.17,895.05,88.46,184.95,0.6759,person
49,857,34.280,757.16,657.42,81.84,233.78,0.5335,person
37,857,34.280,234.12,901.28,71.89,178.72,0.5652,person
52,857,34.280,151.09,791.85,102.80,248.23,0.5148,person
53,857,34.280,44.95,760.03,87.19,268.18,0.7115,person
55,857,34.280,453.32,704.11,107.78,267.17,0.6818,person
56,857,34.280,309.64,649.40,73.79,244.75,0.5290,person
42,858,34.320,968.77,902.59,83.25,176.48,0.5694,person
36,858,34.320,354.39,897.79,87.43,182.21,0.7064,person
49,858,34.320,757.06,656.75,81.77,234.13,0.5341,person
53,858,34.320,45.50,759.12,87.80,268.60,0.7008,person
55,858,34.320,453.27,706.69,107.70,267.24,0.6977,person
56,858,34.320,310.55,651.10,73.01,243.11,0.5275,person
41,858,34.320,1226.08,879.88,86.02,200.04,0.5009,person
42,859,34.360,967.11,906.01,83.36,173.67,0.5530,person
36,859,34.360,355.50,899.01,87.00,180.99,0.7013,person
49,859,34.360,757.19,657.12,81.24,233.01,0.5479,person
53,859,34.360,45.18,758.38,88.47,268.77,0.7080,person
55,859,34.360,452.17,710.61,107.74,267.35,0.7416,person
56,859,34.360,311.50,652.25,72.35,241.37,0.5646,person
41,859,34.360,1226.48,880.03,89.26,199.74,0.5109,person
37,859,34.360,233.60,903.20,72.40,176.80,0.5435,person
42,860,34.400,965.79,910.58,82.86,169.31,0.5726,person
36,860,34.400,357.26,902.02,85.40,177.98,0.6573,person
49,860,34.400,757.39,657.20,80.71,231.78,0.5515,person
53,860,34.400,45.22,757.10,89.23,269.10,0.6969,person
55,860,34.400,451.50,715.36,108.37,269.21,0.7148,person
56,860,34.400,311.98,653.70,71.69,239.05,0.5568,person
37,860,34.400,233.65,903.05,73.21,176.95,0.5355,person
52,860,34.400,159.93,785.43,100.24,243.44,0.5065,person
42,861,34.440,965.61,913.54,82.99,166.44,0.5820,person
36,861,34.440,359.21,905.73,83.60,174.27,0.6205,person
49,861,34.440,757.64,657.77,80.46,231.35,0.5454,person
53,861,34.440,45.15,755.57,89.99,269.09,0.6971,person
55,861,34.440,451.51,718.93,108.83,271.09,0.7091,person
56,861,34.440,312.60,654.01,71.91,239.20,0.5362,person
52,861,34.440,163.02,782.81,99.16,242.01,0.5487,person
36,862,34.480,362.01,910.23,81.61,169.77,0.5938,person
49,862,34.480,757.76,657.93,80.19,230.69,0.5385,person
53,862,34.480,45.09,754.02,90.22,267.58,0.7109,person
55,862,34.480,451.88,720.96,108.91,272.33,0.6758,person
56,862,34.480,313.79,653.98,74.75,247.34,0.5137,person
52,862,34.480,166.70,778.79,96.43,235.37,0.5086,person
33,862,34.480,1114.74,875.73,80.03,204.27,0.5291,person
36,863,34.520,364.25,912.25,80.85,167.74,0.6047,person
49,863,34.520,758.04,658.10,80.21,231.03,0.5103,person
53,863,34.520,46.69,751.93,90.35,267.35,0.6951,person
55,863,34.520,452.01,721.89,108.51,271.80,0.6832,person
56,863,34.520,314.92,654.51,73.61,242.04,0.5421,person
33,863,34.520,1115.80,877.27,82.19,202.73,0.5616,person
36,864,34.560,365.92,915.15,79.80,164.85,0.6710,person
49,864,34.560,758.22,658.25,79.83,230.47,0.5057,person
53,864,34.560,47.32,750.42,90.38,266.35,0.7085,person
55,864,34.560,452.28,723.85,108.14,271.34,0.6530,person
56,864,34.560,315.85,655.60,75.43,247.21,0.5272,person
33,864,34.560,1116.18,879.99,83.57,200.01,0.5578,person
52,864,34.560,174.31,771.18,94.54,230.23,0.5196,person
36,865,34.600,367.93,917.71,79.14,162.29,0.6257,person
53,865,34.600,49.15,748.08,89.68,263.83,0.6902,person
55,865,34.600,452.10,724.44,107.65,270.18,0.6290,person
56,865,34.600,317.35,656.33,76.55,249.23,0.5295,person
33,865,34.600,1121.07,882.84,83.05,196.33,0.5535,person
36,866,34.640,369.37,920.05,78.62,159.95,0.5986,person
53,866,34.640,50.29,745.17,89.43,262.66,0.6365,person
55,866,34.640,451.64,725.89,107.22,268.94,0.5693,person
56,866,34.640,318.24,656.94,77.59,250.56,0.5312,person
33,866,34.640,1124.42,886.78,82.33,191.84,0.5512,person
36,867,34.680,370.37,922.07,78.36,157.93,0.6058,person
53,867,34.680,50.42,742.10,89.04,260.71,0.6386,person
55,867,34.680,451.12,726.60,107.08,268.40,0.5937,person
56,867,34.680,318.44,656.97,79.08,252.57,0.5226,person
33,867,34.680,1127.81,890.01,81.89,188.58,0.5127,person
37,867,34.680,233.80,914.08,70.71,165.92,0.5235,person
36,868,34.720,370.77,922.30,78.91,157.07,0.5776,person
53,868,34.720,51.99,738.98,87.79,256.26,0.6173,person
55,868,34.720,450.46,727.89,106.88,267.76,0.6110,person
56,868,34.720,320.28,658.00,80.26,252.71,0.5276,person
36,869,34.760,371.33,922.91,79.28,155.80,0.5147,person
53,869,34.760,53.14,734.54,87.33,254.95,0.6125,person
55,869,34.760,449.67,729.35,106.79,267.31,0.6304,person
56,869,34.760,322.35,658.93,81.51,252.53,0.5250,person
33,869,34.760,1132.27,894.69,80.78,185.31,0.5293,person
36,870,34.800,370.84,923.06,80.30,155.80,0.5381,person
53,870,34.800,54.03,730.62,87.60,256.05,0.6621,person
55,870,34.800,448.68,730.88,106.90,267.69,0.6568,person
56,870,34.800,323.66,659.41,82.74,251.75,0.5460,person
33,870,34.800,1133.79,896.14,80.58,183.86,0.5812,person
36,871,34.840,369.68,924.19,80.93,154.41,0.5713,person
53,871,34.840,54.23,726.99,88.95,260.97,0.6434,person
55,871,34.840,447.89,733.06,106.43,266.50,0.6353,person
56,871,34.840,324.67,660.06,84.08,250.96,0.5361,person
33,871,34.840,1136.56,896.62,81.05,183.38,0.6163,person
36,872,34.880,369.84,927.26,81.53,152.07,0.5428,person
53,872,34.880,54.83,723.43,89.40,263.20,0.6312,person
55,872,34.880,447.00,735.53,106.21,266.36,0.6523,person
56,872,34.880,325.87,660.31,85.59,250.53,0.5510,person
33,872,34.880,1139.53,896.34,81.51,183.66,0.6006,person
36,873,34.920,368.62,930.36,81.91,149.41,0.5460,person
53,873,34.920,55.46,721.74,89.55,265.08,0.6032,person
55,873,34.920,446.47,738.61,105.51,264.95,0.6270,person
56,873,34.920,326.46,660.30,86.99,250.16,0.5450,person
33,873,34.920,1142.24,896.86,81.46,183.14,0.5438,person
36,874,34.960,368.32,933.57,81.96,146.36,0.5513,person
53,874,34.960,56.91,720.67,88.89,264.53,0.5699,person
55,874,34.960,445.21,743.27,103.83,261.46,0.5649,person
56,874,34.960,326.90,660.50,88.46,249.69,0.5358,person
36,875,35.000,367.49,935.46,82.78,144.53,0.5380,person
53,875,35.000,58.49,719.64,88.74,265.62,0.5638,person
55,875,35.000,443.02,746.45,103.71,262.57,0.5923,person
56,875,35.000,329.38,661.30,90.08,248.73,0.5444,person
36,876,35.040,367.89,938.74,82.63,141.26,0.5485,person
53,876,35.040,61.15,718.41,88.13,265.42,0.5530,person
55,876,35.040,440.67,750.22,104.28,265.03,0.5880,person
56,876,35.040,331.76,662.46,92.34,249.25,0.5139,person
36,877,35.080,368.11,942.08,82.45,137.92,0.5318,person
53,877,35.080,62.58,716.67,88.07,267.06,0.5582,person
55,877,35.080,439.13,753.48,104.32,266.03,0.6148,person
53,878,35.120,63.65,715.44,87.47,266.90,0.5925,person
55,878,35.120,436.82,754.84,104.35,266.90,0.6347,person
52,878,35.120,201.08,741.53,93.35,227.02,0.5796,person
53,879,35.160,65.18,714.04,86.20,264.30,0.5741,person
55,879,35.160,434.99,756.53,104.19,266.48,0.6471,person
58,879,35.160,1318.39,891.42,78.92,188.58,0.6342,person
52,879,35.160,204.15,739.58,92.69,226.46,0.6023,person
42,879,35.160,970.65,958.48,67.63,121.52,0.5325,person
53,880,35.200,67.47,711.80,83.86,257.36,0.6183,person
55,880,35.200,433.57,757.50,104.11,266.23,0.6337,person
58,880,35.200,1320.35,895.14,77.47,184.86,0.6349,person
52,880,35.200,208.15,738.06,91.11,224.51,0.6408,person
42,880,35.200,970.68,959.76,71.50,120.24,0.5004,person
53,881,35.240,68.90,709.30,83.33,256.65,0.6097,person
55,881,35.240,432.00,757.92,103.46,264.01,0.5876,person
58,881,35.240,1324.85,900.79,75.31,179.21,0.6742,person
52,881,35.240,210.49,737.22,90.78,225.31,0.5714,person
53,882,35.280,70.84,707.41,82.73,255.82,0.5677,person
55,882,35.280,430.50,758.78,103.73,264.82,0.5751,person
58,882,35.280,1330.06,904.50,73.93,175.50,0.7078,person
36,882,35.280,367.82,956.94,77.83,123.06,0.5092,person
53,883,35.320,71.89,705.72,83.36,258.93,0.6015,person
55,883,35.320,429.22,759.19,103.72,264.23,0.5962,person
58,883,35.320,1333.61,907.51,73.00,172.49,0.7103,person
36,883,35.320,366.75,958.84,80.03,121.16,0.5204,person
53,884,35.360,74.29,703.20,82.02,255.33,0.5907,person
55,884,35.360,428.01,759.70,103.92,263.95,0.6263,person
58,884,35.360,1336.97,908.37,72.93,171.63,0.6397,person
36,884,35.360,366.17,959.73,82.24,120.27,0.5550,person
52,884,35.360,213.25,735.48,92.27,228.87,0.5134,person
53,885,35.400,75.81,698.83,81.55,253.97,0.5590,person
55,885,35.400,427.03,760.77,104.36,264.55,0.5720,person
58,885,35.400,1342.66,912.03,71.89,167.97,0.6276,person
36,885,35.400,365.65,959.82,84.33,120.18,0.5524,person
52,885,35.400,214.57,735.00,91.74,226.26,0.5366,person
53,886,35.440,77.13,694.82,81.65,255.16,0.5762,person
55,886,35.440,425.52,762.55,105.22,265.88,0.5950,person
58,886,35.440,1347.94,915.03,71.37,164.97,0.6450,person
36,886,35.440,363.96,960.88,85.76,119.12,0.5683,person
52,886,35.440,215.84,733.96,91.49,224.29,0.5012,person
41,886,35.440,1265.06,939.56,76.64,140.44,0.5169,person
53,887,35.480,78.43,690.95,81.83,256.46,0.5980,person
55,887,35.480,422.98,764.84,108.12,272.87,0.6827,person
58,887,35.480,1350.55,913.63,72.60,166.37,0.6284,person
36,887,35.480,362.91,961.69,86.72,118.31,0.5731,person
52,887,35.480,216.44,731.57,92.78,227.26,0.5087,person
41,887,35.480,1263.49,941.12,83.09,138.88,0.5185,person
53,888,35.520,79.76,688.07,81.22,255.08,0.5814,person
55,888,35.520,420.84,767.85,109.51,276.55,0.6678,person
58,888,35.520,1352.78,914.34,73.00,165.66,0.6007,person
53,889,35.560,81.39,684.11,81.35,256.17,0.5343,person
55,889,35.560,419.35,770.95,110.05,277.88,0.6981,person
58,889,35.560,1354.97,915.71,73.12,164.29,0.6326,person
55,890,35.600,418.47,774.56,109.99,277.78,0.7058,person
58,890,35.600,1356.39,916.88,73.46,163.12,0.5998,person
55,891,35.640,417.93,778.18,109.85,277.46,0.6954,person
58,891,35.640,1359.13,918.06,73.68,161.94,0.6089,person
52,891,35.640,225.11,717.47,91.55,227.87,0.5218,person
55,892,35.680,417.92,781.24,109.15,275.38,0.6645,person
58,892,35.680,1362.92,922.84,72.54,157.16,0.5826,person
52,892,35.680,228.64,713.80,89.17,224.39,0.5834,person
55,893,35.720,415.99,784.90,110.23,277.20,0.6769,person
58,893,35.720,1367.30,925.69,72.45,154.31,0.5504,person
52,893,35.720,231.50,710.83,87.93,222.89,0.6202,person
53,893,35.720,87.73,677.36,83.76,263.30,0.5180,person
55,894,35.760,415.80,787.14,110.60,277.34,0.6717,person
58,894,35.760,1370.40,928.97,72.10,151.02,0.5556,person
52,894,35.760,232.21,708.92,87.60,222.42,0.6711,person
53,894,35.760,87.74,677.28,83.70,262.37,0.5286,person
55,895,35.800,415.55,788.80,110.85,277.29,0.6528,person
58,895,35.800,1373.13,933.21,71.38,145.94,0.5499,person
52,895,35.800,231.78,706.99,88.26,223.19,0.6745,person
53,895,35.800,89.47,677.10,83.76,262.12,0.5467,person
55,896,35.840,416.06,791.51,110.01,274.25,0.6659,person
58,896,35.840,1374.88,936.72,71.29,141.29,0.5423,person
52,896,35.840,230.84,705.02,89.64,224.56,0.6841,person
53,896,35.840,90.60,677.43,83.48,260.56,0.5262,person
55,897,35.880,417.81,796.14,108.79,270.11,0.6731,person
58,897,35.880,1375.17,940.05,72.20,138.52,0.5945,person
52,897,35.880,229.78,703.64,91.18,225.74,0.6781,person
53,897,35.880,92.15,676.08,83.78,261.62,0.5055,person
41,897,35.880,1271.00,958.91,78.38,121.09,0.5279,person
55,898,35.920,419.02,798.63,108.15,267.75,0.6593,person
58,898,35.920,1375.74,943.87,72.85,135.31,0.5772,person
52,898,35.920,229.42,702.27,92.77,226.76,0.6417,person
53,898,35.920,93.69,674.54,82.73,257.70,0.5232,person
41,898,35.920,1270.55,961.05,81.08,118.95,0.5345,person
33,898,35.920,1190.82,944.93,69.36,135.07,0.5076,person
55,899,35.960,418.12,799.44,108.56,268.38,0.6491,person
52,899,35.960,228.64,701.38,94.44,227.12,0.6075,person
55,900,36.000,417.15,800.66,108.83,269.08,0.5798,person
52,900,36.000,228.56,700.91,95.72,226.51,0.5999,person
58,900,36.000,1381.80,949.21,73.13,130.79,0.5337,person
55,901,36.040,416.32,802.73,107.71,266.33,0.5541,person
52,901,36.040,229.03,699.51,97.54,227.88,0.5917,person
58,901,36.040,1383.81,950.04,75.44,129.96,0.5265,person
55,902,36.080,414.03,803.18,108.18,267.81,0.5238,person
52,902,36.080,230.47,697.50,98.32,227.59,0.6011,person
33,902,36.080,1194.53,958.22,69.45,121.78,0.5360,person
55,903,36.120,411.40,803.07,109.24,270.68,0.6034,person
52,903,36.120,231.65,695.40,99.46,228.08,0.5735,person
55,904,36.160,409.74,805.79,108.61,269.47,0.5768,person
55,905,36.200,409.09,809.80,107.46,266.11,0.6277,person
55,906,36.240,406.06,812.19,107.37,265.52,0.6435,person
56,906,36.240,409.87,707.69,69.37,158.10,0.5426,person
55,907,36.280,403.48,816.17,106.34,262.45,0.5709,person
56,907,36.280,407.92,708.34,76.21,159.52,0.5237,person
53,907,36.280,109.37,653.44,79.36,245.97,0.5327,person
55,908,36.320,401.92,820.34,104.75,257.28,0.6400,person
55,909,36.360,399.57,823.15,103.84,254.33,0.6680,person
55,910,36.400,397.74,826.32,103.24,252.02,0.6903,person
55,911,36.440,395.15,829.90,102.28,248.74,0.6500,person
55,912,36.480,393.11,831.88,102.09,247.04,0.6271,person
55,913,36.520,391.35,832.14,102.66,246.59,0.6300,person
55,914,36.560,387.94,829.46,104.83,250.06,0.6751,person
55,915,36.600,385.47,826.92,107.06,253.08,0.6556,person
55,916,36.640,382.47,826.91,107.82,253.09,0.6333,person
55,917,36.680,381.54,829.21,107.61,250.79,0.6480,person
55,918,36.720,379.75,830.10,107.98,249.90,0.6497,person
55,919,36.760,378.70,834.68,106.90,245.22,0.5816,person
56,919,36.760,420.83,733.37,114.48,261.79,0.5028,person
53,919,36.760,134.51,634.48,77.30,241.40,0.5086,person
55,920,36.800,378.02,839.46,106.16,240.54,0.5812,person
53,920,36.800,135.68,632.97,77.38,240.18,0.5063,person
55,921,36.840,377.90,843.82,105.40,236.18,0.5669,person
55,922,36.880,377.64,847.98,104.52,232.02,0.5688,person
55,923,36.920,378.06,852.06,103.86,227.94,0.5635,person
55,924,36.960,377.65,856.55,102.71,223.45,0.5603,person
56,924,36.960,432.86,742.82,108.60,258.17,0.5447,person
55,925,37.000,376.78,859.28,102.34,220.72,0.5565,person
56,925,37.000,435.77,742.99,105.63,258.55,0.5259,person
55,926,37.040,375.92,861.97,101.92,217.87,0.5332,person
55,927,37.080,375.54,864.60,102.11,215.13,0.5899,person
55,928,37.120,374.54,866.59,102.18,213.13,0.6262,person
52,928,37.120,268.78,644.65,96.91,221.35,0.5390,person
56,928,37.120,441.45,746.21,103.47,258.05,0.5175,person
55,929,37.160,372.98,868.43,102.28,211.47,0.6444,person
59,929,37.160,1541.60,760.49,86.24,239.15,0.6561,person
52,929,37.160,270.73,643.80,96.77,221.32,0.5329,person
56,929,37.160,443.22,748.05,103.81,264.28,0.5491,person
53,929,37.160,159.95,617.95,81.15,248.58,0.5085,person
55,930,37.200,372.52,870.46,102.20,209.30,0.6423,person
59,930,37.200,1541.95,758.94,86.68,240.30,0.6474,person
52,930,37.200,273.29,642.92,96.34,220.24,0.5623,person
56,930,37.200,443.45,750.56,105.00,271.44,0.5495,person
60,930,37.200,1034.34,265.54,69.46,187.82,0.6206,person
53,930,37.200,161.90,616.00,82.12,248.95,0.5517,person
55,931,37.240,371.05,871.09,103.15,208.86,0.6643,person
59,931,37.240,1541.68,758.11,87.85,243.42,0.5646,person
52,931,37.240,275.68,641.76,95.92,219.21,0.5308,person
56,931,37.240,444.28,754.21,105.07,275.33,0.6229,person
60,931,37.240,1034.35,266.70,69.31,187.50,0.6299,person
53,931,37.240,163.06,614.00,82.50,248.62,0.5990,person
55,932,37.280,369.76,872.61,103.91,207.39,0.6689,person
59,932,37.280,1539.37,756.12,89.61,248.57,0.5696,person
52,932,37.280,276.81,639.23,95.96,220.14,0.5219,person
56,932,37.280,446.69,757.01,104.13,275.04,0.6321,person
60,932,37.280,1034.18,267.52,69.78,188.96,0.6241,person
53,932,37.280,165.51,612.61,82.02,246.55,0.5843,person
55,933,37.320,369.49,876.08,103.90,203.92,0.6417,person
59,933,37.320,1538.33,754.51,88.85,246.56,0.5913,person
52,933,37.320,278.77,636.03,94.99,219.53,0.5277,person
56,933,37.320,449.51,760.83,102.49,273.52,0.6564,person
60,933,37.320,1033.93,268.55,70.38,190.97,0.6229,person
53,933,37.320,167.64,610.02,82.18,248.05,0.5851,person
55,934,37.360,368.77,879.71,103.61,200.29,0.6403,person
59,934,37.360,1537.79,752.53,87.65,243.37,0.6254,person
52,934,37.360,281.66,633.40,93.78,217.61,0.5309,person
56,934,37.360,451.25,764.66,101.63,273.04,0.6575,person
60,934,37.360,1034.22,270.90,70.29,191.11,0.6100,person
53,934,37.360,169.92,608.19,82.11,249.40,0.5473,person
55,935,37.400,367.58,884.07,102.87,195.93,0.6501,person
59,935,37.400,1537.69,749.12,86.25,239.35,0.6554,person
56,935,37.400,452.03,767.03,101.30,273.52,0.6647,person
60,935,37.400,1034.97,273.78,69.30,188.80,0.6032,person
55,936,37.440,366.20,887.30,102.14,192.70,0.6649,person
59,936,37.440,1537.29,744.30,84.61,234.11,0.6026,person
56,936,37.440,452.38,768.81,101.18,274.21,0.6387,person
60,936,37.440,1035.32,276.25,69.08,188.70,0.5852,person
55,937,37.480,365.15,891.10,101.12,188.90,0.6726,person
59,937,37.480,1537.32,740.89,82.06,226.06,0.6305,person
56,937,37.480,453.34,770.62,101.10,273.90,0.6473,person
60,937,37.480,1035.65,277.41,68.61,187.87,0.5887,person
55,938,37.520,363.63,893.66,100.70,186.34,0.6687,person
59,938,37.520,1536.64,736.58,81.92,225.69,0.6748,person
56,938,37.520,454.23,772.08,100.84,272.61,0.6123,person
60,938,37.520,1035.96,278.75,68.85,189.25,0.6113,person
52,938,37.520,292.64,624.21,90.72,211.54,0.5129,person
55,939,37.560,362.81,897.73,99.39,182.27,0.6445,person
59,939,37.560,1535.97,732.21,82.49,227.80,0.6587,person
56,939,37.560,454.86,772.82,101.16,272.91,0.6172,person
60,939,37.560,1036.25,281.58,68.23,188.32,0.6122,person
52,939,37.560,295.71,622.83,90.23,211.64,0.5716,person
55,940,37.600,361.22,902.11,98.20,177.89,0.6432,person
59,940,37.600,1534.94,730.03,82.91,229.10,0.6647,person
56,940,37.600,455.56,772.16,101.75,273.50,0.6603,person
60,940,37.600,1036.71,282.81,67.83,187.92,0.6119,person
52,940,37.600,299.37,621.25,89.62,211.77,0.5834,person
55,941,37.640,359.65,906.28,97.57,173.72,0.6782,person
59,941,37.640,1534.03,725.26,84.39,234.07,0.6588,person
56,941,37.640,455.94,772.80,101.95,273.11,0.6679,person
60,941,37.640,1037.10,283.98,67.66,188.12,0.6056,person
52,941,37.640,301.66,618.57,90.10,213.97,0.5872,person
55,942,37.680,357.92,909.72,97.50,170.28,0.6859,person
59,942,37.680,1533.45,722.48,84.63,235.39,0.6623,person
56,942,37.680,455.89,773.16,102.19,273.11,0.7169,person
60,942,37.680,1037.75,284.59,67.69,189.18,0.5979,person
52,942,37.680,303.88,618.17,89.93,214.64,0.6076,person
55,943,37.720,355.77,910.56,98.62,169.28,0.6854,person
59,943,37.720,1533.34,721.49,84.80,236.46,0.6087,person
56,943,37.720,456.63,774.28,101.83,270.83,0.7065,person
60,943,37.720,1037.33,285.87,67.29,188.23,0.5856,person
52,943,37.720,305.00,618.07,89.84,215.32,0.5803,person
55,944,37.760,352.49,911.22,100.11,168.46,0.6951,person
59,944,37.760,1532.78,721.34,85.15,237.83,0.5824,person
56,944,37.760,457.04,775.74,101.73,269.09,0.6918,person
60,944,37.760,1037.58,285.53,66.94,187.50,0.5792,person
52,944,37.760,306.03,617.35,89.76,215.78,0.5809,person
55,945,37.800,348.59,912.37,101.68,167.52,0.7012,person
59,945,37.800,1532.47,721.94,85.15,238.08,0.5627,person
56,945,37.800,457.60,780.38,101.74,268.14,0.6942,person
60,945,37.800,1037.38,285.32,67.12,188.45,0.5966,person
52,945,37.800,307.92,616.55,89.66,216.39,0.5869,person
55,946,37.840,345.32,912.76,103.28,167.20,0.7208,person
59,946,37.840,1532.32,721.69,85.04,238.04,0.5270,person
56,946,37.840,458.11,785.50,102.31,268.95,0.6615,person
60,946,37.840,1036.36,285.62,67.31,189.19,0.6245,person
52,946,37.840,309.86,614.81,89.23,216.40,0.6001,person
55,947,37.880,343.69,913.80,104.36,166.19,0.7175,person
59,947,37.880,1531.87,720.25,84.79,236.89,0.5286,person
56,947,37.880,458.87,788.96,103.74,272.30,0.6599,person
60,947,37.880,1035.97,286.22,67.16,188.99,0.6316,person
61,947,37.880,140.17,887.06,98.43,192.57,0.6056,person
55,948,37.920,341.61,915.33,105.06,164.67,0.7263,person
59,948,37.920,1532.34,720.46,83.96,234.63,0.5209,person
56,948,37.920,460.38,792.15,104.38,273.54,0.7034,person
60,948,37.920,1035.73,286.89,67.28,189.68,0.6157,person
61,948,37.920,140.21,885.70,99.28,194.22,0.5420,person
52,948,37.920,313.31,607.02,89.16,219.77,0.5414,person
55,949,37.960,339.66,916.51,106.18,163.49,0.7271,person
59,949,37.960,1533.14,720.87,82.78,231.06,0.5290,person
56,949,37.960,462.04,794.89,104.39,272.96,0.6903,person
60,949,37.960,1035.27,287.95,67.13,189.33,0.6489,person
61,949,37.960,141.81,884.22,99.93,195.74,0.5264,person
52,949,37.960,317.04,607.34,86.29,215.16,0.5090,person
55,950,38.000,337.41,918.35,106.73,161.65,0.7084,person
59,950,38.000,1534.29,719.12,80.11,221.68,0.5289,person
56,950,38.000,463.52,798.22,104.69,273.46,0.6998,person
60,950,38.000,1034.96,288.97,67.16,189.75,0.6378,person
52,950,38.000,318.46,605.59,84.93,214.11,0.5277,person
55,951,38.040,336.59,920.97,106.69,159.03,0.6661,person
56,951,38.040,465.01,802.34,104.68,273.36,0.7046,person
60,951,38.040,1034.77,289.54,67.25,190.44,0.6300,person
55,952,38.080,336.21,926.00,105.18,154.00,0.6701,person
56,952,38.080,466.77,805.65,104.89,273.23,0.7164,person
60,952,38.080,1034.68,290.45,67.19,190.92,0.6394,person
52,952,38.080,320.12,597.59,83.57,210.55,0.5323,person
55,953,38.120,336.19,929.05,104.74,150.95,0.6683,person
56,953,38.120,468.60,808.25,104.91,271.75,0.7569,person
60,953,38.120,1034.68,291.23,66.90,190.74,0.6303,person
61,953,38.120,143.80,877.30,102.99,202.63,0.5247,person
55,954,38.160,336.37,932.58,103.95,147.42,0.6045,person
56,954,38.160,470.05,810.41,104.63,269.59,0.7578,person
60,954,38.160,1034.10,291.93,66.64,190.55,0.6229,person
61,954,38.160,144.23,875.49,103.23,204.18,0.5303,person
55,955,38.200,337.42,936.92,102.70,143.08,0.6527,person
56,955,38.200,471.63,811.11,104.97,268.89,0.7676,person
60,955,38.200,1033.16,292.05,66.57,190.21,0.6217,person
61,955,38.200,143.94,873.37,103.84,206.45,0.5675,person
52,955,38.200,321.48,591.35,85.79,215.11,0.5163,person
55,956,38.240,337.60,940.23,102.16,139.77,0.6696,person
56,956,38.240,473.04,811.81,105.29,268.19,0.7656,person
60,956,38.240,1031.97,292.03,66.79,190.42,0.6019,person
55,957,38.280,337.61,942.96,102.05,137.04,0.6762,person
56,957,38.280,474.09,812.73,105.55,267.27,0.7432,person
60,957,38.280,1031.38,292.54,66.96,189.86,0.5700,person
55,958,38.320,339.08,944.92,102.09,135.08,0.6876,person
56,958,38.320,474.98,813.81,105.87,266.19,0.7559,person
60,958,38.320,1030.90,293.11,67.28,189.70,0.6001,person
55,959,38.360,339.33,946.46,102.46,133.54,0.6936,person
56,959,38.360,475.74,815.85,106.02,264.15,0.7666,person
60,959,38.360,1030.36,293.75,67.53,189.24,0.5858,person
55,960,38.400,340.29,949.22,101.58,130.78,0.6949,person
56,960,38.400,477.20,818.62,105.89,261.38,0.7774,person
60,960,38.400,1030.63,295.74,66.84,186.09,0.5760,person
52,960,38.400,324.66,585.68,88.77,217.40,0.5835,person
55,961,38.440,340.43,950.48,101.79,129.52,0.7140,person
56,961,38.440,478.22,820.96,105.95,259.04,0.7809,person
60,961,38.440,1030.37,295.34,67.79,187.57,0.5808,person
52,961,38.440,325.46,585.59,90.92,219.02,0.6014,person
55,962,38.480,340.54,951.76,101.88,128.24,0.7236,person
56,962,38.480,480.09,824.00,105.35,256.00,0.7800,person
60,962,38.480,1030.30,296.67,68.32,187.83,0.6010,person
52,962,38.480,325.97,584.09,92.14,218.66,0.5855,person
62,962,38.480,948.01,729.00,85.41,251.76,0.6191,person
55,963,38.520,339.57,952.49,102.33,127.51,0.7066,person
56,963,38.520,480.62,826.62,104.96,253.38,0.7702,person
60,963,38.520,1029.84,297.28,69.18,189.43,0.6092,person
52,963,38.520,326.28,581.90,93.87,219.63,0.6295,person
62,963,38.520,948.09,731.93,84.03,247.63,0.6225,person
55,964,38.560,338.78,955.14,101.69,124.86,0.6449,person
56,964,38.560,481.93,829.69,104.30,250.31,0.7561,person
60,964,38.560,1029.65,298.02,70.02,191.69,0.6135,person
52,964,38.560,327.53,579.89,92.92,213.52,0.5766,person
62,964,38.560,947.49,735.68,83.59,246.32,0.6037,person
55,965,38.600,338.17,957.36,101.42,122.64,0.6322,person
56,965,38.600,483.17,834.18,103.03,245.82,0.7347,person
60,965,38.600,1030.13,299.36,70.28,191.87,0.6045,person
52,965,38.600,328.48,577.12,93.12,210.89,0.5281,person
62,965,38.600,945.00,736.85,84.82,249.95,0.6203,person
55,966,38.640,337.96,961.01,100.32,118.99,0.6583,person
56,966,38.640,484.26,838.31,102.08,241.69,0.7388,person
60,966,38.640,1030.15,300.84,70.67,192.27,0.5731,person
52,966,38.640,330.82,573.56,92.05,205.62,0.5256,person
62,966,38.640,942.55,738.51,85.35,251.46,0.6063,person
55,967,38.680,337.54,964.24,99.54,115.76,0.6429,person
56,967,38.680,485.43,841.64,101.35,238.36,0.7302,person
60,967,38.680,1030.11,302.33,70.67,191.27,0.5680,person
52,967,38.680,331.45,572.05,93.01,205.36,0.6275,person
62,967,38.680,940.73,741.61,85.25,251.62,0.5682,person
63,967,38.680,1081.49,923.26,59.86,156.50,0.6325,person
64,967,38.680,1015.48,599.58,84.79,225.37,0.6341,person
55,968,38.720,336.67,968.25,98.04,111.75,0.6261,person
56,968,38.720,485.64,844.17,101.15,235.83,0.7514,person
60,968,38.720,1030.12,303.17,70.69,190.37,0.5440,person
52,968,38.720,333.75,570.10,93.71,205.61,0.6168,person
62,968,38.720,938.74,746.16,84.20,248.27,0.5484,person
63,968,38.720,1081.69,922.74,60.07,157.01,0.6390,person
64,968,38.720,1016.08,600.36,84.51,224.75,0.5975,person
55,969,38.760,336.47,974.22,94.98,105.78,0.6354,person
56,969,38.760,485.65,846.37,100.84,233.63,0.7365,person
60,969,38.760,1030.19,303.88,71.09,190.57,0.5443,person
52,969,38.760,336.00,567.98,94.30,206.74,0.6355,person
62,969,38.760,938.97,747.90,83.41,246.13,0.5128,person
63,969,38.760,1081.51,922.41,60.21,157.37,0.6272,person
64,969,38.760,1017.33,602.64,84.18,224.16,0.5969,person
65,969,38.760,1398.23,857.31,107.93,221.93,0.5938,person
55,970,38.800,336.05,979.30,92.66,100.70,0.5601,person
56,970,38.800,486.07,847.89,100.77,232.11,0.7152,person
60,970,38.800,1031.06,304.73,71.10,189.71,0.5474,person
52,970,38.800,338.67,566.00,94.76,208.24,0.5909,person
63,970,38.800,1080.99,921.79,60.43,157.95,0.5934,person
64,970,38.800,1017.98,603.01,84.31,224.97,0.5872,person
65,970,38.800,1398.75,859.06,107.35,220.77,0.5446,person
55,971,38.840,335.90,983.28,91.34,96.72,0.5915,person
56,971,38.840,485.81,848.84,100.92,231.16,0.7045,person
60,971,38.840,1030.93,305.08,71.98,190.87,0.5656,person
52,971,38.840,340.76,565.09,94.72,208.71,0.6028,person
63,971,38.840,1081.06,922.36,60.16,157.26,0.5866,person
64,971,38.840,1019.00,604.93,84.14,225.06,0.5684,person
65,971,38.840,1400.75,862.80,105.63,217.20,0.5280,person
62,971,38.840,933.18,746.31,85.09,249.02,0.5284,person
55,972,38.880,334.23,986.98,90.36,93.02,0.5527,person
56,972,38.880,486.07,849.65,101.09,230.35,0.6731,person
60,972,38.880,1030.53,304.98,72.78,192.29,0.5512,person
52,972,38.880,342.20,564.04,94.99,209.51,0.6412,person
63,972,38.880,1080.45,921.74,60.28,157.65,0.5798,person
64,972,38.880,1020.26,606.34,82.87,222.66,0.5366,person
62,972,38.880,934.02,748.48,84.71,247.07,0.5176,person
55,973,38.920,331.04,989.86,90.18,90.14,0.5407,person
56,973,38.920,486.63,849.96,101.53,230.04,0.6538,person
60,973,38.920,1030.59,305.59,73.32,192.52,0.5308,person
52,973,38.920,343.32,562.25,94.97,210.59,0.5749,person
63,973,38.920,1080.38,921.80,60.20,157.66,0.5749,person
64,973,38.920,1022.25,605.47,82.68,223.12,0.5251,person
62,973,38.920,938.46,752.57,83.55,244.38,0.5271,person
55,974,38.960,328.34,992.87,89.32,87.13,0.5440,person
56,974,38.960,486.50,850.71,101.76,229.29,0.7031,person
60,974,38.960,1030.68,305.91,73.59,192.34,0.5532,person
52,974,38.960,345.43,560.85,94.88,211.52,0.6111,person
63,974,38.960,1080.30,922.15,59.92,157.25,0.5963,person
64,974,38.960,1024.46,605.82,82.63,223.75,0.5481,person
62,974,38.960,939.01,753.86,83.56,244.25,0.6008,person
55,975,39.000,325.81,995.09,89.17,84.91,0.5545,person
56,975,39.000,485.94,851.14,102.07,228.86,0.7029,person
60,975,39.000,1030.28,306.14,73.89,192.23,0.5574,person
52,975,39.000,346.47,559.14,93.75,211.27,0.5277,person
63,975,39.000,1080.16,921.98,59.81,157.35,0.5852,person
64,975,39.000,1025.68,606.33,82.47,224.08,0.5823,person
62,975,39.000,938.90,756.85,83.02,242.04,0.6051,person
55,976,39.040,323.98,996.40,89.80,83.60,0.5158,person
56,976,39.040,485.53,851.72,102.12,228.28,0.7036,person
60,976,39.040,1029.89,306.75,74.48,193.09,0.5171,person
52,976,39.040,349.19,557.52,93.29,212.11,0.5230,person
63,976,39.040,1080.21,922.29,59.62,157.21,0.5828,person
64,976,39.040,1026.41,609.40,81.60,222.20,0.5598,person
62,976,39.040,937.01,754.70,83.35,242.61,0.5709,person
56,977,39.080,485.88,853.19,101.91,226.81,0.6943,person
60,977,39.080,1030.03,308.32,74.67,193.11,0.5109,person
63,977,39.080,1079.92,921.24,59.87,158.30,0.5799,person
64,977,39.080,1026.13,610.60,81.77,223.73,0.5192,person
62,977,39.080,935.38,754.94,84.53,245.74,0.5386,person
56,978,39.120,486.26,855.53,101.24,224.47,0.6923,person
60,978,39.120,1030.24,309.38,74.51,192.36,0.5480,person
63,978,39.120,1079.87,921.50,59.67,158.08,0.5737,person
64,978,39.120,1026.43,611.60,82.54,226.91,0.5381,person
62,978,39.120,933.22,755.39,85.78,248.81,0.5839,person
52,978,39.120,352.70,553.22,92.17,213.22,0.5216,person
56,979,39.160,487.51,858.46,100.22,221.54,0.6491,person
60,979,39.160,1029.88,310.61,75.26,194.10,0.5660,person
63,979,39.160,1079.79,921.68,59.53,157.98,0.5720,person
64,979,39.160,1028.26,612.89,82.24,227.46,0.5224,person
62,979,39.160,932.49,755.07,87.33,253.65,0.5819,person
56,980,39.200,487.91,862.37,98.79,217.63,0.5889,person
60,980,39.200,1029.45,311.34,76.01,195.96,0.5904,person
63,980,39.200,1079.76,921.82,59.31,157.76,0.5859,person
64,980,39.200,1029.41,613.43,83.67,232.93,0.5953,person
62,980,39.200,931.65,755.87,88.29,257.35,0.5810,person
61,980,39.200,167.81,815.17,119.25,250.66,0.5656,person
56,981,39.240,489.18,865.73,97.60,214.27,0.5946,person
60,981,39.240,1029.42,312.36,76.06,196.25,0.5913,person
63,981,39.240,1079.75,922.08,59.04,157.32,0.5463,person
64,981,39.240,1031.52,616.62,83.56,233.17,0.6072,person
62,981,39.240,931.81,759.05,87.88,256.97,0.5662,person
61,981,39.240,171.27,814.04,114.93,250.69,0.5673,person
52,981,39.240,356.99,546.44,88.13,206.08,0.5380,person
56,982,39.280,489.87,868.12,97.10,211.88,0.6640,person
60,982,39.280,1028.48,313.97,77.43,200.18,0.5514,person
63,982,39.280,1080.32,923.38,58.38,155.79,0.5627,person
64,982,39.280,1033.50,618.59,83.60,233.71,0.5992,person
62,982,39.280,933.46,761.59,86.55,253.36,0.5649,person
61,982,39.280,175.26,814.01,110.95,250.35,0.5324,person
52,982,39.280,357.09,544.32,87.39,206.11,0.5333,person
56,983,39.320,491.54,870.48,96.41,209.52,0.6275,person
60,983,39.320,1027.94,315.41,77.57,200.62,0.5617,person
63,983,39.320,1080.39,924.22,58.05,154.94,0.5168,person
64,983,39.320,1036.02,620.00,83.43,232.54,0.5836,person
62,983,39.320,932.86,763.37,86.35,252.24,0.5477,person
61,983,39.320,177.21,812.29,107.95,247.57,0.5799,person
52,983,39.320,357.85,541.89,86.82,206.33,0.5593,person
66,983,39.320,96.77,818.07,84.02,234.81,0.5853,person
56,984,39.360,493.50,873.77,95.54,206.23,0.6150,person
60,984,39.360,1027.83,316.83,76.94,199.11,0.5801,person
63,984,39.360,1080.64,925.09,57.86,154.26,0.5547,person
64,984,39.360,1037.47,621.96,84.39,236.38,0.5814,person
62,984,39.360,926.90,765.56,88.19,255.08,0.5681,person
61,984,39.360,178.88,811.20,106.21,246.93,0.6291,person
52,984,39.360,356.93,539.61,86.88,207.50,0.5326,person
66,984,39.360,99.08,814.31,83.50,233.41,0.5883,person
56,985,39.400,495.95,876.05,95.44,203.95,0.5738,person
60,985,39.400,1027.14,317.91,76.99,199.82,0.5551,person
63,985,39.400,1080.68,925.71,57.71,153.60,0.5495,person
64,985,39.400,1038.52,623.06,84.80,237.71,0.5962,person
62,985,39.400,924.05,768.09,89.37,256.01,0.6200,person
61,985,39.400,180.21,809.54,105.13,247.73,0.6204,person
66,985,39.400,100.20,811.00,82.76,231.35,0.6165,person
56,986,39.440,498.16,877.60,96.04,202.40,0.5238,person
60,986,39.440,1026.53,318.62,77.04,200.57,0.5359,person
63,986,39.440,1080.61,925.96,57.65,153.32,0.5247,person
64,986,39.440,1038.56,624.33,85.95,241.26,0.6068,person
62,986,39.440,924.04,771.20,89.64,255.67,0.5598,person
61,986,39.440,181.60,807.64,103.88,248.03,0.6671,person
66,986,39.440,99.69,807.55,83.49,233.53,0.5948,person
60,987,39.480,1026.24,319.54,76.95,201.14,0.5543,person
63,987,39.480,1080.33,926.11,57.59,153.21,0.5460,person
64,987,39.480,1039.21,625.34,86.75,243.06,0.6127,person
62,987,39.480,924.45,773.71,89.71,255.10,0.5684,person
61,987,39.480,183.15,805.30,102.17,246.34,0.7152,person
66,987,39.480,98.86,804.77,85.55,239.74,0.5981,person
60,988,39.520,1025.83,320.83,76.59,201.29,0.5451,person
63,988,39.520,1079.79,926.16,57.39,153.01,0.5110,person
64,988,39.520,1040.22,626.09,87.15,243.20,0.6308,person
62,988,39.520,925.44,774.87,89.67,254.76,0.5604,person
61,988,39.520,185.54,803.29,99.85,242.86,0.6933,person
66,988,39.520,100.04,803.11,85.36,239.13,0.6199,person
65,988,39.520,1436.69,889.48,95.71,190.52,0.5628,person
60,989,39.560,1025.78,322.35,75.69,199.92,0.5489,person
63,989,39.560,1079.70,926.46,57.17,152.69,0.5440,person
64,989,39.560,1039.49,627.40,86.92,241.76,0.6375,person
62,989,39.560,927.09,775.80,89.43,254.13,0.5943,person
61,989,39.560,187.05,800.42,99.17,243.03,0.6695,person
66,989,39.560,101.41,802.51,85.27,238.82,0.6433,person
60,990,39.600,1025.74,322.67,75.04,198.87,0.5639,person
64,990,39.600,1040.26,628.57,86.22,239.22,0.6340,person
62,990,39.600,927.66,776.22,89.26,253.13,0.5638,person
61,990,39.600,189.68,797.96,96.31,236.68,0.5534,person
66,990,39.600,102.20,802.19,85.09,238.35,0.6206,person
56,990,39.600,500.79,882.05,96.04,197.95,0.5629,person
60,991,39.640,1025.97,323.55,74.17,197.27,0.5914,person
64,991,39.640,1041.99,628.06,86.90,240.70,0.6539,person
66,991,39.640,103.57,801.82,85.20,238.87,0.6351,person
56,991,39.640,498.61,883.31,97.12,196.69,0.5945,person
60,992,39.680,1026.19,324.17,73.64,196.34,0.5951,person
64,992,39.680,1044.01,628.50,87.25,240.48,0.6895,person
66,992,39.680,104.25,801.47,85.06,238.75,0.6071,person
56,992,39.680,498.06,884.74,97.56,195.26,0.5844,person
63,992,39.680,1079.70,928.11,56.70,151.07,0.5124,person
62,992,39.680,927.15,777.67,89.19,252.72,0.5509,person
60,993,39.720,1027.61,324.36,72.34,193.06,0.6110,person
64,993,39.720,1044.78,629.32,87.47,239.66,0.6917,person
66,993,39.720,105.35,800.85,84.94,239.01,0.5715,person
56,993,39.720,496.88,885.96,97.96,194.04,0.5278,person
63,993,39.720,1080.29,927.97,56.99,151.42,0.5125,person
62,993,39.720,927.35,778.00,89.36,253.60,0.5578,person
60,994,39.760,1028.41,324.63,71.68,191.57,0.6212,person
64,994,39.760,1044.67,629.66,87.85,239.68,0.6953,person
66,994,39.760,106.32,799.89,84.43,238.31,0.5879,person
56,994,39.760,495.21,888.22,97.70,191.78,0.5788,person
63,994,39.760,1080.51,928.92,56.81,150.69,0.5581,person
62,994,39.760,927.69,778.36,89.25,254.26,0.5668,person
67,994,39.760,775.43,667.36,76.65,223.56,0.6308,person
60,995,39.800,1028.77,324.52,71.64,191.82,0.6156,person
64,995,39.800,1044.66,630.80,88.10,238.71,0.6886,person
66,995,39.800,107.35,797.93,84.35,238.66,0.5639,person
56,995,39.800,495.28,891.33,96.85,188.67,0.5740,person
63,995,39.800,1080.57,929.21,56.93,150.60,0.5669,person
62,995,39.800,928.59,783.65,87.31,249.39,0.5519,person
67,995,39.800,775.70,667.81,75.98,221.59,0.6101,person
60,996,39.840,1028.33,326.35,71.86,192.98,0.5952,person
64,996,39.840,1045.00,631.04,89.01,238.98,0.6943,person
66,996,39.840,109.83,794.57,83.90,238.78,0.5442,person
56,996,39.840,495.46,895.11,95.76,184.89,0.5376,person
63,996,39.840,1080.46,929.84,57.08,150.15,0.5772,person
62,996,39.840,928.59,783.83,87.11,249.11,0.5537,person
67,996,39.840,775.61,668.17,76.85,224.13,0.6004,person
60,997,39.880,1027.94,327.88,72.33,195.12,0.6345,person
64,997,39.880,1045.66,633.32,88.97,237.40,0.6849,person
66,997,39.880,110.66,790.59,83.57,238.74,0.5444,person
56,997,39.880,494.66,897.97,95.18,182.03,0.5154,person
63,997,39.880,1081.26,930.58,57.06,149.42,0.5413,person
62,997,39.880,926.94,782.14,88.19,252.51,0.5730,person
67,997,39.880,775.57,668.54,76.81,223.82,0.5653,person
60,998,39.920,1027.42,329.36,72.52,196.68,0.6622,person
64,998,39.920,1045.75,635.65,89.13,236.45,0.6714,person
66,998,39.920,112.77,786.03,82.59,236.04,0.5674,person
56,998,39.920,494.91,899.29,95.35,180.71,0.5394,person
63,998,39.920,1081.56,931.32,57.04,148.68,0.5883,person
62,998,39.920,926.03,784.65,88.59,252.95,0.6145,person
67,998,39.920,774.89,668.63,77.23,224.84,0.5809,person
60,999,39.960,1026.68,330.65,72.87,198.52,0.6380,person
64,999,39.960,1045.98,638.05,89.97,237.51,0.6435,person
66,999,39.960,114.95,782.82,81.55,233.88,0.5993,person
56,999,39.960,495.39,901.33,95.09,178.67,0.5928,person
63,999,39.960,1082.13,932.01,57.09,147.99,0.5840,person
62,999,39.960,925.18,787.70,89.40,254.93,0.6316,person
67,999,39.960,774.64,669.45,77.02,223.95,0.5818,person
65,999,39.960,1455.44,938.91,78.50,141.09,0.5719,person
60,1000,40.000,1026.40,332.04,72.74,199.10,0.5848,person
64,1000,40.000,1046.43,639.70,90.62,237.56,0.5890,person
66,1000,40.000,115.67,778.58,80.66,231.21,0.5401,person
56,1000,40.000,495.74,904.35,93.89,175.65,0.5842,person
63,1000,40.000,1084.20,932.83,56.99,147.17,0.6029,person
62,1000,40.000,924.96,791.67,88.79,252.75,0.6375,person
67,1000,40.000,774.41,669.99,77.31,224.53,0.5724,person
60,1001,40.040,1026.75,332.74,72.56,199.20,0.5579,person
64,1001,40.040,1047.39,642.61,90.44,235.39,0.6084,person
66,1001,40.040,116.20,775.80,80.43,230.12,0.5804,person
56,1001,40.040,495.10,908.29,91.97,171.71,0.5997,person
63,1001,40.040,1084.78,933.64,57.03,146.36,0.6252,person
62,1001,40.040,924.25,793.51,88.14,250.01,0.6489,person
67,1001,40.040,774.58,670.39,77.22,223.78,0.5985,person
60,1002,40.080,1027.10,333.47,71.55,197.14,0.5517,person
64,1002,40.080,1047.76,644.91,91.06,235.62,0.6481,person
66,1002,40.080,116.21,774.12,81.10,231.59,0.5396,person
56,1002,40.080,495.70,911.38,90.33,168.62,0.5819,person
63,1002,40.080,1084.83,933.52,57.78,146.48,0.5756,person
62,1002,40.080,923.10,793.77,88.29,249.23,0.6329,person
67,1002,40.080,775.04,670.96,77.62,224.92,0.5583,person
61,1002,40.080,211.68,773.98,92.80,227.48,0.5347,person
60,1003,40.120,1027.33,333.58,71.26,197.13,0.5520,person
64,1003,40.120,1048.22,645.83,91.69,236.05,0.6419,person
66,1003,40.120,116.84,773.19,81.43,232.01,0.5274,person
56,1003,40.120,495.70,914.21,88.82,165.31,0.5959,person
63,1003,40.120,1082.63,933.83,58.93,146.17,0.5752,person
62,1003,40.120,922.23,796.00,87.71,246.94,0.5818,person
67,1003,40.120,774.99,671.27,77.88,225.72,0.5256,person
61,1003,40.120,211.90,771.78,95.02,235.36,0.5402,person
60,1004,40.160,1027.86,334.20,70.90,196.75,0.5406,person
64,1004,40.160,1049.12,646.93,91.96,235.47,0.6488,person
66,1004,40.160,117.59,772.42,81.67,232.24,0.5212,person
56,1004,40.160,495.48,915.96,87.66,162.49,0.6392,person
63,1004,40.160,1080.92,934.34,60.31,145.66,0.5583,person
62,1004,40.160,920.81,796.74,87.80,246.96,0.6001,person
67,1004,40.160,775.50,671.13,77.66,225.31,0.5225,person
60,1005,40.200,1028.10,334.45,70.58,196.48,0.5220,person
64,1005,40.200,1050.16,648.89,92.15,234.87,0.6420,person
66,1005,40.200,119.22,771.64,81.99,232.10,0.5084,person
56,1005,40.200,494.27,918.13,86.81,159.66,0.6349,person
63,1005,40.200,1079.93,935.20,61.43,144.80,0.5619,person
62,1005,40.200,917.87,798.55,86.99,245.82,0.5450,person
67,1005,40.200,775.96,671.22,77.62,225.69,0.5031,person
60,1006,40.240,1028.43,334.85,70.17,196.06,0.5056,person
64,1006,40.240,1050.70,650.65,92.33,234.67,0.6295,person
66,1006,40.240,122.16,771.12,82.24,231.79,0.5147,person
56,1006,40.240,493.29,919.52,87.11,159.15,0.6759,person
63,1006,40.240,1079.44,936.30,62.44,143.70,0.5619,person
67,1006,40.240,776.04,671.46,77.41,225.33,0.5104,person
61,1006,40.240,218.77,756.05,96.88,242.32,0.5374,person
60,1007,40.280,1028.61,335.15,69.63,195.56,0.5105,person
64,1007,40.280,1050.72,651.29,94.02,239.12,0.6409,person
56,1007,40.280,492.34,920.34,87.40,158.55,0.6736,person
63,1007,40.280,1077.80,937.31,63.43,142.69,0.5434,person
61,1007,40.280,221.54,752.82,95.91,241.58,0.5353,person
60,1008,40.320,1029.06,335.57,69.20,195.23,0.5380,person
64,1008,40.320,1051.52,653.56,93.33,238.08,0.6380,person
56,1008,40.320,490.78,920.80,87.83,158.17,0.6553,person
63,1008,40.320,1077.10,938.08,64.14,141.92,0.5514,person
61,1008,40.320,223.14,751.02,95.81,242.80,0.5057,person
60,1009,40.360,1028.76,336.05,69.01,195.27,0.5368,person
64,1009,40.360,1052.52,654.88,92.71,237.10,0.6627,person
56,1009,40.360,489.58,921.81,88.17,157.60,0.6528,person
63,1009,40.360,1075.81,938.88,64.90,141.12,0.5949,person
61,1009,40.360,223.67,748.91,95.46,241.78,0.5148,person
62,1009,40.360,915.33,806.57,87.90,250.30,0.5170,person
60,1010,40.400,1028.01,336.65,69.27,196.73,0.5498,person
64,1010,40.400,1053.92,656.12,92.73,238.08,0.6840,person
56,1010,40.400,488.13,922.34,88.54,157.08,0.6434,person
63,1010,40.400,1075.65,939.02,65.91,140.98,0.5510,person
61,1010,40.400,224.10,747.71,95.42,240.94,0.5691,person
62,1010,40.400,914.51,807.72,88.04,253.46,0.5243,person
64,1011,40.440,1055.40,656.73,91.99,236.78,0.6958,person
56,1011,40.440,487.40,923.08,88.83,156.36,0.6254,person
63,1011,40.440,1075.01,940.43,66.49,139.57,0.5452,person
61,1011,40.440,223.58,747.14,96.20,241.75,0.5746,person
64,1012,40.480,1056.48,657.20,91.53,236.37,0.6686,person
56,1012,40.480,486.59,924.84,88.88,154.68,0.6033,person
63,1012,40.480,1074.92,942.25,67.00,137.75,0.5473,person
61,1012,40.480,224.83,746.71,96.83,242.96,0.5672,person
64,1013,40.520,1057.55,658.75,90.58,234.91,0.6813,person
56,1013,40.520,485.50,928.07,88.45,151.79,0.6284,person
63,1013,40.520,1074.24,943.65,67.65,136.35,0.5551,person
61,1013,40.520,226.91,746.72,97.13,243.27,0.6012,person
66,1013,40.520,138.03,758.10,80.87,229.15,0.5056,person
64,1014,40.560,1058.01,660.13,90.52,236.12,0.7078,person
56,1014,40.560,483.82,931.30,88.28,148.69,0.6321,person
63,1014,40.560,1072.33,943.73,68.77,136.12,0.5293,person
61,1014,40.560,229.05,746.92,97.25,243.32,0.5719,person
66,1014,40.560,139.88,755.07,80.15,228.30,0.5399,person
64,1015,40.600,1058.21,662.05,90.51,237.92,0.7441,person
56,1015,40.600,483.30,933.97,88.24,146.03,0.6133,person
63,1015,40.600,1071.20,944.90,69.52,134.87,0.5645,person
61,1015,40.600,231.63,746.88,96.42,241.83,0.5939,person
66,1015,40.600,141.60,752.98,78.65,224.69,0.5779,person
64,1016,40.640,1058.81,664.06,90.17,238.94,0.7554,person
56,1016,40.640,482.59,938.12,87.42,141.88,0.6011,person
63,1016,40.640,1069.84,946.09,70.33,133.54,0.5508,person
61,1016,40.640,234.37,746.76,95.13,238.74,0.6271,person
66,1016,40.640,143.27,750.95,77.62,222.22,0.5895,person
60,1016,40.640,1023.93,343.97,69.01,197.34,0.5264,person
64,1017,40.680,1059.62,666.27,90.23,241.06,0.7686,person
56,1017,40.680,482.73,942.04,86.78,137.96,0.6230,person
63,1017,40.680,1068.21,947.35,71.15,132.27,0.5481,person
61,1017,40.680,236.59,746.21,93.76,236.01,0.5751,person
66,1017,40.680,144.41,748.02,76.96,220.68,0.5173,person
60,1017,40.680,1023.80,345.39,68.38,196.75,0.5147,person
64,1018,40.720,1059.96,668.13,91.24,245.53,0.7666,person
56,1018,40.720,482.09,944.94,86.92,135.06,0.6262,person
63,1018,40.720,1067.24,948.86,71.60,130.77,0.5325,person
61,1018,40.720,237.76,743.68,91.74,231.37,0.6094,person
64,1019,40.760,1060.48,670.39,92.09,249.34,0.7468,person
56,1019,40.760,481.59,947.77,87.11,132.23,0.5880,person
61,1019,40.760,238.36,740.94,90.78,229.44,0.5412,person
64,1020,40.800,1060.88,672.02,91.81,249.59,0.7538,person
56,1020,40.800,481.64,951.06,87.03,128.94,0.6076,person
61,1020,40.800,239.22,738.12,90.87,230.01,0.5918,person
60,1020,40.800,1020.74,349.87,67.98,196.87,0.5163,person
64,1021,40.840,1062.04,673.63,90.22,245.75,0.7752,person
56,1021,40.840,481.25,955.41,86.44,124.59,0.5557,person
61,1021,40.840,239.75,735.22,91.08,230.55,0.5748,person
60,1021,40.840,1019.50,350.92,67.49,196.67,0.5199,person
64,1022,40.880,1062.61,674.85,90.56,247.40,0.7585,person
56,1022,40.880,481.25,957.67,87.02,122.33,0.5623,person
61,1022,40.880,241.04,732.95,90.63,229.36,0.5629,person
60,1022,40.880,1018.22,352.14,67.15,196.72,0.5193,person
68,1022,40.880,956.37,654.41,94.92,288.43,0.6589,person
63,1022,40.880,1063.98,953.32,71.19,126.68,0.5296,person
64,1023,40.920,1063.16,675.73,90.87,248.75,0.6901,person
56,1023,40.920,481.36,959.43,87.79,120.57,0.5767,person
60,1023,40.920,1017.12,352.39,67.35,198.02,0.5105,person
68,1023,40.920,957.03,655.26,94.33,286.63,0.6289,person
63,1023,40.920,1061.95,954.28,71.94,125.72,0.5738,person
64,1024,40.960,1063.54,677.51,91.08,250.01,0.6752,person
56,1024,40.960,480.90,960.56,88.81,119.44,0.5463,person
60,1024,40.960,1016.19,352.61,66.99,197.49,0.5037,person
68,1024,40.960,956.82,656.13,94.91,288.60,0.5741,person
63,1024,40.960,1060.37,954.63,72.93,125.37,0.5727,person
62,1024,40.960,908.46,829.40,86.72,244.52,0.5116,person
64,1025,41.000,1063.53,679.17,90.97,250.72,0.6755,person
56,1025,41.000,479.79,961.45,89.92,118.55,0.5497,person
60,1025,41.000,1015.94,352.83,66.58,196.82,0.5452,person
68,1025,41.000,957.48,657.07,94.88,288.85,0.5861,person
63,1025,41.000,1059.09,955.75,73.25,124.25,0.5603,person
64,1026,41.040,1063.88,681.72,90.84,251.05,0.6560,person
56,1026,41.040,478.90,962.12,91.08,117.88,0.5448,person
60,1026,41.040,1015.76,353.44,66.27,196.70,0.5410,person
68,1026,41.040,957.83,658.49,95.37,290.98,0.5672,person
63,1026,41.040,1057.56,956.18,73.88,123.82,0.5092,person
61,1026,41.040,247.54,725.52,92.11,232.54,0.5299,person
64,1027,41.080,1065.00,684.16,90.64,250.64,0.6573,person
56,1027,41.080,477.88,963.18,91.89,116.82,0.5004,person
60,1027,41.080,1015.08,354.15,65.56,195.66,0.5547,person
68,1027,41.080,957.24,660.00,95.25,291.63,0.6556,person
63,1027,41.080,1056.29,956.77,74.50,123.23,0.5848,person
61,1027,41.080,248.63,723.72,93.84,236.08,0.5630,person
64,1028,41.120,1065.57,685.06,90.82,250.53,0.6761,person
56,1028,41.120,477.50,964.54,92.36,115.46,0.5319,person
60,1028,41.120,1014.63,354.93,65.07,195.04,0.5356,person
68,1028,41.120,956.36,661.52,96.13,295.71,0.6293,person
63,1028,41.120,1055.25,957.61,75.04,122.39,0.5758,person
61,1028,41.120,249.49,721.91,95.06,239.23,0.5195,person
64,1029,41.160,1067.22,687.27,90.28,248.15,0.6614,person
60,1029,41.160,1013.63,356.64,64.83,194.66,0.5336,person
68,1029,41.160,955.85,662.59,96.77,299.29,0.5982,person
63,1029,41.160,1054.26,958.30,75.61,121.70,0.5717,person
64,1030,41.200,1068.54,688.49,90.65,248.30,0.6836,person
63,1030,41.200,1053.36,958.96,76.24,121.04,0.5491,person
56,1030,41.200,479.68,969.71,90.29,110.29,0.5084,person
64,1031,41.240,1069.69,688.74,90.55,247.42,0.6633,person
63,1031,41.240,1052.76,959.54,76.82,120.46,0.5893,person
56,1031,41.240,480.70,972.84,89.76,107.16,0.5016,person
61,1031,41.240,254.10,718.48,94.01,236.79,0.5209,person
68,1031,41.240,955.43,666.12,98.09,305.86,0.5681,person
64,1032,41.280,1070.32,689.27,90.53,246.36,0.6653,person
63,1032,41.280,1052.48,960.17,77.39,119.83,0.6369,person
56,1032,41.280,482.43,976.56,88.58,103.43,0.5196,person
61,1032,41.280,257.64,717.47,92.91,233.79,0.5509,person
68,1032,41.280,956.19,668.68,97.04,304.39,0.5601,person
64,1033,41.320,1070.79,690.21,90.37,244.80,0.6804,person
63,1033,41.320,1052.29,962.00,77.28,118.00,0.6451,person
56,1033,41.320,482.56,980.98,86.93,98.61,0.5833,person
61,1033,41.320,259.25,714.19,93.41,235.00,0.6122,person
68,1033,41.320,956.57,670.08,96.36,304.06,0.5433,person
60,1033,41.320,1011.47,359.42,67.29,202.42,0.5359,person
64,1034,41.360,1070.93,691.67,90.34,243.44,0.7042,person
63,1034,41.360,1052.26,962.58,77.91,117.42,0.6215,person
56,1034,41.360,482.68,984.37,86.35,95.63,0.6282,person
61,1034,41.360,262.84,711.26,93.01,234.22,0.5653,person
68,1034,41.360,958.34,672.94,94.28,298.80,0.5346,person
60,1034,41.360,1011.28,359.53,67.61,203.72,0.5440,person
66,1034,41.360,169.05,710.39,77.79,224.88,0.5102,person
64,1035,41.400,1070.89,692.34,90.68,242.99,0.6897,person
63,1035,41.400,1051.89,962.57,78.90,117.43,0.6340,person
56,1035,41.400,483.61,987.39,85.55,92.61,0.6165,person
61,1035,41.400,267.26,708.56,90.95,229.75,0.5891,person
60,1035,41.400,1011.28,359.94,67.56,204.04,0.5239,person
64,1036,41.440,1070.68,693.51,92.21,245.86,0.6826,person
63,1036,41.440,1052.25,962.50,79.83,117.50,0.6153,person
56,1036,41.440,485.13,990.14,84.90,89.86,0.5253,person
61,1036,41.440,269.61,705.15,91.06,231.30,0.5606,person
60,1036,41.440,1010.66,360.28,68.01,205.76,0.5144,person
64,1037,41.480,1070.40,695.47,93.33,247.77,0.6515,person
63,1037,41.480,1052.29,963.21,80.26,116.79,0.5855,person
61,1037,41.480,271.48,701.68,90.79,231.57,0.5944,person
60,1037,41.480,1010.56,360.84,67.96,205.47,0.5292,person
64,1038,41.520,1070.58,697.90,94.07,248.54,0.6507,person
63,1038,41.520,1051.96,963.03,81.07,116.97,0.5632,person
61,1038,41.520,272.76,698.43,90.45,231.67,0.5802,person
60,1038,41.520,1011.27,361.72,67.75,204.13,0.5296,person
64,1039,41.560,1072.55,700.86,93.73,246.65,0.6516,person
63,1039,41.560,1052.42,962.81,81.76,117.19,0.5814,person
61,1039,41.560,274.23,696.68,89.39,229.67,0.5383,person
68,1039,41.560,957.41,679.75,98.12,313.78,0.5882,person
64,1040,41.600,1072.81,704.75,93.56,245.85,0.6602,person
63,1040,41.600,1053.87,962.88,81.64,117.12,0.5323,person
61,1040,41.600,276.31,695.22,88.48,228.68,0.5016,person
68,1040,41.600,957.30,681.11,99.61,321.91,0.5760,person
64,1041,41.640,1073.38,708.16,93.43,245.54,0.6828,person
63,1041,41.640,1053.90,963.24,81.71,116.76,0.5277,person
68,1041,41.640,957.85,682.52,99.50,324.03,0.6149,person
64,1042,41.680,1073.48,710.59,93.84,246.93,0.6852,person
68,1042,41.680,965.92,726.06,88.19,283.28,0.5970,person
64,1043,41.720,1073.29,713.47,95.75,253.14,0.7027,person
68,1043,41.720,971.05,745.69,83.55,265.53,0.6086,person
60,1043,41.720,1013.01,368.69,65.67,196.76,0.5376,person
64,1044,41.760,1073.18,716.09,96.81,257.49,0.7036,person
68,1044,41.760,971.87,753.34,83.08,261.93,0.5902,person
60,1044,41.760,1013.98,369.41,65.95,196.38,0.5503,person
64,1045,41.800,1073.74,717.93,96.26,257.32,0.6755,person
68,1045,41.800,972.22,757.09,83.63,261.45,0.5918,person
60,1045,41.800,1013.81,371.18,66.49,196.84,0.5400,person
64,1046,41.840,1075.84,719.35,93.91,251.55,0.6335,person
68,1046,41.840,973.85,761.68,83.56,259.74,0.5528,person
60,1046,41.840,1014.13,372.58,66.91,197.56,0.5317,person
64,1047,41.880,1077.28,720.07,91.84,245.85,0.6506,person
68,1047,41.880,978.64,764.83,81.24,252.05,0.5177,person
60,1047,41.880,1014.32,373.90,67.38,198.69,0.5504,person
61,1047,41.880,284.39,685.49,88.90,229.89,0.5549,person
64,1048,41.920,1077.52,720.64,91.59,245.12,0.6680,person
60,1048,41.920,1014.83,374.68,68.14,200.42,0.5607,person
61,1048,41.920,286.07,684.03,86.83,224.16,0.5404,person
64,1049,41.960,1077.62,721.44,91.32,244.69,0.6601,person
60,1049,41.960,1015.23,375.66,68.50,200.53,0.5663,person
61,1049,41.960,288.21,682.34,83.89,215.50,0.5388,person
64,1050,42.000,1077.83,722.18,91.37,245.12,0.6824,person
60,1050,42.000,1015.68,376.49,68.60,200.68,0.5508,person
61,1050,42.000,288.11,680.17,84.48,216.63,0.5341,person
64,1051,42.040,1078.58,723.01,91.07,244.53,0.6767,person
60,1051,42.040,1015.97,377.50,69.60,202.98,0.5969,person
61,1051,42.040,289.72,678.31,84.57,215.91,0.5742,person
68,1051,42.040,977.91,764.20,84.98,259.32,0.5077,person
64,1052,42.080,1078.39,724.25,91.40,246.12,0.6962,person
60,1052,42.080,1016.53,379.64,69.60,201.99,0.5411,person
61,1052,42.080,291.17,675.01,85.87,218.61,0.6213,person
66,1052,42.080,207.00,686.12,74.83,217.75,0.5070,person
64,1053,42.120,1078.28,726.00,91.95,248.32,0.7093,person
61,1053,42.120,291.85,672.28,87.14,220.84,0.6262,person
68,1053,42.120,968.02,712.95,101.47,308.36,0.6546,person
64,1054,42.160,1076.66,728.66,94.61,256.87,0.7190,person
61,1054,42.160,292.56,670.25,87.94,222.13,0.6171,person
68,1054,42.160,967.01,704.12,105.81,319.94,0.5943,person
64,1055,42.200,1075.60,731.27,96.51,264.09,0.6873,person
61,1055,42.200,293.71,669.08,88.25,222.62,0.5835,person
64,1056,42.240,1075.12,734.07,97.96,270.68,0.6990,person
61,1056,42.240,295.11,666.72,89.56,224.55,0.6296,person
64,1057,42.280,1075.54,737.50,98.58,274.53,0.6826,person
61,1057,42.280,296.39,664.74,90.79,225.88,0.5873,person
64,1058,42.320,1076.13,740.09,97.78,274.09,0.6978,person
61,1058,42.320,297.31,663.30,91.66,227.25,0.6160,person
64,1059,42.360,1075.92,742.55,97.61,275.44,0.6991,person
61,1059,42.360,299.50,662.70,91.26,226.57,0.6025,person
69,1059,42.360,1643.93,875.35,93.82,204.65,0.6707,person
70,1059,42.360,1459.32,951.15,94.87,128.85,0.5701,person
64,1060,42.400,1076.34,744.33,95.91,271.85,0.6595,person
61,1060,42.400,302.00,661.82,91.06,226.85,0.6424,person
69,1060,42.400,1642.16,872.84,94.83,207.16,0.7146,person
70,1060,42.400,1461.33,953.81,92.98,126.19,0.5505,person
64,1061,42.440,1075.97,746.66,95.26,271.23,0.6367,person
61,1061,42.440,304.06,659.85,91.57,228.50,0.6458,person
69,1061,42.440,1639.70,868.56,96.53,211.44,0.7082,person
70,1061,42.440,1463.12,956.13,91.39,123.87,0.5446,person
60,1061,42.440,1026.98,388.58,68.07,194.43,0.5274,person
64,1062,42.480,1075.40,747.33,95.62,273.39,0.6312,person
61,1062,42.480,306.63,658.19,91.11,228.60,0.6225,person
69,1062,42.480,1636.99,864.68,97.97,215.32,0.6884,person
70,1062,42.480,1464.42,959.23,89.32,120.77,0.5418,person
60,1062,42.480,1027.23,388.95,68.97,194.68,0.5466,person
68,1062,42.480,981.83,778.50,97.53,283.35,0.5061,person
64,1063,42.520,1074.93,749.04,95.40,273.89,0.6475,person
61,1063,42.520,309.60,655.18,90.31,227.96,0.5655,person
69,1063,42.520,1634.85,861.06,99.04,218.94,0.6780,person
70,1063,42.520,1466.53,965.50,85.23,114.50,0.5306,person
60,1063,42.520,1027.52,389.14,70.40,196.82,0.5454,person
71,1063,42.520,1237.85,494.09,70.91,220.70,0.6430,person
68,1063,42.520,980.18,786.56,97.53,278.40,0.5162,person
64,1064,42.560,1073.80,750.26,95.94,276.60,0.6543,person
61,1064,42.560,311.36,653.90,89.77,228.36,0.5735,person
69,1064,42.560,1633.16,859.64,98.97,220.36,0.6864,person
60,1064,42.560,1027.68,388.06,72.49,200.41,0.5358,person
71,1064,42.560,1237.33,493.89,71.02,221.10,0.6015,person
64,1065,42.600,1073.00,752.15,96.59,279.74,0.6439,person
61,1065,42.600,313.92,651.89,88.87,226.83,0.5198,person
69,1065,42.600,1632.60,859.56,98.38,220.44,0.7084,person
60,1065,42.600,1027.39,387.81,74.64,204.51,0.5427,person
71,1065,42.600,1236.84,493.69,70.79,220.32,0.5869,person
72,1065,42.600,1674.82,389.71,65.52,203.95,0.5958,person
64,1066,42.640,1072.04,753.45,97.66,284.84,0.6228,person
69,1066,42.640,1631.93,859.87,97.59,220.13,0.7066,person
60,1066,42.640,1026.76,386.93,77.04,210.11,0.5307,person
71,1066,42.640,1235.29,492.13,71.19,221.51,0.5502,person
72,1066,42.640,1675.12,390.37,66.20,206.03,0.5627,person
64,1067,42.680,1071.90,754.67,97.51,285.81,0.6261,person
69,1067,42.680,1630.46,859.83,97.20,220.17,0.6949,person
60,1067,42.680,1026.18,387.16,78.11,212.05,0.5213,person
72,1067,42.680,1675.71,391.21,67.10,208.82,0.6002,person
64,1068,42.720,1070.79,755.53,97.92,288.58,0.6401,person
69,1068,42.720,1628.51,859.79,96.91,220.21,0.7154,person
60,1068,42.720,1026.25,387.95,78.48,212.01,0.5325,person
72,1068,42.720,1676.88,391.81,67.47,210.02,0.6102,person
61,1068,42.720,322.33,644.12,86.67,221.62,0.5247,person
64,1069,42.760,1071.19,756.28,96.62,285.43,0.6351,person
69,1069,42.760,1627.26,859.26,96.59,220.74,0.6920,person
60,1069,42.760,1026.13,388.56,79.41,213.28,0.5516,person
72,1069,42.760,1678.49,392.16,67.79,210.99,0.5893,person
61,1069,42.760,324.60,641.26,86.78,222.59,0.5925,person
64,1070,42.800,1070.90,757.52,97.32,289.15,0.6494,person
69,1070,42.800,1625.46,856.95,96.89,223.05,0.6724,person
60,1070,42.800,1026.85,389.72,80.22,214.60,0.5771,person
72,1070,42.800,1679.17,392.77,67.64,210.66,0.5478,person
61,1070,42.800,326.71,638.35,87.06,224.77,0.5968,person
66,1070,42.800,236.91,650.88,80.07,225.36,0.5065,person
64,1071,42.840,1071.08,759.37,96.22,287.01,0.6545,person
69,1071,42.840,1622.31,853.86,97.46,226.14,0.6632,person
60,1071,42.840,1027.90,391.93,80.47,214.76,0.5985,person
72,1071,42.840,1680.70,393.54,66.92,208.49,0.5319,person
61,1071,42.840,327.73,634.41,87.60,228.20,0.6164,person
66,1071,42.840,238.59,650.47,81.75,224.61,0.5053,person
64,1072,42.880,1070.79,760.42,96.22,288.00,0.6641,person
69,1072,42.880,1619.71,850.55,97.98,229.45,0.6636,person
60,1072,42.880,1029.10,391.75,80.98,216.24,0.6063,person
72,1072,42.880,1682.40,393.63,66.81,207.66,0.5198,person
61,1072,42.880,329.09,631.47,87.79,230.73,0.6070,person
70,1072,42.880,1478.18,984.49,72.67,95.51,0.5304,person
64,1073,42.920,1070.31,762.37,96.61,290.78,0.6743,person
69,1073,42.920,1617.73,846.77,98.40,233.23,0.6334,person
60,1073,42.920,1031.01,394.68,79.84,213.35,0.5954,person
72,1073,42.920,1684.54,393.99,66.81,207.32,0.5558,person
61,1073,42.920,331.46,630.73,87.06,230.41,0.5630,person
70,1073,42.920,1479.00,986.48,72.47,93.52,0.5362,person
66,1073,42.920,241.08,648.32,81.59,223.95,0.5084,person
64,1074,42.960,1071.13,765.15,95.73,288.82,0.6719,person
69,1074,42.960,1615.02,842.42,99.01,237.58,0.5871,person
60,1074,42.960,1031.39,395.89,79.45,212.07,0.5971,person
72,1074,42.960,1686.01,394.93,66.99,208.21,0.5288,person
61,1074,42.960,333.04,631.41,86.03,228.60,0.5335,person
70,1074,42.960,1479.33,987.89,72.75,92.11,0.5063,person
71,1074,42.960,1215.54,481.96,65.36,203.12,0.5601,person
64,1075,43.000,1071.79,768.06,95.27,288.13,0.6598,person
69,1075,43.000,1613.06,838.08,99.42,241.92,0.5844,person
60,1075,43.000,1031.60,397.38,78.95,210.31,0.5854,person
72,1075,43.000,1687.57,395.15,66.90,207.22,0.5160,person
61,1075,43.000,335.05,631.21,85.63,228.49,0.5576,person
70,1075,43.000,1479.03,988.94,73.25,91.06,0.5492,person
71,1075,43.000,1213.04,479.07,65.56,203.08,0.5031,person
64,1076,43.040,1072.94,771.03,93.74,283.63,0.6557,person
69,1076,43.040,1612.23,835.85,98.95,244.15,0.6443,person
60,1076,43.040,1031.66,398.26,78.80,209.53,0.6038,person
61,1076,43.040,337.16,630.78,84.88,226.92,0.6046,person
70,1076,43.040,1478.80,990.23,73.55,89.77,0.5046,person
68,1076,43.040,993.06,813.98,93.61,262.93,0.5279,person
64,1077,43.080,1073.48,772.83,91.32,276.27,0.6536,person
69,1077,43.080,1611.15,832.42,98.91,247.58,0.6955,person
60,1077,43.080,1031.98,398.30,78.78,209.48,0.5921,person
61,1077,43.080,339.64,630.56,83.54,223.83,0.5896,person
72,1077,43.080,1689.41,397.17,67.10,207.05,0.5060,person
64,1078,43.120,1074.15,774.45,89.43,268.95,0.6719,person
69,1078,43.120,1609.77,829.71,98.61,250.29,0.6884,person
60,1078,43.120,1031.96,399.14,78.35,208.26,0.5788,person
61,1078,43.120,341.63,629.71,82.51,222.34,0.5557,person
73,1078,43.120,951.63,393.81,77.33,207.28,0.5872,person
64,1079,43.160,1074.59,776.53,88.66,264.67,0.6862,person
69,1079,43.160,1609.04,826.85,98.26,253.15,0.6753,person
60,1079,43.160,1032.26,400.40,77.54,206.37,0.5964,person
73,1079,43.160,952.54,396.02,76.83,205.85,0.5628,person
68,1079,43.160,996.66,821.03,92.41,258.20,0.5428,person
72,1079,43.160,1690.07,400.48,67.20,207.35,0.5377,person
64,1080,43.200,1075.37,778.90,88.01,260.85,0.6533,person
69,1080,43.200,1608.25,824.61,98.02,255.39,0.6461,person
60,1080,43.200,1032.22,401.17,76.87,205.02,0.6101,person
73,1080,43.200,953.06,398.25,76.86,205.87,0.5629,person
72,1080,43.200,1690.74,403.07,66.71,206.49,0.5632,person
64,1081,43.240,1077.00,781.06,87.40,256.17,0.6764,person
69,1081,43.240,1607.01,823.07,97.72,256.93,0.6553,person
60,1081,43.240,1031.69,401.63,77.02,206.20,0.6117,person
73,1081,43.240,951.56,399.71,77.80,209.20,0.5473,person
72,1081,43.240,1691.27,404.84,66.36,205.60,0.5245,person
66,1081,43.240,259.31,632.33,75.57,211.17,0.5006,person
61,1081,43.240,346.00,626.25,79.70,214.66,0.5035,person
64,1082,43.280,1076.96,782.77,87.11,253.02,0.6904,person
69,1082,43.280,1606.63,822.06,97.47,257.94,0.6679,person
60,1082,43.280,1031.21,403.39,76.92,206.55,0.6135,person
73,1082,43.280,950.25,401.46,78.22,211.56,0.5589,person
72,1082,43.280,1690.77,406.35,66.88,207.95,0.5471,person
74,1082,43.280,884.71,835.28,91.91,239.91,0.6073,person
66,1082,43.280,262.41,630.23,74.79,213.50,0.5259,person
61,1082,43.280,347.73,622.24,79.66,213.54,0.5455,person
64,1083,43.320,1077.30,784.36,87.58,252.22,0.7002,person
69,1083,43.320,1606.80,821.47,97.11,258.53,0.6834,person
60,1083,43.320,1032.32,404.51,76.98,207.39,0.6244,person
73,1083,43.320,950.70,402.26,77.85,211.80,0.5401,person
72,1083,43.320,1690.86,407.53,67.35,210.06,0.5566,person
74,1083,43.320,886.01,836.91,91.14,237.66,0.5956,person
66,1083,43.320,262.84,627.80,75.20,216.54,0.5263,person
61,1083,43.320,348.84,617.71,80.66,215.58,0.6341,person
68,1083,43.320,976.15,757.55,112.47,321.62,0.5344,person
64,1084,43.360,1078.84,785.91,87.75,249.07,0.6805,person
69,1084,43.360,1605.85,820.57,96.73,259.43,0.7117,person
60,1084,43.360,1032.38,404.50,77.41,209.84,0.6108,person
73,1084,43.360,951.60,405.21,76.70,210.57,0.5209,person
72,1084,43.360,1690.89,409.74,67.15,209.83,0.5256,person
74,1084,43.360,886.09,839.57,89.04,232.00,0.5292,person
66,1084,43.360,262.87,626.32,75.64,218.49,0.5139,person
61,1084,43.360,348.98,614.52,81.62,217.72,0.5305,person
68,1084,43.360,976.00,753.06,112.15,324.95,0.6446,person
64,1085,43.400,1079.16,786.62,88.27,247.65,0.6879,person
69,1085,43.400,1604.41,819.48,96.55,260.52,0.6915,person
60,1085,43.400,1032.15,403.97,78.05,213.37,0.5752,person
73,1085,43.400,952.77,408.10,75.47,208.29,0.5192,person
72,1085,43.400,1690.50,410.61,68.46,213.81,0.5142,person
68,1085,43.400,976.59,753.55,109.97,322.35,0.6934,person
64,1086,43.440,1079.62,787.45,88.64,246.19,0.6862,person
69,1086,43.440,1603.66,817.63,96.37,262.37,0.6923,person
60,1086,43.440,1032.30,406.11,76.91,211.27,0.5916,person
73,1086,43.440,953.46,408.97,75.31,209.09,0.5312,person
72,1086,43.440,1690.47,411.45,69.25,216.09,0.5476,person
68,1086,43.440,977.73,756.00,107.93,318.85,0.6876,person
71,1086,43.440,1189.26,455.50,65.30,200.24,0.5036,person
61,1086,43.440,351.61,610.95,83.86,222.95,0.5056,person
64,1087,43.480,1079.62,788.52,89.28,245.82,0.6649,person
69,1087,43.480,1602.78,815.86,96.30,264.14,0.6859,person
60,1087,43.480,1033.54,411.26,74.77,206.02,0.5968,person
73,1087,43.480,953.87,409.85,74.28,207.51,0.5484,person
72,1087,43.480,1690.49,413.13,68.80,214.31,0.5849,person
68,1087,43.480,979.37,758.76,106.78,318.76,0.5821,person
71,1087,43.480,1187.04,454.36,64.60,197.91,0.5165,person
61,1087,43.480,353.70,609.22,85.13,225.33,0.5592,person
66,1087,43.480,263.56,620.69,76.58,221.40,0.5292,person
64,1088,43.520,1080.18,789.75,88.93,242.67,0.6835,person
69,1088,43.520,1601.96,812.94,96.81,267.06,0.6596,person
60,1088,43.520,1033.55,414.01,74.61,206.42,0.5873,person
73,1088,43.520,954.62,409.92,73.71,207.04,0.5379,person
72,1088,43.520,1690.59,414.28,68.19,212.19,0.5694,person
68,1088,43.520,981.17,761.56,105.23,316.91,0.5262,person
71,1088,43.520,1183.66,451.60,65.37,200.04,0.5391,person
61,1088,43.520,356.75,608.62,85.42,225.56,0.6302,person
66,1088,43.520,264.22,617.31,77.19,224.11,0.5462,person
64,1089,43.560,1080.61,791.98,89.18,241.50,0.6481,person
69,1089,43.560,1601.80,809.59,96.97,270.41,0.6762,person
60,1089,43.560,1033.73,416.04,74.40,206.65,0.5797,person
73,1089,43.560,955.24,409.35,74.01,209.15,0.5536,person
72,1089,43.560,1690.67,414.84,67.60,210.03,0.6084,person
68,1089,43.560,983.52,764.28,103.74,314.03,0.5353,person
71,1089,43.560,1179.92,445.27,67.07,205.95,0.6315,person
61,1089,43.560,359.01,608.61,85.04,224.07,0.6271,person
66,1089,43.560,263.91,611.59,78.45,228.57,0.5580,person
64,1090,43.600,1080.81,794.85,90.47,243.53,0.6034,person
69,1090,43.600,1602.59,806.40,97.03,273.60,0.7048,person
60,1090,43.600,1032.77,417.34,73.72,206.10,0.6150,person
73,1090,43.600,956.52,409.56,74.66,212.08,0.5579,person
72,1090,43.600,1690.41,415.04,67.52,210.00,0.6010,person
68,1090,43.600,986.65,765.99,103.39,313.40,0.5361,person
71,1090,43.600,1177.93,446.44,66.42,203.80,0.6052,person
61,1090,43.600,360.48,607.40,85.13,223.62,0.5585,person
66,1090,43.600,266.30,607.02,78.31,229.90,0.5214,person
64,1091,43.640,1080.75,796.74,92.01,247.33,0.5858,person
69,1091,43.640,1602.97,802.46,97.31,277.54,0.7012,person
60,1091,43.640,1032.36,417.71,73.41,206.94,0.6345,person
73,1091,43.640,957.29,409.05,75.03,213.89,0.5851,person
72,1091,43.640,1690.49,415.93,66.59,207.73,0.6144,person
68,1091,43.640,989.36,766.83,102.54,311.44,0.5133,person
71,1091,43.640,1175.73,445.68,66.84,204.16,0.5409,person
61,1091,43.640,362.29,605.83,85.00,222.57,0.5816,person
66,1091,43.640,271.23,607.56,75.50,224.33,0.5428,person
64,1092,43.680,1081.36,799.21,91.51,245.44,0.5899,person
69,1092,43.680,1602.79,797.82,97.86,282.18,0.6694,person
60,1092,43.680,1032.49,418.19,73.07,208.07,0.6066,person
73,1092,43.680,957.77,409.70,74.21,212.77,0.6075,person
72,1092,43.680,1689.88,416.63,65.97,206.80,0.5769,person
68,1092,43.680,990.73,768.65,101.55,309.10,0.5134,person
61,1092,43.680,364.45,604.33,83.89,219.57,0.5488,person
66,1092,43.680,276.26,609.81,72.36,217.60,0.5344,person
75,1092,43.680,806.09,891.21,85.29,188.79,0.5269,person
64,1093,43.720,1081.11,802.20,91.36,244.47,0.6158,person
69,1093,43.720,1602.43,792.97,97.88,284.64,0.6891,person
60,1093,43.720,1033.07,418.76,72.39,207.86,0.6080,person
73,1093,43.720,958.30,410.49,73.58,212.23,0.5924,person
72,1093,43.720,1689.62,415.97,66.10,207.77,0.5206,person
66,1093,43.720,279.22,608.02,70.44,212.72,0.5709,person
64,1094,43.760,1082.23,805.25,91.14,243.02,0.6507,person
69,1094,43.760,1601.71,789.62,97.79,286.52,0.6999,person
60,1094,43.760,1033.65,419.74,71.66,206.98,0.5755,person
73,1094,43.760,958.44,411.67,73.31,212.00,0.5920,person
72,1094,43.760,1689.66,415.84,66.96,211.20,0.5050,person
66,1094,43.760,280.10,604.89,69.82,211.82,0.5795,person
68,1094,43.760,993.13,771.29,100.15,305.21,0.6105,person
64,1095,43.800,1083.73,808.65,89.90,238.17,0.6247,person
69,1095,43.800,1600.57,787.31,97.51,287.24,0.6929,person
60,1095,43.800,1034.77,419.58,71.46,208.24,0.6159,person
73,1095,43.800,958.54,411.20,73.23,213.43,0.6250,person
72,1095,43.800,1690.65,416.39,66.49,209.78,0.5337,person
66,1095,43.800,280.58,602.06,69.74,212.86,0.5932,person
68,1095,43.800,994.43,772.87,99.71,303.59,0.6180,person
64,1096,43.840,1084.35,811.28,89.87,236.84,0.6245,person
69,1096,43.840,1599.53,784.86,97.96,290.32,0.7056,person
60,1096,43.840,1035.16,419.94,71.04,207.92,0.5530,person
73,1096,43.840,959.23,411.53,73.35,215.85,0.6429,person
72,1096,43.840,1691.61,417.56,65.70,207.61,0.5548,person
66,1096,43.840,280.98,600.30,69.63,213.25,0.5590,person
68,1096,43.840,995.04,773.92,99.85,303.36,0.6235,person
71,1096,43.840,1162.53,439.96,66.66,204.97,0.5026,person
75,1096,43.840,803.32,880.42,89.63,199.58,0.5161,person
64,1097,43.880,1085.16,813.57,89.03,232.82,0.5969,person
69,1097,43.880,1598.07,782.67,98.28,292.23,0.6536,person
60,1097,43.880,1035.49,420.84,71.15,209.30,0.5659,person
73,1097,43.880,960.68,412.32,73.31,218.22,0.6136,person
64,1098,43.920,1086.18,813.57,87.39,225.82,0.6043,person
69,1098,43.920,1595.15,781.56,99.46,295.46,0.6602,person
60,1098,43.920,1035.11,421.96,70.89,209.52,0.5879,person
73,1098,43.920,962.06,413.02,72.67,218.98,0.6342,person
74,1098,43.920,902.88,864.11,64.79,155.58,0.5297,person
68,1098,43.920,1006.04,845.31,80.42,234.01,0.5205,person
75,1098,43.920,800.86,878.10,89.97,201.70,0.5855,person
64,1099,43.960,1085.01,817.10,88.34,226.68,0.6202,person
69,1099,43.960,1591.83,781.25,100.49,297.68,0.7060,person
60,1099,43.960,1035.78,422.86,71.20,211.47,0.6094,person
73,1099,43.960,962.54,413.88,72.23,220.22,0.6276,person
74,1099,43.960,900.86,865.46,69.50,158.04,0.5037,person
68,1099,43.960,1005.34,863.21,76.85,216.68,0.5142,person
75,1099,43.960,799.94,877.95,89.49,201.69,0.6255,person
64,1100,44.000,1085.48,819.21,90.68,230.78,0.6153,person
69,1100,44.000,1589.05,780.61,101.13,299.06,0.7041,person
60,1100,44.000,1037.18,423.88,71.10,212.19,0.6047,person
73,1100,44.000,962.86,415.85,71.94,221.47,0.6277,person
68,1100,44.000,993.56,809.10,95.46,270.42,0.6497,person
75,1100,44.000,800.15,877.51,89.34,202.09,0.6709,person
61,1100,44.000,375.72,586.38,84.56,220.73,0.5031,person
64,1101,44.040,1085.21,819.96,92.69,233.43,0.6342,person
69,1101,44.040,1587.34,780.65,100.56,297.50,0.7199,person
60,1101,44.040,1038.22,424.70,71.31,213.02,0.6307,person
73,1101,44.040,963.28,418.33,70.52,219.25,0.6386,person
68,1101,44.040,989.50,794.77,100.23,284.96,0.6984,person
75,1101,44.040,800.09,876.88,89.29,202.75,0.6762,person
64,1102,44.080,1085.31,820.57,93.83,233.51,0.6458,person
69,1102,44.080,1585.89,780.30,100.52,298.30,0.7303,person
60,1102,44.080,1038.59,425.56,71.35,213.36,0.6445,person
73,1102,44.080,963.78,421.23,69.09,216.52,0.6377,person
68,1102,44.080,988.26,790.74,101.18,288.38,0.6912,person
75,1102,44.080,800.42,876.91,88.84,202.76,0.7136,person
64,1103,44.120,1085.47,821.88,94.41,231.86,0.6719,person
69,1103,44.120,1585.05,779.22,100.74,300.20,0.7395,person
60,1103,44.120,1039.72,427.66,71.15,212.62,0.7034,person
73,1103,44.120,964.10,423.83,68.17,214.84,0.6564,person
68,1103,44.120,988.58,790.52,100.93,287.94,0.6645,person
75,1103,44.120,800.67,876.44,88.71,203.26,0.6757,person
64,1104,44.160,1085.42,824.75,94.58,228.96,0.6812,person
69,1104,44.160,1583.64,776.48,100.78,301.63,0.7739,person
60,1104,44.160,1039.89,430.09,71.03,211.42,0.7015,person
73,1104,44.160,964.87,425.27,67.76,214.64,0.6595,person
68,1104,44.160,989.30,792.04,100.20,286.23,0.6230,person
75,1104,44.160,800.77,875.57,88.63,204.17,0.6811,person
72,1104,44.160,1699.08,430.90,67.61,212.12,0.5198,person
64,1105,44.200,1085.40,827.86,94.43,225.38,0.6925,person
69,1105,44.200,1582.70,774.08,99.82,300.35,0.7673,person
60,1105,44.200,1040.84,431.24,71.74,212.74,0.7072,person
73,1105,44.200,965.64,426.07,67.39,214.38,0.6617,person
68,1105,44.200,990.74,795.10,99.06,284.06,0.6945,person
75,1105,44.200,800.25,874.90,88.54,204.87,0.6437,person
72,1105,44.200,1701.62,432.40,68.20,211.18,0.5160,person
64,1106,44.240,1085.20,829.70,95.29,224.41,0.6822,person
69,1106,44.240,1580.38,771.58,99.28,300.67,0.7720,person
60,1106,44.240,1041.28,433.14,72.07,212.31,0.6995,person
73,1106,44.240,966.13,426.94,67.44,214.90,0.6131,person
68,1106,44.240,991.51,796.90,97.88,281.67,0.7142,person
75,1106,44.240,798.67,872.01,88.76,207.79,0.6258,person
72,1106,44.240,1703.54,434.74,68.34,208.58,0.5150,person
64,1107,44.280,1084.30,830.91,96.50,224.71,0.7111,person
69,1107,44.280,1577.95,768.64,99.15,302.35,0.7639,person
60,1107,44.280,1041.87,434.31,72.25,212.21,0.6879,person
73,1107,44.280,967.18,427.69,67.48,214.18,0.5906,person
68,1107,44.280,992.32,798.63,97.04,280.05,0.6715,person
75,1107,44.280,797.24,868.77,89.16,211.05,0.5796,person
72,1107,44.280,1705.42,436.09,67.92,206.69,0.5262,person
64,1108,44.320,1084.13,832.30,97.18,223.79,0.7183,person
69,1108,44.320,1575.38,766.01,99.58,306.02,0.7771,person
60,1108,44.320,1043.19,436.78,72.11,211.04,0.6282,person
73,1108,44.320,966.35,428.65,69.02,218.51,0.5155,person
68,1108,44.320,992.49,800.28,95.91,277.60,0.7186,person
75,1108,44.320,795.93,867.88,88.46,211.96,0.5581,person
64,1109,44.360,1082.71,833.09,100.38,229.68,0.6977,person
69,1109,44.360,1577.69,763.73,94.79,291.62,0.7593,person
60,1109,44.360,1044.55,436.08,71.90,210.19,0.6336,person
73,1109,44.360,966.51,428.64,68.47,215.65,0.5201,person
68,1109,44.360,992.90,802.13,95.16,275.44,0.6638,person
75,1109,44.360,794.64,865.13,88.54,214.73,0.5368,person
74,1109,44.360,897.72,879.51,87.64,197.03,0.5672,person
72,1109,44.360,1709.15,436.36,68.52,207.43,0.5510,person
64,1110,44.400,1080.85,833.84,104.02,237.55,0.6704,person
69,1110,44.400,1579.15,759.61,90.88,277.98,0.7650,person
60,1110,44.400,1045.80,437.65,71.99,209.65,0.6364,person
73,1110,44.400,966.98,428.12,68.78,215.25,0.5228,person
68,1110,44.400,992.84,802.55,94.72,273.51,0.5334,person
75,1110,44.400,792.78,860.20,89.60,219.67,0.5228,person
74,1110,44.400,897.40,880.47,89.21,197.83,0.5667,person
72,1110,44.400,1710.80,437.95,68.64,206.54,0.6014,person
66,1110,44.400,298.84,581.10,68.29,210.57,0.5766,person
64,1111,44.440,1081.58,835.80,104.23,236.99,0.6243,person
69,1111,44.440,1578.99,756.29,89.41,272.17,0.7493,person
60,1111,44.440,1046.56,438.29,72.75,210.41,0.6464,person
68,1111,44.440,992.88,805.21,94.34,270.69,0.5665,person
74,1111,44.440,897.63,882.53,89.68,196.52,0.5794,person
72,1111,44.440,1711.61,438.83,69.17,207.19,0.6441,person
66,1111,44.440,299.38,578.88,68.28,211.59,0.5557,person
64,1112,44.480,1082.17,837.23,103.81,234.71,0.5685,person
69,1112,44.480,1578.36,753.58,89.50,271.00,0.7283,person
60,1112,44.480,1046.45,437.45,73.35,211.40,0.5973,person
74,1112,44.480,897.36,884.73,89.34,194.10,0.5498,person
72,1112,44.480,1713.17,439.37,69.62,207.64,0.6287,person
73,1112,44.480,968.42,429.67,68.52,212.69,0.5006,person
64,1113,44.520,1084.31,839.67,98.23,219.54,0.6180,person
69,1113,44.520,1578.67,751.77,90.90,275.18,0.6804,person
60,1113,44.520,1046.95,438.47,72.92,209.67,0.6187,person
74,1113,44.520,896.98,886.06,89.20,192.58,0.5379,person
72,1113,44.520,1714.06,439.74,69.93,207.69,0.6113,person
64,1114,44.560,1086.26,842.19,94.75,209.53,0.6182,person
69,1114,44.560,1578.77,750.36,92.16,279.22,0.6773,person
60,1114,44.560,1047.69,439.77,72.67,208.68,0.6133,person
72,1114,44.560,1714.85,439.48,70.37,208.71,0.6247,person
73,1114,44.560,969.44,431.11,68.27,210.80,0.5245,person
64,1115,44.600,1087.37,844.95,93.26,204.15,0.6087,person
69,1115,44.600,1578.34,749.08,93.20,282.64,0.6688,person
60,1115,44.600,1047.99,440.62,72.71,208.21,0.6365,person
72,1115,44.600,1715.59,439.84,70.55,209.65,0.6552,person
73,1115,44.600,970.70,432.83,69.37,212.47,0.5501,person
64,1116,44.640,1088.17,847.69,91.28,197.19,0.6310,person
69,1116,44.640,1578.40,747.82,94.10,286.44,0.7085,person
60,1116,44.640,1048.92,442.99,72.22,205.61,0.6416,person
72,1116,44.640,1715.95,437.81,71.68,214.16,0.6060,person
73,1116,44.640,969.80,433.37,70.37,216.34,0.5524,person
68,1116,44.640,1001.50,897.42,67.41,180.19,0.5743,person
64,1117,44.680,1086.80,849.80,94.18,202.12,0.6668,person
69,1117,44.680,1578.57,746.38,93.19,284.15,0.6813,person
60,1117,44.680,1049.39,444.98,71.99,204.14,0.6435,person
72,1117,44.680,1716.90,437.94,72.02,216.80,0.6311,person
73,1117,44.680,970.81,435.02,70.71,215.93,0.5599,person
64,1118,44.720,1086.33,852.00,94.33,201.07,0.6721,person
69,1118,44.720,1578.27,744.37,93.26,284.46,0.6801,person
60,1118,44.720,1049.53,445.91,73.30,208.09,0.5671,person
72,1118,44.720,1717.93,440.57,72.33,219.30,0.6466,person
73,1118,44.720,970.64,436.62,71.25,216.10,0.5699,person
64,1119,44.760,1087.03,854.95,94.04,199.31,0.6588,person
69,1119,44.760,1577.71,742.23,94.60,289.29,0.6721,person
60,1119,44.760,1049.31,447.27,74.23,211.01,0.5760,person
72,1119,44.760,1718.99,441.56,72.42,220.96,0.6173,person
73,1119,44.760,970.69,438.36,72.07,217.60,0.5626,person
64,1120,44.800,1087.26,856.45,93.64,197.03,0.6372,person
69,1120,44.800,1577.38,739.73,94.57,289.40,0.6725,person
60,1120,44.800,1049.59,449.18,74.53,212.09,0.5995,person
72,1120,44.800,1719.52,444.08,71.97,221.44,0.6312,person
73,1120,44.800,971.32,440.75,71.66,215.40,0.5337,person
64,1121,44.840,1087.46,857.57,93.53,195.52,0.6776,person
69,1121,44.840,1577.77,737.09,93.64,286.36,0.6857,person
60,1121,44.840,1050.03,451.52,74.06,211.20,0.5718,person
72,1121,44.840,1719.88,446.19,71.66,223.01,0.6196,person
73,1121,44.840,972.06,442.91,71.24,213.04,0.5064,person
64,1122,44.880,1087.33,858.42,94.77,197.35,0.6480,person
69,1122,44.880,1575.03,734.41,98.68,304.21,0.6699,person
60,1122,44.880,1050.46,453.44,74.28,212.54,0.5434,person
72,1122,44.880,1720.27,449.83,70.62,222.07,0.6170,person
73,1122,44.880,972.06,444.69,72.17,214.86,0.5378,person
66,1122,44.880,304.22,562.54,66.93,208.37,0.5045,person
64,1123,44.920,1084.67,859.28,101.29,211.40,0.6347,person
69,1123,44.920,1577.26,732.82,94.39,289.70,0.7142,person
60,1123,44.920,1050.46,454.71,74.13,212.44,0.5034,person
72,1123,44.920,1720.32,450.98,70.09,222.43,0.5984,person
73,1123,44.920,971.98,446.04,72.81,215.73,0.5417,person
64,1124,44.960,1084.67,858.90,100.49,210.05,0.5991,person
69,1124,44.960,1579.27,731.06,91.18,278.16,0.6794,person
60,1124,44.960,1050.54,455.83,74.27,212.20,0.5113,person
72,1124,44.960,1720.89,452.79,68.82,220.02,0.6048,person
73,1124,44.960,972.04,447.65,73.02,215.72,0.5115,person
64,1125,45.000,1083.75,860.46,102.99,215.65,0.6241,person
69,1125,45.000,1580.52,728.97,89.75,272.79,0.7433,person
60,1125,45.000,1051.29,457.63,74.09,211.40,0.5266,person
72,1125,45.000,1722.09,454.36,66.68,214.62,0.6048,person
73,1125,45.000,972.91,448.79,73.03,214.86,0.5273,person
64,1126,45.040,1083.59,862.71,102.86,215.74,0.6040,person
69,1126,45.040,1581.30,726.75,89.02,269.27,0.7753,person
60,1126,45.040,1052.28,459.29,73.64,209.63,0.5381,person
72,1126,45.040,1723.34,455.44,66.40,215.06,0.6196,person
73,1126,45.040,973.59,450.09,73.08,213.87,0.5467,person
64,1127,45.080,1084.07,865.36,101.92,214.10,0.6030,person
69,1127,45.080,1582.67,724.87,87.94,264.08,0.7562,person
60,1127,45.080,1053.36,460.25,73.27,208.25,0.5532,person
72,1127,45.080,1724.18,456.41,65.94,214.81,0.6183,person
73,1127,45.080,973.84,451.32,73.22,213.42,0.5492,person
64,1128,45.120,1084.03,866.55,101.48,213.45,0.6467,person
69,1128,45.120,1582.90,723.47,87.84,262.27,0.7718,person
60,1128,45.120,1054.23,461.55,72.88,206.95,0.5892,person
72,1128,45.120,1724.35,457.54,65.81,215.48,0.6239,person
73,1128,45.120,974.10,452.41,73.45,212.55,0.5815,person
64,1129,45.160,1084.55,868.37,100.11,211.24,0.6052,person
69,1129,45.160,1583.69,722.68,87.84,261.12,0.7245,person
60,1129,45.160,1055.21,463.18,72.41,205.01,0.5718,person
72,1129,45.160,1724.74,458.97,65.14,214.43,0.5592,person
73,1129,45.160,975.13,452.93,73.66,212.32,0.5578,person
64,1130,45.200,1085.15,871.82,98.14,207.31,0.5853,person
69,1130,45.200,1585.00,722.09,87.60,258.70,0.6522,person
60,1130,45.200,1055.90,464.43,72.10,204.13,0.5358,person
73,1130,45.200,975.22,453.39,74.98,217.03,0.5259,person
64,1131,45.240,1084.59,876.89,95.66,202.10,0.6349,person
69,1131,45.240,1586.09,720.90,88.16,259.28,0.6222,person
60,1131,45.240,1056.75,466.05,71.83,202.38,0.5468,person
64,1132,45.280,1083.88,879.59,94.54,199.09,0.5776,person
69,1132,45.280,1586.07,719.56,88.84,260.43,0.6124,person
60,1132,45.280,1057.52,467.53,71.64,200.92,0.5279,person
73,1132,45.280,976.44,453.78,74.73,216.07,0.5033,person
64,1133,45.320,1082.31,880.91,94.76,197.91,0.5253,person
69,1133,45.320,1586.60,719.53,89.37,260.41,0.6212,person
60,1133,45.320,1058.05,469.46,71.76,199.79,0.5658,person
73,1133,45.320,976.30,454.11,75.28,217.44,0.5149,person
64,1134,45.360,1079.41,882.10,94.77,195.54,0.5525,person
69,1134,45.360,1587.88,718.18,89.96,262.09,0.5957,person
60,1134,45.360,1058.85,471.31,72.19,199.85,0.5672,person
73,1134,45.360,976.06,454.85,75.59,218.67,0.5111,person
72,1134,45.360,1727.99,460.61,65.27,214.55,0.5112,person
64,1135,45.400,1076.01,883.43,95.14,193.27,0.5258,person
69,1135,45.400,1588.96,718.60,90.01,261.96,0.5742,person
60,1135,45.400,1059.89,471.16,73.31,202.50,0.6188,person
73,1135,45.400,976.79,456.12,75.77,219.93,0.5446,person
72,1135,45.400,1728.77,461.02,65.40,214.20,0.5323,person
64,1136,45.440,1073.04,884.30,95.60,191.82,0.5261,person
69,1136,45.440,1588.51,717.54,90.40,262.55,0.5676,person
60,1136,45.440,1060.88,471.93,74.07,204.36,0.6113,person
73,1136,45.440,977.45,456.51,76.50,223.13,0.5475,person
64,1137,45.480,1067.97,884.60,96.91,191.35,0.5739,person
69,1137,45.480,1588.06,717.80,90.46,262.12,0.5853,person
60,1137,45.480,1061.54,472.88,74.75,206.19,0.6311,person
73,1137,45.480,977.42,457.38,77.37,227.03,0.5458,person
64,1138,45.520,1066.68,885.42,98.28,190.71,0.5623,person
69,1138,45.520,1589.16,717.80,90.48,261.21,0.5539,person
60,1138,45.520,1062.69,473.68,75.11,206.96,0.6183,person
73,1138,45.520,976.76,458.52,77.86,229.16,0.5495,person
64,1139,45.560,1065.76,885.34,100.66,191.83,0.6155,person
69,1139,45.560,1595.85,711.25,91.48,267.99,0.6270,person
60,1139,45.560,1064.14,476.64,74.76,205.76,0.5576,person
73,1139,45.560,977.31,459.40,77.41,228.27,0.5305,person
64,1140,45.600,1062.05,887.03,101.99,191.45,0.5826,person
69,1140,45.600,1598.03,704.88,91.92,273.79,0.6592,person
60,1140,45.600,1065.34,477.60,75.44,206.90,0.6126,person
73,1140,45.600,977.89,461.63,77.14,227.29,0.5454,person
64,1141,45.640,1059.70,890.61,101.69,188.89,0.5467,person
69,1141,45.640,1600.12,700.88,91.47,276.47,0.7013,person
60,1141,45.640,1065.00,481.24,75.81,206.90,0.5572,person
73,1141,45.640,978.91,463.36,76.77,226.28,0.5372,person
76,1141,45.640,483.40,700.74,99.60,232.76,0.6655,person
77,1141,45.640,250.93,639.70,79.92,231.82,0.6455,person
72,1141,45.640,1738.15,464.65,66.79,214.70,0.5563,person
64,1142,45.680,1056.37,892.13,101.63,187.87,0.5343,person
69,1142,45.680,1602.50,701.41,89.57,274.86,0.6888,person
60,1142,45.680,1065.75,481.62,76.71,208.59,0.6201,person
73,1142,45.680,980.41,464.79,76.08,222.91,0.5564,person
76,1142,45.680,483.63,701.01,99.47,232.79,0.6459,person
77,1142,45.680,251.09,641.47,79.32,229.93,0.6217,person
72,1142,45.680,1738.61,465.07,67.66,215.15,0.5694,person
64,1143,45.720,1053.62,893.94,100.89,186.06,0.5455,person
69,1143,45.720,1605.30,703.90,85.84,267.16,0.6341,person
60,1143,45.720,1067.57,481.20,77.55,210.03,0.6517,person
73,1143,45.720,980.31,465.87,77.37,225.43,0.5766,person
76,1143,45.720,483.17,702.66,99.04,232.51,0.6425,person
77,1143,45.720,250.21,641.72,79.32,229.60,0.6105,person
72,1143,45.720,1738.63,465.35,68.04,214.32,0.5043,person
64,1144,45.760,1052.27,895.58,99.27,183.24,0.5058,person
69,1144,45.760,1608.21,703.99,82.27,258.66,0.6177,person
60,1144,45.760,1069.67,484.65,77.39,208.29,0.6141,person
73,1144,45.760,980.65,467.13,78.11,225.04,0.5625,person
76,1144,45.760,483.08,703.64,98.17,231.46,0.6302,person
77,1144,45.760,249.78,641.89,79.65,230.05,0.6063,person
69,1145,45.800,1610.69,704.49,79.27,250.48,0.5952,person
60,1145,45.800,1071.40,486.39,77.52,207.68,0.5801,person
73,1145,45.800,980.95,467.80,78.81,224.87,0.5442,person
76,1145,45.800,482.40,704.65,97.24,230.09,0.6309,person
77,1145,45.800,249.51,643.17,79.65,229.14,0.6152,person
69,1146,45.840,1612.42,698.91,78.98,250.39,0.5746,person
60,1146,45.840,1072.37,487.00,78.21,207.91,0.6083,person
73,1146,45.840,981.46,468.90,79.88,225.39,0.5745,person
76,1146,45.840,479.25,705.38,97.98,232.63,0.6654,person
77,1146,45.840,248.83,644.46,79.88,228.35,0.6264,person
69,1147,45.880,1614.64,696.80,78.92,250.80,0.5545,person
60,1147,45.880,1072.61,486.02,79.00,208.76,0.6428,person
73,1147,45.880,982.43,469.85,80.61,225.18,0.5826,person
76,1147,45.880,475.35,708.36,98.06,233.57,0.6015,person
77,1147,45.880,248.47,645.13,80.46,228.12,0.6318,person
69,1148,45.920,1616.91,696.26,77.74,246.96,0.5703,person
60,1148,45.920,1073.38,485.99,79.80,209.59,0.6651,person
73,1148,45.920,983.90,470.85,81.50,226.30,0.5852,person
76,1148,45.920,470.42,712.04,98.65,235.77,0.5938,person
77,1148,45.920,248.10,647.32,80.49,225.57,0.6543,person
69,1149,45.960,1618.93,697.41,77.25,245.93,0.5872,person
60,1149,45.960,1074.71,486.48,80.24,209.01,0.6678,person
73,1149,45.960,984.70,472.26,81.18,225.27,0.5668,person
76,1149,45.960,466.76,716.79,99.65,239.16,0.6110,person
77,1149,45.960,248.63,649.49,80.66,223.34,0.6616,person
69,1150,46.000,1620.27,697.41,76.96,245.26,0.5724,person
60,1150,46.000,1075.73,486.63,80.55,208.81,0.6857,person
73,1150,46.000,986.69,473.31,80.71,224.44,0.5548,person
76,1150,46.000,464.33,719.62,99.73,240.94,0.5526,person
77,1150,46.000,249.67,652.07,80.94,221.61,0.6124,person
69,1151,46.040,1622.13,697.41,76.23,242.95,0.5577,person
60,1151,46.040,1076.65,486.07,80.97,209.22,0.6799,person
73,1151,46.040,986.98,474.54,79.90,223.15,0.5559,person
76,1151,46.040,462.98,723.10,98.63,240.31,0.5466,person
77,1151,46.040,250.65,653.69,82.14,222.99,0.5567,person
69,1152,46.080,1623.37,698.96,77.31,244.73,0.5142,person
60,1152,46.080,1077.28,488.62,80.82,207.68,0.6710,person
73,1152,46.080,988.55,476.66,78.91,220.81,0.5557,person
76,1152,46.080,461.38,725.07,97.48,239.52,0.5478,person
77,1152,46.080,249.74,655.51,84.64,227.02,0.5699,person
60,1153,46.120,1077.60,489.10,81.93,210.47,0.6778,person
73,1153,46.120,989.66,477.51,79.55,222.63,0.5675,person
76,1153,46.120,459.78,727.99,95.88,237.66,0.5213,person
77,1153,46.120,250.49,656.91,86.09,228.35,0.5620,person
60,1154,46.160,1077.02,488.97,83.50,214.70,0.6797,person
73,1154,46.160,989.32,478.79,79.97,224.43,0.5571,person
77,1154,46.160,250.75,658.55,86.91,227.61,0.5321,person
72,1154,46.160,1749.76,473.52,71.23,219.10,0.5075,person
60,1155,46.200,1077.65,490.61,83.81,215.94,0.7077,person
73,1155,46.200,990.89,481.07,79.98,224.42,0.5644,person
77,1155,46.200,249.83,659.71,88.05,227.91,0.5823,person
72,1155,46.200,1750.74,474.39,72.04,218.45,0.5462,person
76,1155,46.200,454.37,731.61,94.53,235.25,0.5465,person
60,1156,46.240,1078.51,491.34,83.83,216.46,0.6940,person
73,1156,46.240,991.58,481.53,80.03,224.74,0.5765,person
77,1156,46.240,249.73,660.62,88.88,228.12,0.5818,person
72,1156,46.240,1752.07,475.24,72.46,216.85,0.5892,person
76,1156,46.240,450.44,731.97,94.34,234.93,0.5736,person
60,1157,46.280,1078.31,492.29,83.85,216.83,0.6828,person
73,1157,46.280,992.15,482.62,80.01,224.72,0.5689,person
77,1157,46.280,248.34,661.02,90.20,229.63,0.5759,person
72,1157,46.280,1753.07,476.93,72.36,215.31,0.5506,person
69,1157,46.280,1630.75,685.16,81.03,254.36,0.5272,person
60,1158,46.320,1079.78,494.46,83.19,215.82,0.6498,person
73,1158,46.320,992.82,483.91,78.38,219.23,0.5683,person
77,1158,46.320,247.13,661.08,92.63,233.85,0.6081,person
72,1158,46.320,1753.41,477.01,73.04,216.21,0.5490,person
69,1158,46.320,1632.78,686.92,81.12,251.60,0.5199,person
60,1159,46.360,1081.21,496.09,82.38,214.58,0.6288,person
73,1159,46.360,994.66,483.80,79.58,220.55,0.5522,person
77,1159,46.360,245.40,661.11,94.20,235.31,0.6169,person
76,1159,46.360,435.68,731.99,95.68,235.24,0.5661,person
60,1160,46.400,1082.06,497.54,81.86,214.26,0.6326,person
73,1160,46.400,993.99,485.98,80.73,221.06,0.5462,person
77,1160,46.400,244.05,662.04,95.49,235.59,0.5680,person
76,1160,46.400,431.92,731.96,96.82,234.51,0.5258,person
60,1161,46.440,1082.75,498.07,81.74,214.67,0.6442,person
73,1161,46.440,994.13,488.46,80.24,220.08,0.5301,person
77,1161,46.440,242.38,663.01,96.78,235.38,0.5518,person
60,1162,46.480,1083.27,499.05,81.87,215.34,0.6265,person
73,1162,46.480,994.04,489.15,80.61,222.76,0.5526,person
77,1162,46.480,241.04,662.80,98.81,237.05,0.5558,person
60,1163,46.520,1083.98,500.03,81.79,215.95,0.6362,person
73,1163,46.520,994.15,489.59,81.21,226.31,0.5670,person
77,1163,46.520,239.30,662.87,100.90,237.88,0.5720,person
72,1163,46.520,1755.17,479.85,77.03,226.56,0.5160,person
69,1163,46.520,1649.15,669.06,79.42,248.13,0.5635,person
76,1163,46.520,422.86,740.06,101.99,244.00,0.5051,person
60,1164,46.560,1084.20,499.90,81.95,217.43,0.6378,person
73,1164,46.560,995.36,490.26,80.77,227.25,0.5583,person
77,1164,46.560,238.15,664.29,102.45,237.37,0.5591,person
69,1164,46.560,1652.31,660.42,80.42,254.78,0.6308,person
60,1165,46.600,1084.07,500.27,81.82,217.36,0.6292,person
73,1165,46.600,997.13,490.96,80.31,227.14,0.5586,person
77,1165,46.600,238.18,665.79,103.56,235.67,0.5508,person
69,1165,46.600,1655.03,654.61,80.61,259.39,0.5706,person
60,1166,46.640,1084.68,501.43,81.63,216.79,0.6241,person
73,1166,46.640,998.18,491.40,80.42,228.23,0.5533,person
77,1166,46.640,237.74,664.95,104.31,232.57,0.5651,person
69,1166,46.640,1657.39,653.80,80.11,260.74,0.5688,person
76,1166,46.640,415.96,749.25,105.87,251.13,0.5525,person
60,1167,46.680,1085.73,503.37,81.39,215.34,0.6319,person
73,1167,46.680,1000.49,491.55,80.51,230.09,0.5486,person
77,1167,46.680,235.96,666.61,106.60,233.42,0.5866,person
69,1167,46.680,1660.24,653.60,79.70,261.89,0.5557,person
76,1167,46.680,413.72,752.68,107.55,253.97,0.6976,person
60,1168,46.720,1087.12,504.65,81.67,215.17,0.6310,person
73,1168,46.720,1002.55,491.66,80.01,229.85,0.5506,person
77,1168,46.720,235.05,669.81,107.81,232.16,0.5333,person
69,1168,46.720,1662.14,653.19,79.04,261.15,0.5244,person
76,1168,46.720,412.35,756.65,107.21,252.21,0.6685,person
60,1169,46.760,1087.44,505.76,82.65,218.08,0.6180,person
73,1169,46.760,1003.96,491.73,80.11,231.09,0.5255,person
77,1169,46.760,233.65,672.31,109.29,231.65,0.5702,person
69,1169,46.760,1664.94,652.46,78.49,260.45,0.5188,person
76,1169,46.760,411.80,758.90,107.10,250.87,0.6520,person
60,1170,46.800,1088.33,506.73,83.59,221.16,0.6337,person
77,1170,46.800,231.29,676.41,110.93,230.52,0.5586,person
69,1170,46.800,1668.49,652.54,78.67,260.69,0.5397,person
76,1170,46.800,411.00,761.39,106.45,249.22,0.6803,person
60,1171,46.840,1088.89,508.15,84.29,222.42,0.6375,person
77,1171,46.840,227.19,679.21,113.66,231.20,0.6048,person
69,1171,46.840,1670.64,651.56,79.35,262.01,0.5397,person
76,1171,46.840,410.67,763.57,105.16,246.38,0.6936,person
60,1172,46.880,1091.13,510.59,84.06,221.39,0.6204,person
77,1172,46.880,223.72,680.58,116.82,233.20,0.6391,person
69,1172,46.880,1673.39,650.21,80.62,263.07,0.5778,person
76,1172,46.880,410.07,764.81,104.20,244.86,0.6894,person
73,1172,46.880,1011.38,498.24,80.00,230.49,0.5160,person
60,1173,46.920,1093.16,512.12,84.39,220.89,0.6483,person
77,1173,46.920,221.07,681.70,119.56,235.21,0.5989,person
69,1173,46.920,1675.17,648.55,81.66,263.94,0.5812,person
76,1173,46.920,410.39,764.77,103.53,244.96,0.7009,person
73,1173,46.920,1011.82,499.83,79.46,229.40,0.5179,person
60,1174,46.960,1094.96,514.62,83.97,218.34,0.6554,person
77,1174,46.960,217.91,682.72,122.29,236.64,0.5968,person
69,1174,46.960,1677.20,645.23,82.89,266.31,0.5919,person
76,1174,46.960,411.21,765.31,102.42,244.69,0.7154,person
73,1174,46.960,1012.97,501.41,79.46,229.56,0.5512,person
78,1174,46.960,89.98,678.82,120.82,231.84,0.6019,person
60,1175,47.000,1096.28,517.22,84.33,217.97,0.6789,person
77,1175,47.000,214.13,683.92,124.71,238.14,0.6218,person
69,1175,47.000,1680.11,642.60,83.63,268.43,0.5938,person
76,1175,47.000,412.57,765.97,100.96,244.39,0.7202,person
78,1175,47.000,90.65,678.70,121.38,232.93,0.5120,person
60,1176,47.040,1097.46,518.98,84.83,217.53,0.6739,person
77,1176,47.040,210.54,684.18,127.16,240.02,0.6376,person
69,1176,47.040,1683.24,640.40,83.66,269.51,0.5665,person
76,1176,47.040,414.22,769.38,98.16,240.13,0.7131,person
64,1176,47.040,1017.05,954.63,70.32,125.37,0.5018,person
73,1176,47.040,1013.63,505.03,78.64,226.77,0.5499,person
60,1177,47.080,1097.99,521.25,84.88,215.42,0.6930,person
77,1177,47.080,207.01,685.68,128.52,239.58,0.6579,person
69,1177,47.080,1686.88,638.87,83.15,269.70,0.5158,person
76,1177,47.080,413.78,771.14,97.51,240.73,0.6970,person
73,1177,47.080,1012.90,506.66,78.66,226.96,0.5604,person
60,1178,47.120,1099.06,522.34,85.06,214.30,0.6837,person
77,1178,47.120,203.68,687.69,128.94,236.95,0.7099,person
69,1178,47.120,1689.80,634.55,81.31,265.32,0.5231,person
76,1178,47.120,411.32,771.95,99.25,246.69,0.7322,person
73,1178,47.120,1013.25,507.98,78.99,228.36,0.5853,person
60,1179,47.160,1100.52,523.09,85.53,214.87,0.7084,person
77,1179,47.160,200.64,689.34,129.46,234.75,0.7098,person
69,1179,47.160,1693.19,631.73,79.69,259.90,0.5590,person
76,1179,47.160,409.34,774.29,100.61,251.72,0.7231,person
73,1179,47.160,1013.94,509.00,79.47,230.03,0.5818,person
60,1180,47.200,1101.93,522.39,86.14,216.99,0.6563,person
77,1180,47.200,198.76,689.40,130.98,235.22,0.7041,person
69,1180,47.200,1696.11,630.18,78.84,256.31,0.5109,person
76,1180,47.200,407.58,778.59,100.55,252.84,0.7202,person
73,1180,47.200,1016.02,510.32,79.64,229.33,0.5699,person
60,1181,47.240,1103.03,522.30,86.41,218.25,0.6879,person
77,1181,47.240,196.59,689.51,132.08,234.90,0.7213,person
69,1181,47.240,1698.76,629.70,78.56,255.57,0.5129,person
76,1181,47.240,406.48,782.96,100.02,253.35,0.7200,person
73,1181,47.240,1017.22,510.95,80.17,229.66,0.6387,person
60,1182,47.280,1104.17,522.88,86.13,217.76,0.6992,person
77,1182,47.280,194.00,690.01,133.10,234.47,0.7096,person
69,1182,47.280,1702.83,629.49,76.40,248.78,0.5436,person
76,1182,47.280,405.67,787.63,98.87,251.79,0.7297,person
73,1182,47.280,1018.06,511.37,80.64,230.10,0.6540,person
60,1183,47.320,1104.27,523.40,85.95,217.30,0.6898,person
77,1183,47.320,190.98,690.52,134.14,233.90,0.6903,person
69,1183,47.320,1705.62,628.63,76.97,251.40,0.5388,person
76,1183,47.320,404.83,791.55,97.69,250.30,0.7130,person
73,1183,47.320,1018.30,511.84,81.32,231.86,0.6476,person
60,1184,47.360,1105.01,525.16,85.08,215.97,0.6665,person
77,1184,47.360,188.89,689.36,135.82,234.88,0.6615,person
69,1184,47.360,1707.75,627.01,77.61,254.67,0.5279,person
76,1184,47.360,403.28,794.82,96.84,249.34,0.7057,person
73,1184,47.360,1019.00,512.91,80.95,230.98,0.6271,person
60,1185,47.400,1105.93,526.78,84.18,214.40,0.6840,person
77,1185,47.400,187.26,690.62,136.26,233.22,0.6399,person
69,1185,47.400,1709.54,626.79,77.77,255.67,0.5197,person
76,1185,47.400,401.65,797.45,95.84,248.00,0.6755,person
73,1185,47.400,1020.40,514.87,79.93,227.65,0.6508,person
60,1186,47.440,1106.65,528.10,84.15,215.23,0.6994,person
77,1186,47.440,182.36,692.15,138.04,231.91,0.5992,person
69,1186,47.440,1711.94,627.53,77.82,256.01,0.5366,person
76,1186,47.440,400.08,801.27,94.63,245.58,0.6876,person
73,1186,47.440,1021.91,516.14,79.64,226.21,0.6474,person
60,1187,47.480,1106.16,529.01,85.84,220.19,0.7036,person
77,1187,47.480,177.97,693.60,140.90,232.18,0.6141,person
69,1187,47.480,1714.67,628.10,77.79,255.45,0.5390,person
76,1187,47.480,396.99,803.95,93.98,243.68,0.7165,person
73,1187,47.480,1022.59,517.02,79.75,226.79,0.6328,person
60,1188,47.520,1104.94,529.55,87.82,226.53,0.6987,person
77,1188,47.520,176.49,695.76,143.83,233.38,0.6229,person
69,1188,47.520,1716.35,627.11,77.97,255.46,0.5371,person
76,1188,47.520,394.56,805.60,93.44,241.28,0.7254,person
73,1188,47.520,1023.53,517.86,79.46,226.29,0.6344,person
79,1188,47.520,1456.51,891.62,95.23,188.38,0.6697,person
60,1189,47.560,1104.74,530.72,88.18,228.36,0.7009,person
77,1189,47.560,173.91,696.49,148.29,237.42,0.6540,person
69,1189,47.560,1717.35,626.59,77.90,254.58,0.5143,person
76,1189,47.560,390.90,806.22,93.92,240.92,0.7433,person
73,1189,47.560,1024.46,518.89,79.41,226.67,0.6162,person
79,1189,47.560,1453.74,891.37,95.27,188.63,0.6763,person
60,1190,47.600,1104.90,532.68,87.77,227.87,0.6877,person
77,1190,47.600,171.17,698.14,151.81,240.38,0.6444,person
76,1190,47.600,387.68,806.34,94.55,240.41,0.7192,person
73,1190,47.600,1026.03,519.90,79.89,227.95,0.5866,person
79,1190,47.600,1450.18,891.62,95.06,188.38,0.7024,person
60,1191,47.640,1105.98,535.01,86.98,226.14,0.6674,person
77,1191,47.640,169.58,700.26,154.78,242.71,0.5882,person
76,1191,47.640,385.41,806.76,95.20,239.38,0.7436,person
73,1191,47.640,1026.47,520.04,80.62,230.29,0.5953,person
79,1191,47.640,1446.48,891.42,95.08,188.58,0.7382,person
60,1192,47.680,1107.08,537.03,86.24,224.53,0.6439,person
77,1192,47.680,168.43,701.97,157.13,244.12,0.5298,person
76,1192,47.680,384.06,807.35,96.20,239.38,0.7325,person
73,1192,47.680,1028.25,521.82,81.37,232.28,0.5655,person
79,1192,47.680,1442.75,889.88,95.84,190.12,0.7730,person
60,1193,47.720,1108.31,539.05,85.22,222.78,0.6398,person
77,1193,47.720,166.89,704.21,157.35,241.99,0.5110,person
76,1193,47.720,381.83,809.86,97.67,240.50,0.6989,person
73,1193,47.720,1029.30,523.92,81.32,231.61,0.6022,person
79,1193,47.720,1441.25,887.60,96.91,192.40,0.7853,person
80,1193,47.720,1042.97,775.45,99.10,224.07,0.6736,person
60,1194,47.760,1109.55,539.50,84.48,222.22,0.6544,person
77,1194,47.760,164.46,706.76,157.61,239.81,0.5423,person
76,1194,47.760,379.03,812.32,100.06,244.36,0.7007,person
73,1194,47.760,1030.12,525.70,80.99,230.30,0.6188,person
79,1194,47.760,1438.98,885.90,97.74,194.10,0.7560,person
80,1194,47.760,1047.86,773.57,100.67,227.71,0.6422,person
60,1195,47.800,1110.63,541.76,83.44,220.30,0.6389,person
77,1195,47.800,162.07,708.01,158.39,238.39,0.5722,person
76,1195,47.800,376.64,814.64,102.69,249.48,0.6776,person
73,1195,47.800,1031.26,526.73,80.58,229.94,0.6041,person
79,1195,47.800,1435.93,883.92,98.86,196.08,0.7585,person
80,1195,47.800,1051.77,773.08,102.61,232.43,0.6441,person
60,1196,47.840,1111.69,542.33,83.14,221.02,0.6202,person
77,1196,47.840,158.96,708.88,158.97,237.04,0.5434,person
76,1196,47.840,374.57,817.56,104.65,253.77,0.6629,person
73,1196,47.840,1031.39,528.13,80.53,230.54,0.5933,person
79,1196,47.840,1432.46,882.67,99.71,197.33,0.7594,person
80,1196,47.840,1051.67,771.44,105.19,238.66,0.6180,person
60,1197,47.880,1112.25,544.27,82.77,220.07,0.6425,person
77,1197,47.880,154.92,708.88,159.83,236.21,0.5384,person
76,1197,47.880,373.71,819.76,105.72,255.87,0.6594,person
73,1197,47.880,1032.68,529.85,80.42,230.66,0.5747,person
79,1197,47.880,1428.75,881.38,100.74,198.62,0.7520,person
80,1197,47.880,1053.98,770.23,105.62,240.54,0.6072,person
60,1198,47.920,1113.29,545.46,82.58,220.31,0.6072,person
77,1198,47.920,148.75,709.28,161.29,236.25,0.5702,person
76,1198,47.920,372.96,821.62,106.65,258.00,0.6802,person
73,1198,47.920,1034.09,530.78,80.54,232.58,0.5700,person
79,1198,47.920,1425.12,880.35,101.88,199.65,0.7482,person
80,1198,47.920,1056.92,768.97,104.06,238.08,0.6115,person
60,1199,47.960,1113.39,546.05,82.41,219.77,0.5984,person
77,1199,47.960,143.02,708.83,162.64,236.85,0.6325,person
76,1199,47.960,372.31,825.01,105.98,254.99,0.7376,person
73,1199,47.960,1035.29,531.44,79.75,231.48,0.5738,person
79,1199,47.960,1420.44,877.90,103.83,202.10,0.7776,person
80,1199,47.960,1060.15,766.58,103.86,238.67,0.5738,person
60,1200,48.000,1113.45,547.44,82.69,220.44,0.5571,person
77,1200,48.000,140.07,709.19,162.47,236.07,0.5890,person
76,1200,48.000,372.05,829.14,104.81,250.86,0.7402,person
73,1200,48.000,1037.65,531.67,79.06,231.04,0.5781,person
79,1200,48.000,1416.16,874.21,106.28,205.79,0.7667,person
80,1200,48.000,1064.33,764.35,104.66,242.04,0.5265,person
60,1201,48.040,1114.86,548.31,82.89,221.16,0.5677,person
77,1201,48.040,137.47,709.23,161.72,235.14,0.5888,person
76,1201,48.040,372.71,833.22,103.44,246.78,0.7370,person
73,1201,48.040,1039.85,532.51,78.83,230.45,0.5687,person
79,1201,48.040,1411.43,869.72,108.90,210.28,0.7417,person
80,1201,48.040,1070.09,763.88,103.70,241.76,0.5417,person
60,1202,48.080,1115.79,548.84,83.86,224.35,0.5845,person
77,1202,48.080,132.52,709.96,162.22,235.89,0.6832,person
76,1202,48.080,372.48,836.58,102.30,243.42,0.7783,person
73,1202,48.080,1041.03,532.80,78.59,230.92,0.5839,person
79,1202,48.080,1406.95,865.13,111.39,214.87,0.7281,person
80,1202,48.080,1074.57,762.62,100.83,236.77,0.5482,person
60,1203,48.120,1116.78,549.68,85.09,228.76,0.6139,person
77,1203,48.120,127.33,710.28,162.52,236.53,0.6999,person
76,1203,48.120,372.19,838.85,101.52,241.15,0.7763,person
73,1203,48.120,1042.59,533.87,79.20,232.52,0.6030,person
79,1203,48.120,1404.09,861.51,113.11,218.49,0.7479,person
80,1203,48.120,1079.47,759.11,98.59,233.61,0.5979,person
60,1204,48.160,1117.72,550.63,85.78,231.78,0.6552,person
77,1204,48.160,123.72,711.16,160.89,234.74,0.6539,person
76,1204,48.160,372.27,840.45,100.87,239.55,0.7883,person
73,1204,48.160,1043.59,533.98,79.85,234.39,0.6481,person
79,1204,48.160,1402.49,857.42,114.54,222.58,0.7237,person
80,1204,48.160,1083.54,756.14,95.97,229.44,0.5510,person
69,1204,48.160,1762.11,600.79,76.82,250.15,0.5126,person
60,1205,48.200,1117.62,552.30,85.87,231.92,0.6240,person
77,1205,48.200,118.32,711.52,160.01,233.52,0.5722,person
76,1205,48.200,372.67,841.21,100.46,238.79,0.7807,person
73,1205,48.200,1043.40,535.11,79.21,233.39,0.6386,person
79,1205,48.200,1402.72,854.10,114.40,224.79,0.7061,person
60,1206,48.240,1119.46,554.13,85.25,229.47,0.6403,person
77,1206,48.240,115.30,711.95,159.83,233.05,0.5912,person
76,1206,48.240,373.30,842.29,99.79,237.71,0.8077,person
73,1206,48.240,1043.06,536.97,79.27,234.42,0.6361,person
79,1206,48.240,1402.42,849.27,115.29,230.22,0.6537,person
60,1207,48.280,1121.82,556.80,83.51,223.57,0.6552,person
77,1207,48.280,113.96,714.00,159.30,232.39,0.6151,person
76,1207,48.280,374.29,843.47,98.96,236.53,0.8008,person
73,1207,48.280,1043.04,538.84,79.08,234.59,0.6415,person
79,1207,48.280,1401.30,845.86,115.22,233.95,0.6796,person
60,1208,48.320,1123.74,558.89,82.62,219.79,0.6388,person
77,1208,48.320,113.87,715.69,158.88,231.43,0.7259,person
76,1208,48.320,375.44,844.94,97.97,235.06,0.7903,person
73,1208,48.320,1043.32,541.12,78.96,234.66,0.6341,person
79,1208,48.320,1400.20,842.11,115.10,237.82,0.6975,person
60,1209,48.360,1126.04,561.27,81.21,214.74,0.6544,person
77,1209,48.360,113.71,717.28,157.67,229.16,0.7444,person
76,1209,48.360,375.33,847.28,96.75,232.72,0.7762,person
73,1209,48.360,1043.65,543.79,78.85,235.40,0.6481,person
79,1209,48.360,1399.15,840.50,113.65,238.59,0.6434,person
60,1210,48.400,1126.50,562.70,81.66,214.28,0.6110,person
77,1210,48.400,113.04,718.75,156.78,227.04,0.6474,person
76,1210,48.400,374.49,849.64,95.65,230.36,0.7793,person
73,1210,48.400,1043.70,546.76,78.62,235.73,0.6331,person
79,1210,48.400,1398.00,839.02,112.64,239.65,0.6456,person
60,1211,48.440,1127.48,563.91,81.55,213.06,0.6241,person
77,1211,48.440,110.20,718.68,157.15,226.82,0.7247,person
76,1211,48.440,373.77,853.03,94.40,226.97,0.7426,person
73,1211,48.440,1044.81,550.52,78.61,235.45,0.6380,person
79,1211,48.440,1396.92,837.41,112.18,240.86,0.6057,person
80,1211,48.440,1115.42,748.66,93.12,219.37,0.5154,person
60,1212,48.480,1129.69,565.61,80.30,208.44,0.6656,person
77,1212,48.480,105.43,717.59,159.45,228.60,0.7042,person
76,1212,48.480,373.03,858.26,92.50,221.74,0.7131,person
73,1212,48.480,1044.65,551.69,79.18,236.52,0.6236,person
79,1212,48.480,1394.73,834.62,112.26,243.05,0.5960,person
80,1212,48.480,1116.81,744.95,95.18,222.39,0.5113,person
60,1213,48.520,1131.44,566.68,79.26,204.51,0.6471,person
77,1213,48.520,102.10,716.13,161.62,230.53,0.7090,person
76,1213,48.520,372.11,862.34,91.12,217.66,0.6842,person
73,1213,48.520,1045.29,552.53,79.50,236.41,0.6172,person
79,1213,48.520,1389.74,834.26,108.79,240.77,0.5292,person
80,1213,48.520,1118.75,746.19,95.51,222.08,0.5037,person
60,1214,48.560,1132.12,567.10,78.98,202.80,0.6490,person
77,1214,48.560,95.46,714.89,164.18,232.19,0.6663,person
76,1214,48.560,370.49,865.17,90.17,214.83,0.6889,person
73,1214,48.560,1045.46,552.91,79.74,236.26,0.6078,person
79,1214,48.560,1386.70,832.89,104.53,236.64,0.5667,person
80,1214,48.560,1121.30,745.91,95.61,222.18,0.5182,person
60,1215,48.600,1132.34,567.77,78.68,201.00,0.6432,person
77,1215,48.600,91.01,713.86,165.76,233.97,0.6817,person
76,1215,48.600,368.96,868.73,88.98,211.27,0.6945,person
73,1215,48.600,1044.88,553.38,80.61,239.41,0.6142,person
79,1215,48.600,1384.01,832.41,99.71,229.69,0.5855,person
80,1215,48.600,1123.83,743.76,96.20,224.28,0.5651,person
60,1216,48.640,1132.39,567.50,78.87,200.61,0.6212,person
77,1216,48.640,88.01,713.44,166.42,234.03,0.6313,person
76,1216,48.640,366.97,870.67,88.52,209.33,0.7076,person
73,1216,48.640,1044.60,554.74,81.32,241.86,0.6324,person
79,1216,48.640,1381.03,830.75,97.68,228.41,0.5892,person
80,1216,48.640,1126.82,740.20,95.84,225.02,0.5569,person
60,1217,48.680,1132.22,567.24,79.74,202.26,0.5994,person
76,1217,48.680,365.07,874.79,87.37,205.21,0.6943,person
73,1217,48.680,1044.51,556.17,81.71,243.03,0.6408,person
79,1217,48.680,1378.36,834.76,92.10,217.38,0.5682,person
60,1218,48.720,1132.52,567.18,80.28,203.48,0.5929,person
76,1218,48.720,362.17,877.28,87.06,202.72,0.7024,person
73,1218,48.720,1044.53,556.60,81.87,243.08,0.6277,person
79,1218,48.720,1374.62,828.64,92.93,221.21,0.5849,person
60,1219,48.760,1133.16,568.10,80.96,205.31,0.5814,person
76,1219,48.760,359.08,879.79,87.01,200.21,0.7319,person
73,1219,48.760,1044.79,557.44,81.62,241.94,0.6326,person
79,1219,48.760,1368.48,820.67,96.96,231.14,0.6444,person
77,1219,48.760,78.85,713.53,162.21,232.43,0.5486,person
80,1219,48.760,1141.04,725.24,95.43,224.10,0.5733,person
60,1220,48.800,1132.28,570.52,83.12,210.07,0.5903,person
76,1220,48.800,355.93,881.30,87.55,198.70,0.7395,person
73,1220,48.800,1044.90,558.35,81.48,241.41,0.6379,person
79,1220,48.800,1362.30,816.09,99.23,235.93,0.6241,person
77,1220,48.800,78.30,713.75,158.28,231.11,0.5751,person
80,1220,48.800,1145.46,719.75,95.86,225.74,0.5617,person
60,1221,48.840,1131.40,572.20,85.46,215.55,0.6065,person
76,1221,48.840,352.41,882.43,88.51,197.57,0.7065,person
73,1221,48.840,1044.96,559.37,81.31,239.75,0.6386,person
79,1221,48.840,1356.45,813.52,100.87,238.39,0.6179,person
77,1221,48.840,76.64,714.79,154.51,230.82,0.6276,person
80,1221,48.840,1149.79,717.04,95.94,226.53,0.6103,person
60,1222,48.880,1132.22,573.23,86.03,216.13,0.5916,person
76,1222,48.880,348.70,882.85,90.01,197.15,0.7117,person
73,1222,48.880,1044.80,560.36,81.12,238.50,0.6230,person
79,1222,48.880,1353.93,811.97,101.81,239.98,0.6088,person
77,1222,48.880,72.47,714.11,152.91,234.11,0.6560,person
80,1222,48.880,1152.27,715.87,95.57,225.39,0.6389,person
60,1223,48.920,1133.82,573.90,85.13,212.97,0.5571,person
76,1223,48.920,345.04,883.36,91.59,196.64,0.6658,person
73,1223,48.920,1045.53,561.21,81.09,237.56,0.6274,person
79,1223,48.920,1351.98,809.64,102.18,240.12,0.6296,person
77,1223,48.920,70.40,714.10,150.19,236.38,0.6381,person
80,1223,48.920,1154.42,713.59,96.90,228.12,0.6955,person
60,1224,48.960,1136.24,573.70,82.56,205.68,0.5331,person
76,1224,48.960,341.67,883.88,93.33,196.12,0.6949,person
73,1224,48.960,1046.40,561.87,81.06,236.85,0.6427,person
79,1224,48.960,1349.82,809.91,101.47,237.62,0.5240,person
77,1224,48.960,70.26,714.22,147.01,238.04,0.6500,person
80,1224,48.960,1155.96,711.40,97.71,230.09,0.7279,person
60,1225,49.000,1138.64,574.34,82.59,205.12,0.5156,person
76,1225,49.000,339.20,884.54,94.85,195.46,0.7130,person
73,1225,49.000,1047.05,563.25,80.36,234.16,0.6123,person
79,1225,49.000,1348.27,811.97,99.24,231.49,0.5145,person
77,1225,49.000,69.83,715.12,143.12,237.60,0.6149,person
80,1225,49.000,1157.77,709.29,98.73,232.88,0.7138,person
76,1226,49.040,337.38,885.59,96.03,194.41,0.7386,person
73,1226,49.040,1048.07,564.46,80.13,232.21,0.6252,person
79,1226,49.040,1346.14,811.34,98.25,228.72,0.5252,person
80,1226,49.040,1159.90,709.15,99.12,233.88,0.7197,person
76,1227,49.080,335.23,887.96,96.65,192.04,0.7371,person
73,1227,49.080,1047.88,565.64,81.44,235.38,0.6032,person
79,1227,49.080,1343.61,808.62,98.60,229.13,0.5490,person
80,1227,49.080,1162.25,708.75,99.55,235.77,0.6704,person
77,1227,49.080,68.49,714.65,140.39,239.25,0.5198,person
76,1228,49.120,334.51,893.59,95.78,186.41,0.7291,person
73,1228,49.120,1047.99,567.46,82.36,237.59,0.5713,person
79,1228,49.120,1341.37,805.66,99.01,229.72,0.5416,person
80,1228,49.120,1165.39,707.21,98.96,235.94,0.6982,person
77,1228,49.120,68.43,713.93,138.59,242.21,0.6059,person
76,1229,49.160,333.37,897.28,95.78,182.72,0.7400,person
73,1229,49.160,1048.78,568.78,83.71,240.73,0.5588,person
79,1229,49.160,1338.66,798.23,99.46,229.65,0.6177,person
80,1229,49.160,1168.57,704.58,98.80,237.84,0.7238,person
77,1229,49.160,69.61,713.82,134.85,241.15,0.6953,person
76,1230,49.200,332.64,900.62,95.85,179.38,0.7371,person
73,1230,49.200,1048.14,570.42,84.01,241.64,0.5400,person
79,1230,49.200,1337.25,793.26,99.12,227.76,0.6142,person
80,1230,49.200,1169.31,700.49,99.25,240.97,0.7590,person
77,1230,49.200,69.87,713.22,132.14,241.22,0.6752,person
76,1231,49.240,332.75,904.86,95.34,175.14,0.7182,person
73,1231,49.240,1049.12,573.22,83.83,240.84,0.5562,person
79,1231,49.240,1334.99,789.06,99.88,228.71,0.5892,person
80,1231,49.240,1170.79,697.34,98.22,240.03,0.7691,person
77,1231,49.240,70.91,713.19,129.56,241.17,0.6536,person
76,1232,49.280,331.98,908.64,95.00,171.36,0.7147,person
73,1232,49.280,1049.30,574.67,84.20,241.84,0.5892,person
79,1232,49.280,1332.59,786.08,99.86,227.77,0.5584,person
80,1232,49.280,1172.42,694.74,96.47,237.50,0.7433,person
77,1232,49.280,71.62,713.03,127.21,240.92,0.6550,person
76,1233,49.320,331.45,911.89,94.82,168.11,0.7113,person
73,1233,49.320,1050.05,576.03,84.94,243.86,0.5795,person
79,1233,49.320,1331.14,782.31,100.52,229.07,0.5717,person
80,1233,49.320,1173.32,691.23,96.13,238.53,0.7618,person
77,1233,49.320,72.34,712.99,125.49,241.20,0.6320,person
76,1234,49.360,331.82,914.99,94.51,165.01,0.6850,person
73,1234,49.360,1050.66,577.28,85.86,246.93,0.6010,person
79,1234,49.360,1329.24,779.14,101.19,231.85,0.5499,person
80,1234,49.360,1174.08,688.83,94.50,235.64,0.7525,person
77,1234,49.360,71.74,713.70,124.01,240.86,0.6222,person
76,1235,49.400,331.47,917.24,94.62,162.76,0.6831,person
73,1235,49.400,1050.29,578.00,86.22,248.81,0.5701,person
79,1235,49.400,1329.51,777.87,100.19,232.02,0.5317,person
80,1235,49.400,1176.28,686.89,92.73,232.37,0.7324,person
77,1235,49.400,72.40,714.79,122.09,239.54,0.5567,person
76,1236,49.440,330.70,919.27,94.76,160.73,0.6162,person
73,1236,49.440,1049.87,578.56,85.48,248.93,0.5572,person
79,1236,49.440,1329.23,776.28,99.30,233.28,0.5158,person
80,1236,49.440,1177.80,684.81,92.34,232.23,0.7190,person
76,1237,49.480,331.08,920.89,94.80,159.11,0.6247,person
73,1237,49.480,1050.08,579.54,84.27,247.65,0.5384,person
79,1237,49.480,1328.50,774.48,97.19,232.04,0.5114,person
80,1237,49.480,1179.93,683.79,91.25,229.79,0.7094,person
76,1238,49.520,331.20,921.98,94.82,157.73,0.6443,person
73,1238,49.520,1051.18,580.26,83.67,247.08,0.5506,person
79,1238,49.520,1327.74,773.79,93.99,227.38,0.5505,person
80,1238,49.520,1182.07,683.83,90.53,227.74,0.6786,person
77,1238,49.520,76.03,716.87,118.26,235.91,0.5110,person
76,1239,49.560,331.91,923.06,94.82,156.67,0.6598,person
73,1239,49.560,1051.87,581.47,82.61,244.60,0.5519,person
79,1239,49.560,1327.36,772.28,91.67,224.51,0.6031,person
80,1239,49.560,1184.66,682.01,90.52,227.27,0.6828,person
77,1239,49.560,77.11,717.30,116.36,235.91,0.5762,person
76,1240,49.600,332.45,924.07,94.63,155.54,0.6331,person
73,1240,49.600,1052.88,582.37,82.43,244.28,0.5911,person
79,1240,49.600,1325.62,769.54,91.05,225.51,0.6095,person
80,1240,49.600,1188.87,680.61,90.80,227.52,0.6680,person
77,1240,49.600,77.75,717.52,114.37,235.89,0.5934,person
76,1241,49.640,333.24,926.17,93.81,153.43,0.5968,person
73,1241,49.640,1053.30,583.02,81.97,242.85,0.5628,person
79,1241,49.640,1323.95,767.57,90.33,226.05,0.6103,person
80,1241,49.640,1192.62,680.21,91.03,227.87,0.6824,person
77,1241,49.640,78.43,718.11,112.49,235.57,0.6232,person
76,1242,49.680,334.49,929.72,92.39,150.15,0.5633,person
73,1242,49.680,1052.79,583.46,81.81,242.31,0.5710,person
79,1242,49.680,1320.49,765.11,90.70,228.71,0.5843,person
80,1242,49.680,1195.69,679.55,91.24,228.25,0.6277,person
77,1242,49.680,78.47,718.32,110.89,235.34,0.6042,person
76,1243,49.720,335.00,933.77,90.56,146.07,0.5350,person
73,1243,49.720,1053.18,585.41,80.19,236.99,0.5317,person
79,1243,49.720,1317.73,763.20,89.99,227.22,0.6651,person
80,1243,49.720,1197.72,680.60,90.60,226.47,0.6268,person
77,1243,49.720,77.98,717.76,109.69,235.79,0.5954,person
76,1244,49.760,335.18,936.68,88.82,142.20,0.5663,person
73,1244,49.760,1052.57,585.71,80.44,237.85,0.5638,person
79,1244,49.760,1314.25,759.45,90.09,226.46,0.6764,person
80,1244,49.760,1199.57,679.48,90.48,226.61,0.6025,person
77,1244,49.760,77.81,716.13,109.18,237.48,0.6186,person
76,1245,49.800,334.93,939.68,88.19,139.75,0.5721,person
73,1245,49.800,1052.64,587.79,80.21,237.52,0.5590,person
79,1245,49.800,1309.36,755.94,91.36,227.04,0.6982,person
80,1245,49.800,1202.79,676.70,89.93,225.82,0.5740,person
77,1245,49.800,78.54,715.70,107.90,237.49,0.6071,person
60,1245,49.800,1143.29,609.08,95.57,239.96,0.5216,person
76,1246,49.840,335.49,945.71,85.62,133.71,0.6215,person
73,1246,49.840,1052.15,589.70,80.06,236.91,0.5606,person
79,1246,49.840,1306.02,753.58,92.97,228.55,0.6979,person
80,1246,49.840,1206.47,674.99,88.75,222.59,0.5344,person
77,1246,49.840,78.55,715.42,106.87,237.85,0.5889,person
60,1246,49.840,1143.84,610.00,95.28,241.70,0.5948,person
76,1247,49.880,334.23,949.30,84.77,130.21,0.6125,person
73,1247,49.880,1053.12,592.32,79.98,237.10,0.5436,person
79,1247,49.880,1303.90,751.93,94.22,229.92,0.7035,person
80,1247,49.880,1208.12,670.51,88.94,223.78,0.5699,person
77,1247,49.880,78.38,715.51,105.68,237.89,0.5610,person
60,1247,49.880,1145.38,610.95,94.69,241.95,0.6519,person
76,1248,49.920,331.98,953.24,83.68,126.60,0.5254,person
73,1248,49.920,1053.11,593.69,79.94,237.61,0.5544,person
79,1248,49.920,1302.17,750.67,94.91,229.91,0.6864,person
80,1248,49.920,1211.56,668.62,87.15,219.13,0.5811,person
77,1248,49.920,77.06,715.99,104.86,237.96,0.5129,person
60,1248,49.920,1147.15,611.54,93.29,240.79,0.6717,person
76,1249,49.960,331.24,957.55,82.48,122.41,0.5112,person
73,1249,49.960,1053.28,594.66,80.38,240.08,0.5597,person
79,1249,49.960,1301.71,750.16,95.36,229.90,0.6575,person
80,1249,49.960,1215.45,666.09,86.99,219.93,0.6290,person
77,1249,49.960,70.67,716.37,103.39,238.40,0.5664,person
60,1249,49.960,1149.61,612.57,90.59,235.70,0.6767,person
76,1250,50.000,329.24,960.19,82.20,119.81,0.6198,person
73,1250,50.000,1054.71,596.38,80.37,240.09,0.5969,person
79,1250,50.000,1302.11,749.94,95.40,228.62,0.6318,person
80,1250,50.000,1219.12,664.04,86.58,220.75,0.6877,person
77,1250,50.000,67.99,717.02,100.86,237.13,0.5711,person
60,1250,50.000,1150.08,613.73,88.69,231.64,0.7080,person
82,1250,50.000,1059.63,965.60,77.02,114.40,0.6387,person
76,1251,50.040,326.94,962.30,82.56,117.70,0.5348,person
73,1251,50.040,1054.61,598.41,80.52,240.91,0.6131,person
79,1251,50.040,1299.75,748.25,97.23,231.22,0.6165,person
80,1251,50.040,1219.29,660.99,87.23,223.59,0.6751,person
77,1251,50.040,64.72,715.73,99.53,238.51,0.5695,person
60,1251,50.040,1149.20,615.65,87.82,229.70,0.6908,person
82,1251,50.040,1058.45,965.03,77.43,114.97,0.6520,person
73,1252,50.080,1054.76,600.30,80.77,242.69,0.6122,person
79,1252,50.080,1296.00,746.15,98.93,232.32,0.5878,person
80,1252,50.080,1221.96,658.16,87.03,224.92,0.6499,person
77,1252,50.080,64.31,715.91,97.39,238.61,0.5684,person
60,1252,50.080,1148.25,615.61,87.97,230.14,0.6522,person
82,1252,50.080,1057.44,964.79,77.65,115.21,0.6396,person
73,1253,50.120,1054.96,601.90,81.06,244.56,0.6079,person
79,1253,50.120,1295.46,744.29,99.73,232.89,0.5914,person
80,1253,50.120,1223.87,656.89,86.19,224.60,0.6422,person
77,1253,50.120,61.80,715.48,95.58,240.01,0.5843,person
60,1253,50.120,1147.66,617.21,88.30,231.05,0.6585,person
82,1253,50.120,1056.32,964.06,78.24,115.94,0.6474,person
83,1253,50.120,977.54,613.05,84.28,269.63,0.6111,person
76,1253,50.120,320.81,964.46,84.10,115.54,0.5367,person
73,1254,50.160,1055.12,603.15,80.73,244.17,0.6182,person
79,1254,50.160,1293.24,741.83,101.00,233.21,0.6193,person
80,1254,50.160,1225.04,655.98,85.42,224.07,0.6573,person
77,1254,50.160,59.96,715.10,93.57,240.61,0.5744,person
60,1254,50.160,1146.52,618.71,88.99,232.78,0.6693,person
82,1254,50.160,1055.99,963.90,78.48,116.10,0.6684,person
83,1254,50.160,977.82,611.73,84.61,270.49,0.6110,person
76,1254,50.160,317.95,965.61,86.19,114.39,0.6141,person
73,1255,50.200,1054.49,603.84,81.24,245.84,0.6218,person
79,1255,50.200,1292.57,739.78,101.27,232.49,0.6163,person
80,1255,50.200,1226.84,654.54,84.98,224.87,0.6646,person
77,1255,50.200,59.02,714.90,91.91,242.11,0.5649,person
60,1255,50.200,1145.96,620.46,89.48,233.67,0.6834,person
82,1255,50.200,1055.57,963.57,78.86,116.43,0.6898,person
83,1255,50.200,976.40,610.62,85.33,272.51,0.6050,person
76,1255,50.200,315.32,966.01,88.50,113.99,0.6632,person
73,1256,50.240,1054.83,605.12,80.88,244.92,0.6360,person
79,1256,50.240,1292.89,736.00,100.89,230.04,0.6200,person
80,1256,50.240,1226.95,652.88,85.48,227.60,0.6563,person
77,1256,50.240,57.78,715.23,90.22,242.39,0.5355,person
60,1256,50.240,1145.99,622.52,89.41,233.07,0.6966,person
82,1256,50.240,1054.74,961.81,80.17,118.19,0.7127,person
83,1256,50.240,976.39,611.15,85.85,273.31,0.6314,person
76,1256,50.240,312.63,965.41,91.19,114.59,0.6642,person
73,1257,50.280,1055.43,606.20,80.53,244.06,0.6389,person
79,1257,50.280,1293.83,732.64,98.31,222.53,0.6687,person
80,1257,50.280,1228.37,651.20,85.28,228.87,0.6429,person
77,1257,50.280,57.81,716.10,87.78,239.58,0.5096,person
60,1257,50.280,1145.21,624.30,89.86,234.10,0.6939,person
82,1257,50.280,1054.24,961.74,80.44,118.26,0.6880,person
83,1257,50.280,977.24,612.42,85.90,272.81,0.6388,person
76,1257,50.280,310.29,965.94,92.87,114.06,0.6868,person
73,1258,50.320,1055.88,607.04,80.77,244.99,0.6402,person
79,1258,50.320,1293.66,728.98,98.01,220.83,0.6562,person
80,1258,50.320,1229.69,649.90,85.99,231.65,0.6038,person
60,1258,50.320,1144.77,624.88,90.21,234.43,0.6733,person
82,1258,50.320,1053.73,961.25,81.02,118.75,0.6899,person
83,1258,50.320,978.80,614.41,86.38,273.95,0.6271,person
76,1258,50.320,308.91,967.36,93.95,112.64,0.7089,person
73,1259,50.360,1056.69,608.55,80.42,244.15,0.6326,person
79,1259,50.360,1295.05,726.49,98.26,221.00,0.6410,person
80,1259,50.360,1230.31,649.30,85.49,231.04,0.5807,person
60,1259,50.360,1144.50,625.03,90.32,234.54,0.6565,person
82,1259,50.360,1053.48,961.77,81.03,118.23,0.6830,person
83,1259,50.360,979.16,617.07,87.01,275.57,0.6135,person
76,1259,50.360,308.00,969.39,94.67,110.61,0.6695,person
73,1260,50.400,1058.02,608.95,79.46,240.39,0.6311,person
79,1260,50.400,1296.77,724.16,98.44,222.11,0.6240,person
80,1260,50.400,1231.10,646.44,85.72,233.38,0.6044,person
60,1260,50.400,1144.34,625.45,90.30,234.97,0.6431,person
82,1260,50.400,1053.12,961.28,81.77,118.72,0.6820,person
83,1260,50.400,980.87,621.43,87.21,277.05,0.5615,person
76,1260,50.400,306.54,972.80,94.13,107.20,0.7183,person
73,1261,50.440,1059.60,609.50,79.72,239.44,0.6418,person
79,1261,50.440,1295.13,721.13,98.91,224.02,0.6244,person
80,1261,50.440,1233.25,644.56,83.57,228.83,0.5833,person
60,1261,50.440,1143.93,625.92,90.17,235.17,0.6713,person
82,1261,50.440,1053.06,960.20,82.86,119.80,0.6698,person
83,1261,50.440,984.87,631.84,84.29,268.17,0.5769,person
76,1261,50.440,306.67,977.60,92.35,102.40,0.6832,person
73,1262,50.480,1060.70,610.66,80.23,239.14,0.6726,person
79,1262,50.480,1295.05,718.97,99.29,226.31,0.6298,person
80,1262,50.480,1233.03,643.40,82.94,227.18,0.5792,person
60,1262,50.480,1142.95,626.13,90.03,235.11,0.6939,person
82,1262,50.480,1052.73,958.66,84.23,121.34,0.6783,person
83,1262,50.480,987.64,643.58,81.56,259.75,0.5816,person
76,1262,50.480,307.46,982.83,90.40,97.17,0.6177,person
73,1263,50.520,1061.21,612.66,80.66,238.87,0.6905,person
79,1263,50.520,1294.29,717.33,99.13,228.02,0.6434,person
80,1263,50.520,1233.12,641.85,81.77,223.53,0.5233,person
60,1263,50.520,1143.20,626.52,90.10,234.76,0.7114,person
82,1263,50.520,1052.34,957.90,84.96,122.10,0.6492,person
83,1263,50.520,991.55,656.95,77.66,246.34,0.6118,person
76,1263,50.520,308.31,987.13,88.96,92.87,0.5672,person
73,1264,50.560,1061.16,615.13,81.12,238.55,0.7015,person
79,1264,50.560,1293.62,715.61,99.05,228.99,0.6557,person
80,1264,50.560,1233.16,639.68,81.34,221.69,0.6045,person
60,1264,50.560,1144.99,627.33,89.78,234.07,0.6771,person
82,1264,50.560,1053.14,958.17,84.96,121.83,0.6029,person
83,1264,50.560,991.09,657.12,78.29,248.75,0.5389,person
76,1264,50.560,309.45,991.12,87.83,88.88,0.5775,person
73,1265,50.600,1060.90,618.04,81.63,238.79,0.7000,person
79,1265,50.600,1292.90,713.49,98.91,230.22,0.6119,person
80,1265,50.600,1232.53,637.01,81.98,222.88,0.6077,person
60,1265,50.600,1146.41,629.09,89.74,234.04,0.6746,person
82,1265,50.600,1053.57,957.78,85.31,122.22,0.5647,person
83,1265,50.600,992.38,663.61,77.38,245.90,0.5734,person
76,1265,50.600,310.73,994.94,86.64,85.06,0.5733,person
73,1266,50.640,1061.00,620.92,81.84,238.52,0.7023,person
79,1266,50.640,1292.57,710.88,97.26,229.00,0.5716,person
80,1266,50.640,1232.48,634.47,82.85,225.16,0.5795,person
60,1266,50.640,1147.99,630.64,89.71,234.11,0.6656,person
82,1266,50.640,1053.87,957.99,85.23,122.01,0.6008,person
83,1266,50.640,994.07,668.79,77.38,246.59,0.6037,person
76,1266,50.640,311.73,997.92,86.06,82.08,0.6109,person
73,1267,50.680,1061.10,623.57,82.94,240.65,0.6932,person
79,1267,50.680,1290.76,708.02,96.08,229.73,0.5069,person
80,1267,50.680,1232.31,632.90,83.20,225.64,0.5113,person
60,1267,50.680,1148.91,632.72,89.40,233.94,0.6562,person
82,1267,50.680,1054.03,957.50,85.51,122.50,0.5892,person
83,1267,50.680,995.78,672.45,77.03,246.21,0.6087,person
76,1267,50.680,312.97,1001.53,84.73,78.47,0.5672,person
73,1268,50.720,1060.81,625.10,84.06,242.71,0.7048,person
79,1268,50.720,1291.22,706.55,92.75,226.40,0.5196,person
60,1268,50.720,1150.23,634.67,89.47,234.64,0.6732,person
82,1268,50.720,1054.32,957.26,85.66,122.74,0.5835,person
83,1268,50.720,997.16,674.83,76.81,245.98,0.5917,person
73,1269,50.760,1061.54,626.74,84.09,241.67,0.6923,person
79,1269,50.760,1290.65,704.42,90.00,223.93,0.5670,person
60,1269,50.760,1151.36,637.22,88.19,231.32,0.6651,person
82,1269,50.760,1054.48,956.51,86.15,123.49,0.5630,person
83,1269,50.760,998.19,676.98,76.33,244.56,0.5821,person
73,1270,50.800,1061.68,628.27,84.81,243.41,0.6841,person
79,1270,50.800,1289.99,702.87,87.51,221.32,0.6000,person
60,1270,50.800,1152.42,639.05,87.95,230.42,0.6400,person
82,1270,50.800,1054.50,955.15,86.98,124.85,0.5719,person
83,1270,50.800,998.10,679.87,76.03,241.36,0.5935,person
84,1270,50.800,870.84,610.21,76.38,236.04,0.6061,person
73,1271,50.840,1061.18,629.50,86.09,247.32,0.6791,person
79,1271,50.840,1288.29,701.84,85.70,218.99,0.6501,person
60,1271,50.840,1152.69,641.13,87.72,229.32,0.6291,person
82,1271,50.840,1054.75,953.31,88.03,126.69,0.5455,person
83,1271,50.840,998.03,681.97,76.15,239.68,0.6650,person
84,1271,50.840,870.08,609.84,76.76,237.21,0.6127,person
73,1272,50.880,1061.14,630.67,86.44,248.89,0.6623,person
79,1272,50.880,1286.25,700.57,85.21,218.32,0.6886,person
60,1272,50.880,1153.46,644.56,87.95,228.59,0.6573,person
83,1272,50.880,997.85,682.99,76.52,238.87,0.6763,person
84,1272,50.880,870.46,612.04,76.38,236.21,0.5977,person
73,1273,50.920,1061.14,631.67,86.15,249.08,0.6313,person
79,1273,50.920,1284.63,699.40,84.64,216.42,0.6597,person
60,1273,50.920,1152.76,647.04,88.02,228.48,0.6479,person
83,1273,50.920,998.95,683.54,77.09,238.19,0.6332,person
84,1273,50.920,870.49,612.15,76.23,236.12,0.5489,person
73,1274,50.960,1061.71,631.87,85.78,249.31,0.6225,person
79,1274,50.960,1282.56,697.27,85.26,217.79,0.6623,person
60,1274,50.960,1154.57,648.12,90.73,235.80,0.6486,person
83,1274,50.960,999.20,684.15,77.43,237.06,0.6243,person
84,1274,50.960,869.62,610.58,76.21,236.30,0.5452,person
73,1275,51.000,1062.48,631.08,85.45,249.77,0.5949,person
79,1275,51.000,1280.21,693.45,86.86,221.38,0.6613,person
60,1275,51.000,1157.02,649.99,91.44,238.22,0.6676,person
83,1275,51.000,1000.04,685.22,78.12,236.41,0.6480,person
84,1275,51.000,869.65,609.02,75.94,235.51,0.5181,person
73,1276,51.040,1063.47,631.71,84.70,248.79,0.5724,person
79,1276,51.040,1276.66,689.58,88.28,224.51,0.6287,person
60,1276,51.040,1157.52,651.60,91.84,238.32,0.6539,person
83,1276,51.040,999.67,686.33,78.56,236.17,0.6212,person
82,1276,51.040,1055.41,949.32,90.57,130.56,0.5001,person
73,1277,51.080,1066.23,635.09,81.86,240.38,0.5614,person
79,1277,51.080,1273.71,687.64,89.11,225.42,0.6438,person
60,1277,51.080,1159.63,652.73,92.01,238.29,0.6396,person
83,1277,51.080,1000.44,687.23,79.37,237.41,0.6165,person
82,1277,51.080,1055.63,949.08,90.65,130.81,0.5078,person
73,1278,51.120,1067.65,637.53,80.65,236.55,0.5756,person
79,1278,51.120,1270.45,685.43,89.89,226.30,0.6392,person
60,1278,51.120,1161.91,653.19,92.36,238.34,0.6332,person
83,1278,51.120,1001.48,687.64,81.41,242.37,0.5998,person
73,1279,51.160,1068.59,639.07,80.79,236.29,0.5770,person
79,1279,51.160,1269.34,687.72,88.76,222.07,0.6617,person
60,1279,51.160,1163.94,653.88,91.96,236.90,0.6243,person
83,1279,51.160,1001.65,688.46,83.69,248.14,0.5631,person
73,1280,51.200,1068.56,640.62,81.23,237.70,0.5205,person
79,1280,51.200,1267.57,685.32,89.58,223.19,0.6241,person
60,1280,51.200,1164.39,655.24,91.59,236.56,0.6012,person
83,1280,51.200,1001.76,689.88,85.06,251.41,0.5998,person
73,1281,51.240,1068.50,641.58,82.53,241.49,0.5440,person
79,1281,51.240,1265.28,682.62,90.58,225.33,0.6214,person
60,1281,51.240,1164.71,656.61,90.67,235.16,0.6228,person
83,1281,51.240,1002.04,691.03,86.48,255.29,0.6057,person
73,1282,51.280,1068.98,642.52,83.24,243.39,0.5521,person
79,1282,51.280,1264.38,680.17,90.59,224.88,0.6012,person
60,1282,51.280,1165.02,656.85,90.73,235.20,0.6547,person
83,1282,51.280,1001.37,696.53,85.82,252.47,0.6265,person
73,1283,51.320,1069.04,644.44,83.07,243.08,0.5914,person
79,1283,51.320,1264.15,678.40,88.59,218.60,0.6133,person
60,1283,51.320,1165.24,657.49,90.92,235.56,0.6834,person
83,1283,51.320,1001.03,699.77,85.06,248.15,0.6383,person
84,1283,51.320,870.24,590.96,72.74,224.57,0.5092,person
73,1284,51.360,1070.03,645.57,82.95,243.45,0.5669,person
79,1284,51.360,1262.50,676.37,88.21,216.70,0.6389,person
60,1284,51.360,1164.77,659.26,91.56,237.17,0.6648,person
83,1284,51.360,1000.07,703.08,85.30,245.89,0.6481,person
73,1285,51.400,1070.77,647.22,83.52,245.43,0.5776,person
79,1285,51.400,1261.11,672.29,88.30,216.05,0.6347,person
60,1285,51.400,1164.10,661.48,92.48,239.64,0.6579,person
83,1285,51.400,1000.75,704.37,87.13,249.62,0.5842,person
73,1286,51.440,1069.91,648.74,84.06,248.61,0.5534,person
79,1286,51.440,1260.22,668.08,87.83,214.59,0.6378,person
60,1286,51.440,1164.68,663.98,93.61,243.35,0.6372,person
83,1286,51.440,1003.41,704.59,87.67,251.78,0.5027,person
73,1287,51.480,1069.51,651.41,84.07,249.31,0.5764,person
79,1287,51.480,1260.31,666.29,86.35,212.09,0.5851,person
60,1287,51.480,1165.40,665.97,94.13,245.20,0.6509,person
83,1287,51.480,1004.89,706.92,86.65,249.63,0.5112,person
73,1288,51.520,1069.43,654.00,84.16,250.01,0.6095,person
79,1288,51.520,1259.48,664.51,86.52,212.31,0.6088,person
60,1288,51.520,1165.47,668.00,94.67,246.78,0.6693,person
73,1289,51.560,1070.60,656.01,84.74,251.29,0.5755,person
79,1289,51.560,1257.71,663.82,86.05,211.80,0.6237,person
60,1289,51.560,1166.70,669.53,94.76,247.38,0.6796,person
84,1289,51.560,866.89,578.62,76.44,236.03,0.5092,person
73,1290,51.600,1073.42,658.26,85.98,253.60,0.5890,person
79,1290,51.600,1255.74,662.49,85.96,211.97,0.6136,person
60,1290,51.600,1167.04,671.47,95.69,250.18,0.6883,person
84,1290,51.600,866.48,577.68,76.60,237.42,0.5217,person
83,1290,51.600,1009.48,708.23,87.29,251.14,0.5874,person
73,1291,51.640,1075.03,659.36,87.02,254.48,0.6014,person
79,1291,51.640,1254.31,661.13,85.58,211.94,0.5594,person
60,1291,51.640,1168.04,672.16,96.12,251.53,0.6927,person
84,1291,51.640,865.90,577.74,76.09,236.79,0.5056,person
83,1291,51.640,1010.59,708.46,86.97,250.37,0.5558,person
73,1292,51.680,1075.76,659.96,88.73,256.96,0.6200,person
79,1292,51.680,1252.66,659.55,85.31,212.34,0.5387,person
60,1292,51.680,1169.27,673.06,95.80,250.99,0.7005,person
84,1292,51.680,865.64,577.33,75.47,235.99,0.5072,person
83,1292,51.680,1011.87,710.38,86.36,249.34,0.5820,person
73,1293,51.720,1076.01,661.07,89.54,256.95,0.6494,person
79,1293,51.720,1251.60,658.21,84.64,211.98,0.5227,person
60,1293,51.720,1170.25,673.90,95.34,250.31,0.7025,person
73,1294,51.760,1075.82,662.25,90.00,256.59,0.6357,person
60,1294,51.760,1171.33,675.04,94.85,249.51,0.6947,person
84,1294,51.760,864.51,575.95,74.02,232.22,0.5128,person
83,1294,51.760,1011.75,712.36,83.94,245.32,0.5112,person
73,1295,51.800,1075.63,663.91,90.23,255.58,0.6101,person
60,1295,51.800,1172.47,675.44,94.25,247.95,0.6907,person
73,1296,51.840,1076.16,665.13,89.34,251.77,0.6376,person
60,1296,51.840,1174.10,677.52,93.46,245.90,0.6590,person
73,1297,51.880,1076.49,665.91,88.68,248.72,0.6197,person
60,1297,51.880,1175.25,678.46,92.90,243.67,0.6770,person
73,1298,51.920,1077.03,667.49,89.21,248.56,0.6658,person
60,1298,51.920,1175.69,680.29,92.63,242.24,0.7006,person
84,1298,51.920,859.46,569.16,70.11,220.41,0.5186,person
73,1299,51.960,1077.42,670.30,89.02,246.69,0.6794,person
60,1299,51.960,1176.35,682.62,92.57,240.47,0.7342,person
84,1299,51.960,858.30,566.76,69.60,219.06,0.5443,person
73,1300,52.000,1077.24,672.66,89.87,247.92,0.6877,person
60,1300,52.000,1177.19,685.18,93.56,241.31,0.7137,person
84,1300,52.000,857.29,563.67,69.80,220.44,0.5525,person
73,1301,52.040,1078.12,674.51,90.10,248.09,0.6890,person
60,1301,52.040,1179.51,688.74,95.19,242.67,0.6934,person
84,1301,52.040,856.27,562.71,70.17,221.94,0.5531,person
82,1301,52.040,1049.50,933.20,98.16,146.75,0.5055,person
73,1302,52.080,1078.02,676.25,90.56,249.25,0.6849,person
60,1302,52.080,1181.16,693.40,97.11,244.32,0.6723,person
84,1302,52.080,855.74,561.22,70.90,224.17,0.5497,person
85,1302,52.080,464.00,578.04,72.26,199.19,0.5578,person
73,1303,52.120,1078.27,678.06,90.97,250.22,0.6832,person
60,1303,52.120,1182.23,697.09,97.75,242.98,0.7205,person
84,1303,52.120,856.04,559.77,71.21,224.51,0.5263,person
85,1303,52.120,462.45,578.55,72.09,198.78,0.5138,person
86,1303,52.120,952.09,685.85,79.38,232.82,0.6127,person
73,1304,52.160,1079.67,680.88,90.05,247.95,0.6465,person
60,1304,52.160,1181.85,700.31,98.77,243.68,0.7598,person
84,1304,52.160,855.89,558.11,71.97,226.06,0.5468,person
85,1304,52.160,460.90,580.99,72.23,199.13,0.5399,person
86,1304,52.160,951.28,686.29,79.68,233.47,0.5844,person
82,1304,52.160,1047.99,931.72,96.53,147.79,0.5066,person
73,1305,52.200,1081.08,684.38,89.36,245.96,0.6017,person
60,1305,52.200,1183.14,703.17,98.72,242.19,0.7239,person
84,1305,52.200,855.64,557.43,72.27,225.87,0.5231,person
86,1305,52.200,950.26,685.82,80.38,235.11,0.5980,person
73,1306,52.240,1081.44,686.91,89.99,247.20,0.6031,person
60,1306,52.240,1185.46,705.04,99.70,243.79,0.7456,person
86,1306,52.240,950.15,690.35,79.38,231.59,0.5813,person
83,1306,52.240,1018.22,747.98,78.77,230.86,0.5173,person
73,1307,52.280,1081.90,688.47,90.85,251.14,0.5995,person
60,1307,52.280,1186.37,707.07,100.77,245.95,0.7430,person
86,1307,52.280,950.64,692.56,79.28,230.51,0.5785,person
84,1307,52.280,853.89,556.23,73.35,229.34,0.5162,person
73,1308,52.320,1085.18,691.61,87.16,240.66,0.6310,person
60,1308,52.320,1186.80,707.65,102.10,247.47,0.7881,person
86,1308,52.320,950.76,692.85,80.16,232.19,0.5909,person
84,1308,52.320,852.16,555.83,74.11,231.15,0.5162,person
83,1308,52.320,1018.52,751.79,77.34,226.25,0.5290,person
73,1309,52.360,1086.67,692.98,86.83,239.24,0.6488,person
60,1309,52.360,1189.19,710.11,101.68,244.09,0.7737,person
86,1309,52.360,950.08,695.18,79.63,230.07,0.6039,person
83,1309,52.360,1018.99,750.52,77.65,226.92,0.5290,person
73,1310,52.400,1088.01,692.45,91.62,252.47,0.6424,person
60,1310,52.400,1190.52,711.47,101.86,243.13,0.7572,person
86,1310,52.400,949.83,697.50,80.65,232.57,0.6228,person
83,1310,52.400,1018.82,753.51,78.20,228.51,0.5681,person
84,1310,52.400,852.13,554.36,74.63,231.91,0.5180,person
73,1311,52.440,1089.07,693.23,93.42,257.87,0.6496,person
60,1311,52.440,1192.39,712.45,101.86,242.00,0.7745,person
86,1311,52.440,951.52,699.85,80.28,230.84,0.5808,person
83,1311,52.440,1019.47,754.83,77.78,229.01,0.5402,person
84,1311,52.440,852.55,554.43,74.52,230.94,0.5342,person
73,1312,52.480,1091.65,693.72,90.37,248.34,0.6471,person
60,1312,52.480,1193.72,713.19,101.94,241.04,0.7867,person
86,1312,52.480,952.01,701.71,79.91,229.43,0.5466,person
83,1312,52.480,1018.66,756.85,78.16,230.40,0.5266,person
73,1313,52.520,1092.27,694.08,89.58,244.46,0.6350,person
60,1313,52.520,1194.01,713.11,102.30,240.85,0.7753,person
86,1313,52.520,953.23,704.34,79.50,228.24,0.5450,person
83,1313,52.520,1021.57,759.75,75.65,221.51,0.5037,person
85,1313,52.520,452.59,593.46,76.28,210.76,0.5404,person
73,1314,52.560,1093.17,694.68,92.60,252.73,0.6228,person
60,1314,52.560,1194.23,714.23,102.29,239.65,0.7404,person
86,1314,52.560,954.48,706.07,79.47,227.98,0.5362,person
83,1314,52.560,1021.09,761.31,79.60,231.87,0.5087,person
85,1314,52.560,452.27,594.62,76.13,210.69,0.5451,person
73,1315,52.600,1093.96,695.81,93.70,255.06,0.6291,person
60,1315,52.600,1194.31,714.92,102.42,239.18,0.7136,person
86,1315,52.600,955.40,707.90,78.90,225.46,0.5363,person
85,1315,52.600,452.44,595.51,75.97,210.92,0.5401,person
73,1316,52.640,1095.46,697.23,93.93,254.65,0.6669,person
60,1316,52.640,1194.39,716.17,103.52,241.67,0.7416,person
86,1316,52.640,956.27,709.09,80.06,227.88,0.5227,person
85,1316,52.640,453.75,597.92,74.30,207.49,0.5558,person
84,1316,52.640,855.18,546.90,71.19,219.60,0.5245,person
73,1317,52.680,1096.61,698.27,94.30,255.49,0.6770,person
60,1317,52.680,1194.14,716.83,104.84,244.95,0.7550,person
85,1317,52.680,454.95,600.47,72.74,204.13,0.5166,person
87,1317,52.680,66.61,715.80,81.84,235.61,0.6324,person
84,1317,52.680,854.59,544.81,71.56,219.84,0.5412,person
73,1318,52.720,1096.90,700.81,95.34,258.50,0.6965,person
60,1318,52.720,1193.46,718.02,107.01,250.56,0.7620,person
85,1318,52.720,455.71,602.39,71.99,202.58,0.5221,person
87,1318,52.720,67.89,715.50,81.59,234.55,0.6573,person
84,1318,52.720,854.49,543.07,71.77,219.30,0.5277,person
86,1318,52.720,960.37,712.57,78.75,222.83,0.5131,person
73,1319,52.760,1096.36,704.38,97.17,264.92,0.7164,person
60,1319,52.760,1193.85,720.38,107.95,253.66,0.7838,person
85,1319,52.760,455.69,604.24,71.99,202.94,0.5077,person
87,1319,52.760,67.72,714.01,82.88,237.52,0.6532,person
73,1320,52.800,1096.79,707.72,98.07,268.06,0.6642,person
60,1320,52.800,1195.25,724.11,107.59,253.13,0.7488,person
87,1320,52.800,69.09,715.03,84.44,240.86,0.6445,person
86,1320,52.800,961.88,713.14,79.55,224.18,0.5028,person
73,1321,52.840,1099.00,711.63,97.74,266.60,0.6828,person
60,1321,52.840,1197.75,727.35,106.53,251.67,0.7244,person
87,1321,52.840,68.47,714.59,86.70,246.00,0.6438,person
85,1321,52.840,455.75,604.54,73.53,206.98,0.5125,person
73,1322,52.880,1101.22,715.75,96.94,264.59,0.6895,person
60,1322,52.880,1198.53,726.31,107.24,254.60,0.7222,person
87,1322,52.880,69.30,714.71,87.53,246.70,0.6607,person
85,1322,52.880,455.54,606.27,75.21,211.15,0.5406,person
73,1323,52.920,1102.76,718.91,96.37,262.98,0.7021,person
60,1323,52.920,1199.50,727.64,107.03,255.47,0.7270,person
87,1323,52.920,71.11,715.78,88.00,246.11,0.6536,person
85,1323,52.920,454.51,608.36,76.82,214.91,0.5812,person
73,1324,52.960,1103.51,720.85,97.47,266.64,0.6849,person
60,1324,52.960,1200.60,729.41,107.29,257.20,0.7344,person
87,1324,52.960,72.87,716.73,89.11,247.06,0.6490,person
85,1324,52.960,454.48,610.04,77.69,216.52,0.5295,person
73,1325,53.000,1104.36,722.54,97.77,267.80,0.6978,person
60,1325,53.000,1202.72,731.33,106.66,257.87,0.7073,person
87,1325,53.000,75.56,719.84,89.00,245.00,0.6451,person
85,1325,53.000,454.21,611.33,77.70,216.30,0.5232,person
73,1326,53.040,1105.61,723.32,97.78,267.58,0.7054,person
60,1326,53.040,1205.23,734.11,105.15,256.52,0.7040,person
87,1326,53.040,77.36,721.52,89.06,243.56,0.6427,person
73,1327,53.080,1105.70,724.18,97.97,268.86,0.7118,person
60,1327,53.080,1206.82,736.76,103.79,255.49,0.6886,person
87,1327,53.080,77.17,722.81,89.22,243.13,0.6706,person
73,1328,53.120,1105.83,724.83,97.06,267.06,0.6712,person
60,1328,53.120,1207.63,738.50,102.56,254.12,0.6689,person
87,1328,53.120,77.27,723.81,88.94,242.26,0.6473,person
84,1328,53.120,850.36,526.26,75.76,232.51,0.5283,person
73,1329,53.160,1106.81,725.42,96.45,265.24,0.6502,person
60,1329,53.160,1207.98,739.51,102.19,254.03,0.6495,person
87,1329,53.160,77.30,724.60,88.95,242.72,0.6496,person
88,1329,53.160,1193.52,579.74,82.56,201.00,0.6256,person
85,1329,53.160,456.69,617.04,76.22,211.11,0.5129,person
73,1330,53.200,1109.69,726.51,95.98,262.67,0.6636,person
60,1330,53.200,1209.19,741.33,101.51,253.00,0.6504,person
87,1330,53.200,77.09,726.69,87.74,240.04,0.6431,person
88,1330,53.200,1191.28,576.83,83.97,204.31,0.6184,person
73,1331,53.240,1110.87,726.69,95.38,260.06,0.6917,person
60,1331,53.240,1209.71,742.09,100.56,250.75,0.6668,person
87,1331,53.240,76.75,729.11,86.80,239.03,0.6311,person
88,1331,53.240,1188.02,573.62,84.40,205.24,0.5766,person
73,1332,53.280,1112.50,728.80,95.09,258.45,0.6746,person
60,1332,53.280,1210.73,743.45,100.43,250.88,0.6817,person
87,1332,53.280,76.34,729.91,86.07,239.44,0.5812,person
88,1332,53.280,1184.60,571.37,85.63,207.75,0.5096,person
83,1332,53.280,1010.82,781.42,81.23,243.00,0.5325,person
73,1333,53.320,1113.97,730.38,94.27,255.04,0.6720,person
60,1333,53.320,1210.97,745.63,100.21,250.09,0.6806,person
87,1333,53.320,75.30,730.40,85.28,240.39,0.5746,person
88,1333,53.320,1182.74,571.80,84.69,204.73,0.5066,person
83,1333,53.320,1011.29,787.74,79.52,242.02,0.6001,person
84,1333,53.320,851.14,521.34,70.68,217.17,0.5182,person
73,1334,53.360,1115.06,731.46,94.45,254.56,0.6544,person
60,1334,53.360,1211.56,748.34,100.60,251.53,0.6657,person
87,1334,53.360,75.88,731.47,83.66,239.71,0.5140,person
83,1334,53.360,1010.08,786.77,81.18,252.00,0.5096,person
84,1334,53.360,850.91,520.92,70.03,214.67,0.5259,person
73,1335,53.400,1118.29,734.86,93.29,250.51,0.6590,person
60,1335,53.400,1211.45,751.35,101.63,254.54,0.6637,person
87,1335,53.400,76.67,732.28,82.06,238.84,0.5018,person
83,1335,53.400,1008.37,792.81,80.58,250.55,0.5155,person
84,1335,53.400,850.75,519.50,69.34,211.66,0.5345,person
85,1335,53.400,451.55,628.73,73.40,204.97,0.5102,person
73,1336,53.440,1119.57,737.35,93.53,250.76,0.6182,person
60,1336,53.440,1212.61,754.44,102.62,257.11,0.6856,person
83,1336,53.440,1006.37,800.58,82.24,257.39,0.5424,person
84,1336,53.440,850.46,518.24,69.24,210.61,0.5207,person
73,1337,53.480,1118.09,739.70,95.47,255.73,0.6404,person
60,1337,53.480,1214.41,758.34,102.40,256.91,0.7075,person
83,1337,53.480,1004.14,806.90,82.53,259.45,0.5496,person
84,1337,53.480,849.79,517.53,69.26,209.91,0.5326,person
88,1337,53.480,1171.02,563.99,88.59,213.23,0.5087,person
73,1338,53.520,1119.02,742.35,96.52,257.60,0.6277,person
60,1338,53.520,1216.37,762.00,101.60,255.46,0.7084,person
83,1338,53.520,1003.02,811.03,82.97,262.64,0.5121,person
73,1339,53.560,1120.36,745.16,95.44,254.17,0.6440,person
60,1339,53.560,1216.81,765.05,102.30,257.83,0.7041,person
83,1339,53.560,1002.48,812.89,83.10,263.93,0.5134,person
73,1340,53.600,1120.84,747.39,96.78,258.07,0.5943,person
60,1340,53.600,1217.76,766.58,103.06,260.85,0.7110,person
83,1340,53.600,1002.32,819.21,81.35,257.84,0.5287,person
88,1340,53.600,1166.98,560.65,85.59,203.61,0.5330,person
73,1341,53.640,1120.61,748.85,98.75,264.13,0.6208,person
60,1341,53.640,1218.69,767.82,103.16,261.61,0.7489,person
83,1341,53.640,1001.10,821.50,81.04,256.48,0.6110,person
88,1341,53.640,1166.28,560.83,84.24,198.11,0.5384,person
84,1341,53.640,847.37,512.50,71.81,217.48,0.5154,person
73,1342,53.680,1121.00,750.06,99.87,267.20,0.6206,person
60,1342,53.680,1220.20,769.76,102.39,259.68,0.7380,person
83,1342,53.680,999.94,822.67,81.04,255.46,0.6046,person
73,1343,53.720,1122.79,751.01,100.33,268.64,0.6428,person
60,1343,53.720,1221.87,771.27,101.67,258.48,0.7477,person
83,1343,53.720,997.88,823.10,81.36,255.28,0.6281,person
88,1343,53.720,1162.41,555.34,84.25,199.57,0.5266,person
84,1343,53.720,846.60,511.09,72.66,218.82,0.5001,person
73,1344,53.760,1125.06,751.56,100.27,268.91,0.6351,person
60,1344,53.760,1223.74,772.99,100.63,256.27,0.7380,person
83,1344,53.760,996.13,824.39,81.61,254.31,0.5433,person
89,1344,53.760,211.36,673.38,80.79,208.74,0.5492,person
88,1344,53.760,1161.34,553.95,83.73,200.97,0.5358,person
84,1344,53.760,846.41,509.64,72.87,219.80,0.5239,person
73,1345,53.800,1128.94,752.57,100.57,267.99,0.6183,person
60,1345,53.800,1225.53,774.04,99.75,254.55,0.7346,person
83,1345,53.800,993.88,826.58,81.61,252.62,0.5557,person
89,1345,53.800,210.76,674.98,80.03,206.55,0.5589,person
88,1345,53.800,1160.77,552.26,83.05,201.88,0.5081,person
84,1345,53.800,845.27,508.73,73.59,221.41,0.5387,person
73,1346,53.840,1131.31,752.58,101.84,269.87,0.6206,person
60,1346,53.840,1227.02,775.33,98.96,253.37,0.7322,person
89,1346,53.840,210.31,675.92,79.80,205.65,0.5339,person
88,1346,53.840,1161.18,551.76,81.52,200.51,0.5039,person
84,1346,53.840,843.78,507.84,74.20,222.54,0.5321,person
73,1347,53.880,1132.21,753.63,102.29,269.65,0.5996,person
60,1347,53.880,1227.53,776.63,98.40,252.73,0.7207,person
89,1347,53.880,210.13,676.82,79.84,205.36,0.5292,person
84,1347,53.880,843.63,507.64,74.81,223.82,0.5237,person
83,1347,53.880,991.94,829.62,81.00,249.59,0.5236,person
73,1348,53.920,1132.32,753.80,102.65,268.91,0.6210,person
60,1348,53.920,1228.00,778.54,97.70,251.01,0.7490,person
73,1349,53.960,1132.58,753.62,103.08,269.30,0.6435,person
60,1349,53.960,1227.73,780.96,97.42,250.19,0.7644,person
84,1349,53.960,842.76,504.82,74.71,222.50,0.5334,person
83,1349,53.960,989.55,835.73,80.07,244.27,0.5643,person
73,1350,54.000,1132.64,754.16,102.57,268.25,0.6636,person
60,1350,54.000,1226.81,783.27,98.19,251.48,0.7633,person
84,1350,54.000,842.19,502.61,74.34,221.39,0.5521,person
83,1350,54.000,987.83,835.58,80.94,244.42,0.5687,person
73,1351,54.040,1132.87,755.54,102.16,268.04,0.6547,person
60,1351,54.040,1226.11,785.25,99.82,255.91,0.7344,person
84,1351,54.040,843.04,501.05,73.77,220.97,0.5528,person
83,1351,54.040,986.27,838.53,81.11,241.47,0.5093,person
73,1352,54.080,1132.91,756.45,102.30,269.14,0.6363,person
60,1352,54.080,1225.87,787.85,100.62,258.44,0.7424,person
84,1352,54.080,844.20,499.64,72.44,217.88,0.5467,person
83,1352,54.080,985.58,841.25,80.84,238.75,0.5617,person
73,1353,54.120,1131.92,757.72,103.55,272.98,0.6040,person
60,1353,54.120,1226.52,791.06,100.33,258.12,0.7436,person
84,1353,54.120,845.29,498.73,71.28,214.51,0.5227,person
83,1353,54.120,983.80,846.14,80.22,233.86,0.5605,person
73,1354,54.160,1130.86,759.97,104.63,276.09,0.5818,person
60,1354,54.160,1227.25,795.24,99.21,255.61,0.7327,person
84,1354,54.160,846.50,497.18,70.85,214.03,0.5118,person
83,1354,54.160,981.73,847.25,80.98,232.75,0.5438,person
88,1354,54.160,1146.42,537.15,78.31,197.02,0.5166,person
73,1355,54.200,1130.44,763.26,105.61,278.66,0.6194,person
60,1355,54.200,1227.53,798.02,99.51,257.39,0.7369,person
84,1355,54.200,847.25,495.59,69.93,211.88,0.5104,person
83,1355,54.200,979.68,848.21,81.68,231.79,0.5264,person
88,1355,54.200,1143.38,533.47,77.82,198.46,0.5572,person
73,1356,54.240,1131.57,766.12,104.48,275.19,0.6040,person
60,1356,54.240,1228.19,800.33,100.24,261.14,0.7635,person
83,1356,54.240,977.61,850.21,82.28,229.79,0.5504,person
88,1356,54.240,1140.68,528.37,78.66,202.37,0.6414,person
73,1357,54.280,1131.68,768.76,103.43,271.68,0.5928,person
60,1357,54.280,1227.80,802.11,100.60,263.64,0.7401,person
83,1357,54.280,976.39,852.06,82.85,227.80,0.5576,person
88,1357,54.280,1138.75,525.72,78.79,204.66,0.6431,person
90,1357,54.280,1764.36,368.62,69.52,220.20,0.6364,person
84,1357,54.280,846.92,493.20,69.25,210.84,0.5273,person
73,1358,54.320,1131.69,771.87,103.53,271.32,0.6038,person
60,1358,54.320,1228.21,804.61,99.81,263.24,0.7385,person
83,1358,54.320,976.29,854.45,83.59,225.55,0.5357,person
88,1358,54.320,1137.12,524.11,78.47,205.02,0.6219,person
90,1358,54.320,1762.73,370.43,68.89,218.15,0.6016,person
84,1358,54.320,846.05,491.82,70.12,214.62,0.5253,person
87,1358,54.320,41.78,771.60,86.67,249.35,0.5844,person
73,1359,54.360,1131.34,774.76,105.42,276.33,0.5741,person
60,1359,54.360,1229.02,806.92,98.82,261.91,0.7402,person
83,1359,54.360,973.21,858.05,83.31,221.95,0.5934,person
88,1359,54.360,1135.06,521.83,78.53,205.80,0.6392,person
90,1359,54.360,1759.79,369.34,69.31,219.61,0.6000,person
84,1359,54.360,845.99,490.01,70.30,216.79,0.5240,person
87,1359,54.360,41.19,773.18,87.29,249.91,0.6337,person
73,1360,54.400,1132.03,776.44,105.79,276.05,0.6237,person
60,1360,54.400,1229.82,807.30,98.10,261.00,0.7317,person
83,1360,54.400,971.52,860.43,83.14,219.57,0.5874,person
88,1360,54.400,1131.92,518.26,79.26,207.50,0.6047,person
90,1360,54.400,1757.18,369.22,68.67,217.58,0.5948,person
84,1360,54.400,846.28,489.31,70.06,217.17,0.5061,person
87,1360,54.400,41.14,774.21,87.04,249.46,0.6509,person
73,1361,54.440,1130.93,777.67,106.72,277.78,0.6074,person
60,1361,54.440,1230.88,809.25,97.00,258.60,0.7396,person
83,1361,54.440,970.32,860.56,83.74,219.44,0.6198,person
88,1361,54.440,1128.45,515.18,80.43,210.76,0.5420,person
90,1361,54.440,1755.34,368.79,67.42,213.20,0.6092,person
84,1361,54.440,846.07,488.29,70.19,218.46,0.5075,person
87,1361,54.440,41.30,775.14,86.89,250.69,0.6562,person
73,1362,54.480,1130.63,783.43,105.90,274.55,0.6288,person
60,1362,54.480,1231.49,809.40,97.20,259.87,0.7642,person
83,1362,54.480,969.04,860.46,84.67,219.54,0.6426,person
88,1362,54.480,1128.71,518.85,77.44,201.79,0.5406,person
90,1362,54.480,1753.19,368.48,66.94,210.95,0.5278,person
87,1362,54.480,42.13,776.05,86.80,252.03,0.6403,person
91,1362,54.480,346.89,655.41,85.40,231.80,0.6093,person
73,1363,54.520,1129.96,788.97,104.59,270.13,0.5830,person
60,1363,54.520,1232.66,809.84,97.01,259.98,0.7395,person
83,1363,54.520,966.47,861.24,85.14,218.76,0.6369,person
90,1363,54.520,1751.94,368.69,66.84,209.90,0.5308,person
87,1363,54.520,43.15,777.20,86.93,253.90,0.6146,person
91,1363,54.520,346.68,656.39,85.38,231.95,0.6286,person
84,1363,54.520,845.76,487.69,70.51,219.84,0.5092,person
73,1364,54.560,1129.63,792.17,104.28,268.47,0.5720,person
60,1364,54.560,1234.12,810.96,96.79,259.31,0.7593,person
83,1364,54.560,962.45,862.23,85.31,217.77,0.6204,person
90,1364,54.560,1750.68,367.55,67.16,210.46,0.5389,person
87,1364,54.560,44.51,777.85,87.33,255.71,0.6022,person
91,1364,54.560,347.27,658.50,85.69,233.11,0.5993,person
88,1364,54.560,1127.81,516.71,77.52,201.74,0.5245,person
73,1365,54.600,1130.17,794.04,103.85,266.81,0.5436,person
60,1365,54.600,1234.24,812.32,96.99,259.08,0.7619,person
83,1365,54.600,960.39,864.12,85.34,215.88,0.5813,person
87,1365,54.600,45.60,778.10,86.70,254.21,0.6250,person
91,1365,54.600,349.42,659.52,85.45,233.60,0.5623,person
88,1365,54.600,1126.60,513.85,79.22,206.41,0.5504,person
84,1365,54.600,846.23,485.87,70.59,220.85,0.5033,person
73,1366,54.640,1128.62,797.75,102.11,263.20,0.5693,person
60,1366,54.640,1234.54,814.13,98.05,261.36,0.7748,person
83,1366,54.640,957.09,867.03,84.63,212.97,0.5965,person
87,1366,54.640,46.73,778.22,86.18,253.27,0.5991,person
91,1366,54.640,350.52,661.54,85.93,236.47,0.5150,person
88,1366,54.640,1124.72,511.28,78.78,205.53,0.5547,person
90,1366,54.640,1744.49,363.96,69.31,216.26,0.5040,person
73,1367,54.680,1129.09,800.91,101.38,261.20,0.5788,person
60,1367,54.680,1235.71,816.43,98.59,262.00,0.7762,person
83,1367,54.680,955.75,870.05,83.83,209.95,0.5783,person
87,1367,54.680,48.52,778.24,85.90,252.44,0.5808,person
91,1367,54.680,350.02,663.78,85.65,236.39,0.5737,person
88,1367,54.680,1125.31,509.42,77.27,201.99,0.5639,person
73,1368,54.720,1126.80,804.17,99.29,256.07,0.5795,person
60,1368,54.720,1236.97,818.28,98.47,260.52,0.7846,person
83,1368,54.720,955.88,875.07,82.62,204.93,0.5808,person
87,1368,54.720,50.01,778.98,85.95,252.33,0.6046,person
91,1368,54.720,350.37,666.39,85.52,236.76,0.5605,person
88,1368,54.720,1125.88,507.28,75.03,195.43,0.5167,person
73,1369,54.760,1128.43,806.75,97.42,251.54,0.5747,person
60,1369,54.760,1238.11,821.44,98.14,257.85,0.7799,person
83,1369,54.760,954.35,879.10,81.54,200.90,0.5760,person
87,1369,54.760,51.59,780.83,85.63,250.07,0.6057,person
91,1369,54.760,352.61,667.82,85.23,237.80,0.5342,person
73,1370,54.800,1131.84,808.96,97.50,252.25,0.6172,person
60,1370,54.800,1239.47,826.10,97.36,253.02,0.7641,person
83,1370,54.800,952.99,883.01,80.18,196.99,0.5738,person
87,1370,54.800,52.81,782.01,86.15,249.42,0.6352,person
91,1370,54.800,355.45,668.42,84.54,238.38,0.5147,person
73,1371,54.840,1133.37,809.00,99.04,257.45,0.6323,person
60,1371,54.840,1240.66,829.34,97.10,249.98,0.7200,person
83,1371,54.840,953.30,887.17,79.45,192.83,0.5400,person
87,1371,54.840,52.56,782.61,87.32,250.85,0.6208,person
91,1371,54.840,357.42,670.80,83.10,236.84,0.5336,person
73,1372,54.880,1134.77,809.60,100.48,262.89,0.6040,person
60,1372,54.880,1241.41,831.50,97.39,247.99,0.7335,person
83,1372,54.880,952.24,891.22,78.32,188.78,0.5545,person
87,1372,54.880,50.95,782.82,88.60,253.15,0.6186,person
91,1372,54.880,357.77,671.90,82.33,236.46,0.5499,person
88,1372,54.880,1123.53,500.20,73.07,191.76,0.5334,person
73,1373,54.920,1137.87,812.43,100.25,263.17,0.6093,person
60,1373,54.920,1241.42,833.43,97.83,246.05,0.7269,person
83,1373,54.920,953.98,894.40,78.69,185.60,0.5820,person
87,1373,54.920,50.07,785.93,90.83,258.59,0.5966,person
91,1373,54.920,357.66,670.77,82.03,237.44,0.5421,person
88,1373,54.920,1123.21,499.03,71.92,190.34,0.5177,person
73,1374,54.960,1139.93,815.75,99.27,261.50,0.5948,person
60,1374,54.960,1242.26,835.40,98.27,243.94,0.7468,person
83,1374,54.960,953.03,897.20,78.91,182.80,0.5265,person
87,1374,54.960,47.55,789.94,91.88,261.46,0.5955,person
91,1374,54.960,358.13,672.34,81.04,236.01,0.5441,person
88,1374,54.960,1122.67,498.07,70.98,189.49,0.5216,person
90,1374,54.960,1721.66,342.94,72.11,222.04,0.5164,person
73,1375,55.000,1141.25,817.03,98.75,260.80,0.6688,person
60,1375,55.000,1243.48,837.27,98.57,242.06,0.7349,person
83,1375,55.000,952.00,898.55,79.81,181.45,0.5196,person
87,1375,55.000,48.55,794.06,92.27,262.69,0.5914,person
91,1375,55.000,358.43,674.06,79.86,233.36,0.5343,person
90,1375,55.000,1718.09,340.92,72.91,219.76,0.5004,person
89,1375,55.000,223.78,711.91,85.37,222.50,0.5135,person
73,1376,55.040,1141.69,817.97,98.43,260.25,0.6549,person
60,1376,55.040,1244.87,838.52,98.88,240.56,0.7490,person
83,1376,55.040,948.75,900.61,79.84,179.39,0.5558,person
87,1376,55.040,47.47,796.20,93.23,266.18,0.6002,person
91,1376,55.040,358.25,674.29,79.70,234.26,0.5183,person
89,1376,55.040,224.44,712.01,85.69,226.14,0.5352,person
73,1377,55.080,1142.00,820.16,97.76,258.17,0.6637,person
60,1377,55.080,1246.01,839.98,99.08,239.10,0.7496,person
83,1377,55.080,945.20,900.75,80.73,179.25,0.5322,person
87,1377,55.080,47.06,797.96,93.46,267.88,0.6007,person
91,1377,55.080,358.15,673.46,79.52,235.39,0.5081,person
90,1377,55.080,1713.79,340.89,74.96,222.06,0.5152,person
73,1378,55.120,1142.60,822.36,97.47,256.40,0.6529,person
60,1378,55.120,1247.81,841.99,98.35,235.77,0.7353,person
87,1378,55.120,46.63,799.81,93.42,269.64,0.6353,person
91,1378,55.120,355.66,673.86,79.82,236.45,0.5045,person
73,1379,55.160,1141.98,823.89,96.62,253.36,0.6568,person
60,1379,55.160,1248.84,843.08,98.37,234.49,0.7126,person
87,1379,55.160,45.69,802.35,93.19,270.60,0.6102,person
92,1379,55.160,124.10,780.23,85.01,251.28,0.5669,person
73,1380,55.200,1143.41,825.78,96.25,251.08,0.6718,person
60,1380,55.200,1250.51,844.56,98.19,233.16,0.7080,person
87,1380,55.200,45.44,803.63,93.23,272.07,0.6291,person
92,1380,55.200,123.04,779.35,86.97,257.55,0.6155,person
83,1380,55.200,934.85,901.63,81.22,178.37,0.5054,person
73,1381,55.240,1144.02,827.64,96.32,249.76,0.6941,person
60,1381,55.240,1251.71,845.88,97.86,231.57,0.6886,person
87,1381,55.240,45.34,804.56,92.87,272.87,0.6103,person
92,1381,55.240,123.47,780.27,86.53,256.80,0.5985,person
89,1381,55.240,228.13,710.63,87.37,233.84,0.5122,person
73,1382,55.280,1145.07,830.07,96.01,247.78,0.6738,person
60,1382,55.280,1252.01,848.22,97.41,229.33,0.7180,person
87,1382,55.280,45.69,804.61,92.75,274.43,0.5941,person
92,1382,55.280,124.34,781.96,85.96,255.33,0.6174,person
83,1382,55.280,928.82,904.30,81.12,175.70,0.5648,person
73,1383,55.320,1145.84,832.36,95.40,244.99,0.6516,person
60,1383,55.320,1252.05,850.85,97.02,226.88,0.7212,person
87,1383,55.320,46.77,805.57,92.89,274.43,0.6369,person
92,1383,55.320,125.58,783.50,85.13,253.05,0.6214,person
83,1383,55.320,925.56,906.20,81.47,173.80,0.5871,person
73,1384,55.360,1146.66,832.32,96.42,246.48,0.6407,person
60,1384,55.360,1251.26,853.19,97.24,224.91,0.7075,person
87,1384,55.360,46.38,806.87,91.97,272.91,0.6099,person
92,1384,55.360,127.37,785.16,85.10,253.35,0.6101,person
83,1384,55.360,922.14,908.17,81.32,171.83,0.5987,person
84,1384,55.360,848.75,467.23,65.04,197.86,0.5174,person
73,1385,55.400,1147.12,834.45,96.52,245.42,0.6538,person
60,1385,55.400,1251.53,856.02,97.36,222.37,0.6908,person
87,1385,55.400,46.56,808.16,90.94,270.54,0.6124,person
92,1385,55.400,128.11,786.47,85.48,254.72,0.5846,person
83,1385,55.400,920.94,911.58,80.53,168.42,0.5285,person
90,1385,55.400,1701.15,329.66,72.26,215.84,0.5520,person
73,1386,55.440,1147.30,835.70,96.11,243.47,0.6793,person
60,1386,55.440,1252.18,857.93,98.08,221.61,0.6798,person
87,1386,55.440,47.23,809.86,89.66,266.76,0.6178,person
92,1386,55.440,129.54,787.52,84.00,250.15,0.5806,person
83,1386,55.440,919.79,914.91,79.81,165.09,0.5533,person
90,1386,55.440,1699.22,327.15,72.05,216.57,0.5240,person
73,1387,55.480,1146.87,836.14,96.38,243.80,0.6338,person
60,1387,55.480,1253.52,861.38,97.81,218.58,0.6903,person
87,1387,55.480,47.15,811.90,88.96,264.18,0.5674,person
92,1387,55.480,130.76,788.82,83.23,247.54,0.5690,person
83,1387,55.480,919.12,919.70,78.26,160.30,0.5437,person
90,1387,55.480,1698.19,325.17,71.75,215.90,0.6034,person
88,1387,55.480,1095.10,474.82,73.71,194.02,0.5336,person
73,1388,55.520,1147.88,840.20,95.28,239.80,0.6382,person
60,1388,55.520,1254.92,864.68,97.35,215.32,0.6783,person
87,1388,55.520,46.75,813.50,88.50,261.95,0.5490,person
92,1388,55.520,131.96,790.36,82.82,245.88,0.5561,person
83,1388,55.520,918.28,923.61,77.40,156.39,0.5253,person
90,1388,55.520,1696.38,323.99,72.26,217.95,0.6274,person
88,1388,55.520,1094.65,473.95,74.38,192.07,0.5544,person
73,1389,55.560,1149.54,845.26,94.01,234.74,0.6380,person
60,1389,55.560,1254.93,866.55,97.41,213.45,0.6934,person
87,1389,55.560,46.20,816.00,88.37,259.80,0.5829,person
92,1389,55.560,133.31,793.28,82.76,244.60,0.6240,person
83,1389,55.560,918.05,926.88,77.42,153.12,0.5522,person
90,1389,55.560,1694.61,322.60,73.28,220.76,0.5829,person
73,1390,55.600,1149.93,848.84,93.42,231.16,0.6511,person
60,1390,55.600,1255.78,868.87,97.06,211.13,0.6961,person
87,1390,55.600,45.97,818.83,88.18,257.06,0.5927,person
92,1390,55.600,134.05,795.46,84.69,249.21,0.6252,person
90,1390,55.600,1693.40,321.17,73.61,221.09,0.5978,person
73,1391,55.640,1149.92,851.59,92.92,228.41,0.6601,person
60,1391,55.640,1255.94,870.40,97.13,209.60,0.7098,person
87,1391,55.640,46.59,820.64,88.62,255.72,0.6168,person
92,1391,55.640,134.70,797.59,86.37,253.00,0.6341,person
90,1391,55.640,1691.54,320.04,73.84,221.87,0.5694,person
73,1392,55.680,1149.21,852.80,93.13,227.20,0.6020,person
60,1392,55.680,1256.49,871.78,97.11,208.22,0.7058,person
87,1392,55.680,45.79,822.30,89.56,255.77,0.6153,person
92,1392,55.680,136.11,801.56,85.21,247.64,0.6032,person
90,1392,55.680,1691.21,319.18,73.87,221.15,0.5163,person
73,1393,55.720,1150.57,855.82,92.62,224.18,0.5739,person
60,1393,55.720,1255.99,872.28,97.59,207.72,0.6863,person
87,1393,55.720,45.25,824.32,90.21,255.00,0.6222,person
92,1393,55.720,136.81,804.91,85.18,245.85,0.6421,person
90,1393,55.720,1688.49,318.07,74.15,222.00,0.5075,person
93,1393,55.720,977.52,851.64,93.53,228.36,0.6604,person
94,1393,55.720,1635.57,105.69,54.34,170.24,0.5984,person
73,1394,55.760,1151.48,857.43,92.60,222.57,0.5911,person
60,1394,55.760,1255.76,873.69,97.68,206.31,0.6685,person
87,1394,55.760,44.29,825.99,90.57,253.66,0.6090,person
92,1394,55.760,136.24,807.30,86.27,248.06,0.6329,person
93,1394,55.760,977.09,853.01,93.00,226.99,0.6332,person
94,1394,55.760,1636.52,105.89,54.11,169.45,0.5411,person
88,1394,55.760,1082.18,462.79,76.25,199.18,0.5435,person
73,1395,55.800,1151.83,859.18,92.36,220.82,0.5617,person
60,1395,55.800,1255.95,874.09,98.05,205.91,0.6679,person
87,1395,55.800,43.30,826.15,91.39,253.85,0.6006,person
92,1395,55.800,135.63,809.09,87.99,252.15,0.6534,person
93,1395,55.800,977.21,855.83,91.66,223.51,0.6329,person
94,1395,55.800,1637.77,106.32,54.39,170.25,0.5650,person
90,1395,55.800,1684.15,317.24,73.09,220.09,0.5376,person
73,1396,55.840,1152.45,860.21,92.24,219.37,0.5160,person
60,1396,55.840,1256.88,875.01,98.12,204.99,0.6487,person
87,1396,55.840,43.60,828.71,91.17,251.29,0.5953,person
92,1396,55.840,135.47,810.75,89.44,255.48,0.6216,person
93,1396,55.840,977.53,858.67,90.73,220.86,0.6400,person
94,1396,55.840,1638.47,106.96,54.53,170.68,0.5320,person
90,1396,55.840,1682.43,316.57,72.23,218.89,0.5085,person
73,1397,55.880,1151.76,861.97,91.49,217.27,0.5258,person
60,1397,55.880,1257.91,875.91,98.08,204.09,0.6560,person
87,1397,55.880,43.89,829.74,91.27,250.26,0.6186,person
92,1397,55.880,135.88,811.53,90.55,257.37,0.6216,person
93,1397,55.880,977.79,862.02,89.49,217.32,0.6246,person
83,1397,55.880,911.07,943.35,70.38,136.65,0.5015,person
73,1398,55.920,1152.17,866.39,89.61,212.74,0.5185,person
60,1398,55.920,1259.35,878.11,97.43,201.89,0.6178,person
87,1398,55.920,44.98,831.95,90.88,248.05,0.6178,person
92,1398,55.920,137.49,812.32,91.06,257.40,0.6265,person
93,1398,55.920,977.32,864.88,88.80,214.90,0.5772,person
91,1398,55.920,348.92,709.02,83.51,241.71,0.5312,person
94,1398,55.920,1640.41,109.59,54.76,171.05,0.5006,person
73,1399,55.960,1152.33,869.33,88.20,209.63,0.5163,person
60,1399,55.960,1260.77,879.56,97.24,200.44,0.5937,person
87,1399,55.960,45.55,834.00,90.77,246.00,0.6550,person
92,1399,55.960,141.33,813.40,90.48,254.85,0.6382,person
93,1399,55.960,977.11,867.85,88.01,212.08,0.6072,person
91,1399,55.960,348.98,711.34,84.18,242.45,0.5205,person
94,1399,55.960,1640.58,111.13,55.72,173.66,0.5062,person
73,1400,56.000,1153.02,868.49,88.72,210.47,0.5088,person
60,1400,56.000,1263.49,881.90,96.55,198.10,0.6221,person
87,1400,56.000,46.87,835.20,90.98,244.80,0.6770,person
92,1400,56.000,145.59,814.89,90.01,253.36,0.6373,person
93,1400,56.000,976.68,870.85,87.28,209.13,0.6033,person
94,1400,56.000,1642.08,111.93,56.28,174.97,0.5015,person
73,1401,56.040,1155.25,869.78,88.84,209.03,0.5215,person
60,1401,56.040,1263.40,885.93,95.69,194.07,0.5981,person
87,1401,56.040,48.57,837.15,90.74,242.85,0.6793,person
92,1401,56.040,148.48,815.71,89.90,251.85,0.6585,person
93,1401,56.040,976.11,874.32,86.53,205.68,0.5836,person
73,1402,56.080,1155.32,871.43,88.65,208.18,0.5560,person
60,1402,56.080,1264.47,888.60,95.50,191.40,0.5781,person
87,1402,56.080,50.12,838.43,90.72,241.57,0.6863,person
92,1402,56.080,151.15,816.57,90.05,250.59,0.6754,person
93,1402,56.080,976.35,878.18,85.96,201.82,0.6147,person
83,1402,56.080,904.40,950.25,67.77,129.75,0.5274,person
73,1403,56.120,1155.72,874.21,87.27,205.70,0.5378,person
60,1403,56.120,1265.58,892.31,95.13,187.69,0.5719,person
87,1403,56.120,51.62,839.90,90.37,240.10,0.6764,person
92,1403,56.120,152.70,817.92,89.82,247.49,0.6960,person
93,1403,56.120,975.13,880.46,85.93,199.54,0.6074,person
83,1403,56.120,904.45,952.88,67.14,127.12,0.5310,person
90,1403,56.120,1673.53,306.99,71.91,219.36,0.5930,person
73,1404,56.160,1158.48,878.72,85.33,201.28,0.5544,person
60,1404,56.160,1267.40,895.73,95.22,184.27,0.5964,person
87,1404,56.160,53.33,841.32,89.98,238.68,0.6886,person
92,1404,56.160,153.53,819.99,89.31,243.26,0.6589,person
93,1404,56.160,976.02,882.49,85.97,197.51,0.6120,person
83,1404,56.160,904.18,954.89,67.08,125.11,0.5396,person
90,1404,56.160,1672.69,305.88,71.32,218.97,0.6023,person
73,1405,56.200,1160.20,882.13,83.98,197.87,0.5549,person
60,1405,56.200,1269.51,899.54,95.32,180.46,0.6129,person
87,1405,56.200,55.98,842.09,89.76,237.91,0.6803,person
92,1405,56.200,153.21,821.56,91.41,246.88,0.6442,person
93,1405,56.200,975.36,882.48,87.36,197.52,0.6457,person
83,1405,56.200,903.97,958.59,66.16,121.41,0.5616,person
90,1405,56.200,1671.79,305.21,70.68,217.99,0.5837,person
73,1406,56.240,1161.93,883.22,83.64,196.78,0.5512,person
60,1406,56.240,1269.83,901.76,96.38,178.24,0.6210,person
87,1406,56.240,57.81,842.70,89.91,237.30,0.6597,person
92,1406,56.240,153.35,821.55,94.15,253.06,0.6455,person
93,1406,56.240,974.72,882.77,88.63,197.23,0.6275,person
83,1406,56.240,903.37,962.34,65.09,117.66,0.5742,person
90,1406,56.240,1670.84,303.80,70.66,218.10,0.5685,person
73,1407,56.280,1162.91,886.63,83.03,193.37,0.5177,person
60,1407,56.280,1269.93,903.17,97.76,176.83,0.6238,person
87,1407,56.280,59.74,843.90,89.80,236.10,0.6625,person
92,1407,56.280,153.57,821.87,95.41,255.33,0.6489,person
93,1407,56.280,973.91,883.24,89.73,196.76,0.5997,person
83,1407,56.280,903.47,965.83,64.23,114.17,0.5411,person
90,1407,56.280,1669.37,303.00,70.64,217.99,0.5708,person
73,1408,56.320,1163.51,888.19,83.03,191.81,0.5328,person
60,1408,56.320,1270.45,904.90,99.03,175.10,0.6453,person
87,1408,56.320,61.51,846.32,89.41,233.68,0.6653,person
92,1408,56.320,153.98,823.54,95.42,253.92,0.6443,person
93,1408,56.320,973.04,883.76,90.78,196.24,0.5861,person
83,1408,56.320,903.82,969.01,63.34,110.99,0.5248,person
90,1408,56.320,1667.33,302.22,70.64,217.14,0.5001,person
73,1409,56.360,1164.67,891.79,82.31,188.21,0.5401,person
60,1409,56.360,1271.48,906.36,100.09,173.64,0.6703,person
87,1409,56.360,62.70,847.82,89.38,232.18,0.6593,person
92,1409,56.360,155.05,825.80,95.10,251.07,0.6379,person
93,1409,56.360,972.09,884.61,91.72,195.39,0.6010,person
83,1409,56.360,904.25,973.27,61.86,106.73,0.5186,person
73,1410,56.400,1166.85,897.60,81.10,182.40,0.5528,person
60,1410,56.400,1272.01,908.38,100.85,171.62,0.6558,person
87,1410,56.400,63.31,849.83,89.07,230.17,0.6384,person
92,1410,56.400,154.74,828.96,94.95,249.00,0.6260,person
93,1410,56.400,971.86,886.02,92.31,193.98,0.5535,person
73,1411,56.440,1166.98,903.08,79.78,176.92,0.6208,person
60,1411,56.440,1273.12,910.02,101.43,169.98,0.6805,person
87,1411,56.440,63.46,851.62,88.77,228.38,0.6151,person
92,1411,56.440,154.41,832.13,94.71,246.85,0.6107,person
93,1411,56.440,972.26,887.98,92.67,192.02,0.5348,person
73,1412,56.480,1167.31,905.59,79.73,174.41,0.6179,person
60,1412,56.480,1273.02,911.47,101.83,168.48,0.6556,person
87,1412,56.480,63.66,853.58,88.54,226.42,0.5956,person
92,1412,56.480,154.24,834.45,94.25,244.58,0.6327,person
93,1412,56.480,973.42,890.24,93.09,189.76,0.5265,person
89,1412,56.480,251.79,753.98,89.57,232.42,0.5276,person
94,1412,56.480,1662.65,120.75,56.95,176.85,0.5009,person
73,1413,56.520,1167.06,905.04,80.99,174.96,0.5793,person
60,1413,56.520,1274.25,912.47,102.16,167.36,0.6796,person
87,1413,56.520,63.90,855.09,88.25,224.91,0.5665,person
92,1413,56.520,153.96,835.78,94.32,244.04,0.6342,person
93,1413,56.520,974.94,891.58,93.68,188.42,0.5309,person
89,1413,56.520,251.03,755.05,91.80,236.23,0.5186,person
94,1413,56.520,1664.12,122.33,56.75,176.32,0.5290,person
73,1414,56.560,1166.90,904.49,82.42,175.51,0.5600,person
60,1414,56.560,1275.23,913.89,102.07,165.92,0.6562,person
87,1414,56.560,62.95,856.66,88.12,223.34,0.5718,person
92,1414,56.560,153.40,836.67,94.44,243.33,0.6262,person
93,1414,56.560,975.33,894.17,93.60,185.83,0.5700,person
89,1414,56.560,250.41,757.40,93.22,239.25,0.5073,person
94,1414,56.560,1664.74,124.60,57.68,180.30,0.5102,person
90,1414,56.560,1654.82,301.47,69.77,215.83,0.5080,person
73,1415,56.600,1169.38,904.76,83.24,175.24,0.5671,person
60,1415,56.600,1273.89,915.28,101.64,164.15,0.6576,person
87,1415,56.600,62.19,858.47,88.13,221.53,0.5994,person
92,1415,56.600,152.08,837.42,94.05,242.58,0.6307,person
93,1415,56.600,975.17,896.60,93.43,183.40,0.5561,person
94,1415,56.600,1665.61,126.63,58.29,183.73,0.5257,person
73,1416,56.640,1170.09,905.16,84.36,174.84,0.5491,person
60,1416,56.640,1273.97,917.98,100.67,161.14,0.6486,person
87,1416,56.640,61.54,860.20,88.25,219.80,0.5999,person
92,1416,56.640,150.36,837.37,93.60,242.63,0.6252,person
93,1416,56.640,975.86,899.80,92.51,180.20,0.5367,person
94,1416,56.640,1666.95,128.41,57.47,182.26,0.5119,person
90,1416,56.640,1652.14,298.35,68.78,212.81,0.5312,person
73,1417,56.680,1172.00,905.25,85.85,174.75,0.5280,person
60,1417,56.680,1273.98,920.56,99.90,158.50,0.6464,person
87,1417,56.680,61.27,862.25,88.14,217.75,0.6147,person
92,1417,56.680,148.92,838.18,92.83,241.82,0.6277,person
93,1417,56.680,977.07,901.59,91.92,178.41,0.5166,person
90,1417,56.680,1650.25,295.37,68.74,211.82,0.5543,person
73,1418,56.720,1172.93,905.15,87.20,174.85,0.5075,person
60,1418,56.720,1274.09,924.14,98.68,154.98,0.6356,person
87,1418,56.720,60.99,864.22,87.96,215.78,0.6012,person
92,1418,56.720,148.27,840.12,91.77,239.88,0.6126,person
93,1418,56.720,978.66,903.09,91.49,176.91,0.5502,person
90,1418,56.720,1648.14,293.12,68.28,209.75,0.5017,person
88,1418,56.720,1056.06,423.20,66.08,165.88,0.5532,person
73,1419,56.760,1173.97,905.78,87.84,174.22,0.5196,person
60,1419,56.760,1273.19,927.71,97.87,151.55,0.6415,person
87,1419,56.760,61.54,865.97,87.86,214.03,0.5714,person
92,1419,56.760,147.73,842.32,90.88,237.68,0.5967,person
93,1419,56.760,979.79,904.29,91.06,175.71,0.5517,person
88,1419,56.760,1053.31,421.68,67.38,167.87,0.5319,person
73,1420,56.800,1175.30,904.38,89.60,175.62,0.5486,person
60,1420,56.800,1273.37,931.07,97.18,148.52,0.6393,person
87,1420,56.800,62.12,867.69,87.76,212.31,0.5968,person
92,1420,56.800,148.01,842.54,90.48,237.07,0.6032,person
93,1420,56.800,980.83,904.74,90.74,175.26,0.5289,person
88,1420,56.800,1050.80,418.69,69.65,170.80,0.6033,person
91,1420,56.800,348.24,747.50,84.68,249.05,0.5075,person
73,1421,56.840,1175.43,904.90,90.00,175.10,0.5636,person
60,1421,56.840,1273.55,933.41,96.75,146.18,0.5809,person
87,1421,56.840,63.11,868.92,87.73,211.08,0.5766,person
92,1421,56.840,149.05,845.12,89.89,234.88,0.6288,person
93,1421,56.840,983.40,905.28,90.46,174.72,0.5384,person
88,1421,56.840,1049.09,415.43,70.78,172.80,0.5745,person
73,1422,56.880,1178.22,910.14,88.84,169.86,0.5256,person
60,1422,56.880,1274.09,935.26,96.37,144.61,0.5472,person
87,1422,56.880,63.65,870.83,87.45,209.17,0.5741,person
92,1422,56.880,149.10,847.11,89.53,232.89,0.6512,person
93,1422,56.880,985.75,905.75,89.83,174.25,0.5576,person
88,1422,56.880,1047.96,412.83,71.28,174.70,0.5872,person
73,1423,56.920,1177.31,917.05,86.40,162.95,0.5628,person
60,1423,56.920,1274.31,937.80,95.54,142.17,0.5563,person
87,1423,56.920,64.67,870.67,87.82,209.33,0.5586,person
92,1423,56.920,149.09,849.00,89.18,231.00,0.6461,person
93,1423,56.920,988.30,906.63,89.12,173.37,0.5322,person
88,1423,56.920,1046.42,410.03,72.33,177.72,0.5868,person
73,1424,56.960,1177.01,920.82,85.10,159.18,0.5739,person
60,1424,56.960,1273.19,940.15,95.11,139.85,0.5639,person
87,1424,56.960,65.14,870.82,88.03,209.18,0.5307,person
92,1424,56.960,148.69,850.44,89.22,229.56,0.6041,person
93,1424,56.960,990.44,907.07,88.67,172.93,0.5788,person
88,1424,56.960,1045.50,406.75,71.77,179.18,0.5336,person
73,1425,57.000,1178.54,925.45,83.77,154.55,0.5833,person
60,1425,57.000,1273.29,941.53,95.10,138.47,0.5587,person
87,1425,57.000,65.96,871.81,88.11,208.19,0.5158,person
92,1425,57.000,148.44,851.85,89.23,228.15,0.5699,person
93,1425,57.000,992.99,907.79,88.13,172.21,0.5323,person
88,1425,57.000,1044.50,405.51,72.07,182.23,0.5370,person
73,1426,57.040,1179.77,928.39,83.03,151.61,0.5557,person
60,1426,57.040,1273.80,943.14,94.77,136.86,0.5244,person
87,1426,57.040,66.52,872.70,88.01,207.30,0.5350,person
92,1426,57.040,147.97,852.32,89.54,227.68,0.5847,person
93,1426,57.040,995.20,907.78,88.11,172.22,0.5014,person
88,1426,57.040,1044.31,403.57,71.50,182.88,0.5306,person
73,1427,57.080,1181.77,935.40,80.39,144.60,0.5746,person
60,1427,57.080,1274.92,944.77,94.16,135.07,0.5218,person
87,1427,57.080,67.60,874.39,87.63,205.61,0.5412,person
92,1427,57.080,148.66,854.82,89.18,225.18,0.5979,person
73,1428,57.120,1183.00,939.91,79.38,140.09,0.6188,person
60,1428,57.120,1277.23,947.45,92.88,132.46,0.5570,person
87,1428,57.120,69.53,876.00,87.46,204.00,0.5340,person
92,1428,57.120,148.97,857.51,88.70,222.49,0.6144,person
73,1429,57.160,1183.41,941.67,79.90,138.33,0.5817,person
60,1429,57.160,1279.23,949.38,91.94,130.60,0.6035,person
87,1429,57.160,71.24,878.64,86.82,201.36,0.5643,person
92,1429,57.160,149.52,859.34,88.11,220.66,0.6358,person
73,1430,57.200,1182.87,942.36,80.72,137.64,0.5378,person
60,1430,57.200,1280.26,951.63,91.07,128.37,0.6231,person
87,1430,57.200,71.33,881.88,85.52,198.12,0.5769,person
92,1430,57.200,148.78,862.23,87.48,217.77,0.6365,person
60,1431,57.240,1279.82,953.60,90.71,126.40,0.6583,person
87,1431,57.240,73.20,883.75,85.27,196.25,0.5956,person
92,1431,57.240,149.31,865.42,86.46,214.58,0.6317,person
90,1431,57.240,1627.26,275.89,70.20,216.83,0.5247,person
88,1431,57.240,1039.20,399.64,68.53,178.29,0.5112,person
60,1432,57.280,1281.34,956.31,89.64,123.69,0.6604,person
87,1432,57.280,75.78,886.26,84.89,193.74,0.6359,person
92,1432,57.280,151.76,868.04,85.20,211.96,0.6276,person
89,1432,57.280,247.67,785.89,90.87,230.05,0.5210,person
60,1433,57.320,1283.12,959.00,88.71,121.00,0.6269,person
87,1433,57.320,78.00,888.95,84.28,191.05,0.6219,person
92,1433,57.320,152.42,868.80,85.01,211.20,0.6416,person
89,1433,57.320,246.97,788.58,90.95,227.93,0.5567,person
60,1434,57.360,1285.21,961.61,87.81,118.39,0.5728,person
87,1434,57.360,80.15,891.45,84.12,188.55,0.6300,person
92,1434,57.360,154.58,869.34,84.76,210.66,0.6418,person
89,1434,57.360,247.08,790.37,91.13,226.60,0.5372,person
88,1434,57.360,1032.69,394.64,70.77,187.73,0.5238,person
60,1435,57.400,1287.28,964.72,87.10,115.28,0.5531,person
87,1435,57.400,83.54,893.37,84.49,186.63,0.5976,person
92,1435,57.400,155.94,870.13,84.61,209.87,0.6094,person
89,1435,57.400,248.19,793.87,90.32,222.52,0.5460,person
60,1436,57.440,1288.77,967.92,86.25,112.08,0.5606,person
87,1436,57.440,85.77,894.77,85.00,185.23,0.5788,person
92,1436,57.440,156.88,870.91,84.79,209.09,0.5767,person
89,1436,57.440,248.61,797.08,90.60,222.41,0.5021,person
88,1436,57.440,1028.95,392.24,69.01,181.60,0.5173,person
60,1437,57.480,1291.05,970.29,85.71,109.71,0.5460,person
87,1437,57.480,87.95,895.85,85.97,184.15,0.5387,person
92,1437,57.480,158.96,871.32,85.11,208.68,0.5790,person
60,1438,57.520,1291.84,973.91,84.18,106.09,0.5476,person
87,1438,57.520,88.71,896.78,86.76,183.22,0.5449,person
92,1438,57.520,161.01,872.26,85.22,207.74,0.5855,person
60,1439,57.560,1292.07,973.85,85.35,106.15,0.5341,person
87,1439,57.560,89.40,897.41,87.48,182.59,0.5056,person
92,1439,57.560,161.52,873.22,85.37,206.78,0.5884,person
91,1439,57.560,340.56,782.56,84.69,252.32,0.5150,person
73,1439,57.560,1188.20,949.50,80.01,130.50,0.5041,person
88,1439,57.560,1022.76,385.61,68.55,178.77,0.5336,person
60,1440,57.600,1292.76,974.21,86.40,105.79,0.5547,person
87,1440,57.600,89.70,898.20,88.16,181.80,0.5067,person
92,1440,57.600,162.89,873.94,85.57,206.06,0.5886,person
73,1440,57.600,1189.15,950.39,82.60,129.61,0.5205,person
88,1440,57.600,1020.22,383.32,70.43,181.26,0.5204,person
60,1441,57.640,1293.53,976.02,86.41,103.98,0.5668,person
87,1441,57.640,90.53,899.45,88.69,180.55,0.5068,person
92,1441,57.640,164.13,875.48,85.61,204.52,0.5768,person
73,1441,57.640,1187.97,950.08,84.62,129.92,0.5370,person
88,1441,57.640,1017.77,382.50,71.76,183.63,0.5655,person
60,1442,57.680,1294.72,978.17,86.09,101.83,0.5531,person
87,1442,57.680,90.78,900.83,89.01,179.17,0.5024,person
92,1442,57.680,164.26,877.03,85.81,202.97,0.6415,person
73,1442,57.680,1188.18,952.42,84.89,127.58,0.5786,person
88,1442,57.680,1016.17,381.87,72.46,184.79,0.6098,person
60,1443,57.720,1296.01,980.90,85.07,99.10,0.5286,person
87,1443,57.720,91.37,901.89,89.30,178.11,0.5283,person
92,1443,57.720,164.22,879.25,85.79,200.75,0.6451,person
73,1443,57.720,1190.11,955.84,85.09,124.16,0.5622,person
88,1443,57.720,1015.70,381.19,72.61,185.42,0.6184,person
94,1443,57.720,1709.93,153.95,55.61,174.08,0.5346,person
60,1444,57.760,1296.17,982.97,84.61,97.03,0.5328,person
92,1444,57.760,164.82,880.47,86.17,199.53,0.6590,person
73,1444,57.760,1191.19,959.09,85.30,120.91,0.5761,person
88,1444,57.760,1014.43,380.41,73.18,186.71,0.6406,person
94,1444,57.760,1710.79,154.09,56.42,175.82,0.5179,person
89,1444,57.760,252.66,799.97,91.73,227.22,0.5008,person
60,1445,57.800,1296.09,983.82,85.03,96.18,0.5294,person
92,1445,57.800,165.23,881.95,86.33,198.05,0.6740,person
73,1445,57.800,1191.40,962.83,84.74,117.17,0.5599,person
88,1445,57.800,1012.76,379.30,73.27,186.13,0.6518,person
89,1445,57.800,253.17,800.43,91.22,227.81,0.5127,person
87,1445,57.800,91.57,903.78,89.37,176.22,0.5144,person
92,1446,57.840,164.71,882.99,86.75,197.01,0.6495,person
73,1446,57.840,1191.47,965.35,84.84,114.65,0.5242,person
88,1446,57.840,1011.20,376.51,74.77,189.65,0.5776,person
89,1446,57.840,253.29,800.78,91.38,229.52,0.5302,person
92,1447,57.880,165.65,885.33,86.41,194.67,0.5954,person
73,1447,57.880,1191.24,966.77,85.44,113.23,0.5292,person
88,1447,57.880,1009.96,373.18,75.74,192.14,0.5458,person
89,1447,57.880,253.77,800.75,90.91,229.21,0.5202,person
92,1448,57.920,166.20,887.56,86.09,192.44,0.5540,person
73,1448,57.920,1190.45,967.93,85.88,112.07,0.5426,person
92,1449,57.960,166.52,889.92,85.73,190.08,0.5463,person
73,1449,57.960,1190.78,971.22,84.74,108.78,0.5058,person
92,1450,58.000,167.19,891.86,85.48,188.14,0.5666,person
92,1451,58.040,166.72,893.65,85.20,186.35,0.5559,person
92,1452,58.080,165.76,894.86,85.02,185.14,0.5058,person
92,1455,58.200,166.25,897.12,84.45,182.88,0.5185,person
92,1456,58.240,165.97,897.82,84.68,182.18,0.5443,person
92,1457,58.280,166.30,898.94,84.82,181.06,0.5404,person
0,1458,58.320,1029.50,601.73,85.52,264.45,0.5342,person
1,1458,58.320,788.83,661.56,67.35,221.29,0.5315,person
2,1458,58.320,742.89,370.86,80.83,212.18,0.5187,person
92,1459,58.360,168.88,903.66,83.99,176.34,0.5338,person
0,1460,58.400,1029.62,606.95,86.05,263.79,0.5916,person
1,1460,58.400,739.78,372.13,86.22,210.83,0.5236,person
2,1460,58.400,790.00,660.96,67.74,222.96,0.5083,person
92,1461,58.440,170.60,907.11,83.78,172.89,0.5057,person
0,1462,58.480,1030.74,613.22,86.26,260.87,0.5779,person
1,1462,58.480,746.90,372.52,80.22,209.75,0.5022,person
0,1463,58.520,1030.94,616.09,83.17,260.24,0.5890,person
1,1463,58.520,751.99,373.13,75.90,203.95,0.5045,person
0,1464,58.560,1030.19,616.22,78.18,261.44,0.5873,person
1,1464,58.560,790.51,662.33,68.46,221.05,0.5188,person
2,1464,58.560,935.28,372.94,68.13,192.37,0.5043,person
0,1465,58.600,1029.97,617.18,79.15,259.66,0.5821,person
1,1465,58.600,935.47,370.60,71.16,193.17,0.5536,person
2,1465,58.600,789.50,663.01,70.42,219.93,0.5134,person
0,1466,58.640,1030.45,617.76,80.99,258.68,0.5867,person
1,1466,58.640,936.74,367.97,70.63,193.47,0.5586,person
2,1466,58.640,790.37,663.21,69.53,221.58,0.5405,person
3,1466,58.640,1251.54,890.49,98.81,188.50,0.5392,person
4,1466,58.640,756.47,375.10,74.89,207.07,0.5201,person
0,1467,58.680,938.27,365.03,69.35,195.64,0.5727,person
1,1467,58.680,1029.93,618.77,85.21,257.30,0.5726,person
2,1467,58.680,1254.59,893.17,97.29,186.54,0.5330,person
3,1467,58.680,790.16,665.29,69.55,221.61,0.5265,person
0,1468,58.720,1254.94,895.86,96.85,184.13,0.5793,person
1,1468,58.720,1031.98,620.37,88.09,254.16,0.5792,person
2,1468,58.720,942.89,367.69,68.29,190.86,0.5507,person
3,1468,58.720,790.75,665.64,68.83,220.02,0.5443,person
4,1468,58.720,757.17,377.34,74.16,210.30,0.5115,person
0,1469,58.760,1030.83,618.42,87.78,257.55,0.5709,person
1,1469,58.760,1257.82,898.72,93.62,181.28,0.5695,person
2,1469,58.760,790.55,666.89,69.16,221.80,0.5550,person
3,1469,58.760,943.90,365.82,67.72,193.72,0.5539,person
4,1469,58.760,758.69,378.09,73.78,209.12,0.5184,person
92,1470,58.800,179.43,930.52,74.77,149.48,0.5400,person
0,1471,58.840,791.94,667.03,67.46,223.11,0.5884,person
1,1471,58.840,1031.64,619.61,86.11,253.63,0.5765,person
2,1471,58.840,1259.40,904.25,94.91,175.75,0.5659,person
3,1471,58.840,945.60,361.39,71.49,199.04,0.5358,person
4,1471,58.840,1097.74,310.29,74.26,192.09,0.5083,person
5,1471,58.840,759.84,378.04,75.69,217.62,0.5069,person
0,1472,58.880,1031.90,620.51,82.08,257.46,0.5926,person
1,1472,58.880,792.02,667.15,67.70,227.11,0.5915,person
2,1472,58.880,1260.01,907.19,96.72,172.81,0.5804,person
3,1472,58.880,1096.75,309.11,74.84,193.63,0.5327,person
4,1472,58.880,948.01,360.31,72.50,202.14,0.5229,person
88,1473,58.920,946.94,360.59,77.64,201.54,0.5512,person
95,1474,58.960,1032.46,623.84,79.81,265.48,0.6227,person
88,1474,58.960,947.31,358.48,77.25,203.71,0.5499,person
95,1475,59.000,1034.49,625.02,80.02,266.29,0.6677,person
88,1475,59.000,947.96,356.53,76.74,206.42,0.5459,person
95,1476,59.040,1035.52,626.86,79.00,263.10,0.6462,person
88,1476,59.040,949.65,354.72,76.45,209.24,0.5058,person
95,1477,59.080,1037.33,627.97,78.69,262.05,0.6321,person
88,1477,59.080,950.96,354.83,75.57,209.71,0.5869,person
95,1478,59.120,1039.22,628.92,78.61,261.40,0.5402,person
88,1478,59.120,952.76,355.53,72.85,204.97,0.5318,person
95,1479,59.160,1041.34,632.02,78.08,259.50,0.5224,person
88,1479,59.160,955.23,356.06,72.31,204.18,0.5008,person
95,1480,59.200,1043.59,635.72,78.15,259.30,0.5019,person
92,1480,59.200,200.25,941.40,77.13,138.60,0.5513,person
95,1481,59.240,1045.59,638.70,77.76,257.58,0.5474,person
92,1481,59.240,199.65,943.08,81.48,136.92,0.5413,person
95,1482,59.280,1046.85,640.65,78.55,258.69,0.5299,person
92,1482,59.280,199.23,944.92,84.30,135.08,0.5362,person
88,1482,59.280,957.34,349.06,70.99,201.52,0.5371,person
95,1483,59.320,1047.46,642.15,78.88,258.27,0.5005,person
92,1483,59.320,198.41,946.53,86.18,133.47,0.5369,person
88,1483,59.320,959.02,348.88,69.71,198.84,0.5500,person
95,1484,59.360,1047.94,643.47,79.61,259.88,0.5090,person
92,1484,59.360,197.96,949.26,86.66,130.74,0.5031,person
88,1484,59.360,959.89,343.28,70.58,201.85,0.5334,person
95,1485,59.400,1049.03,643.89,80.75,262.38,0.5254,person
88,1485,59.400,960.37,343.80,69.86,200.52,0.5038,person
95,1486,59.440,1049.53,643.97,81.65,264.34,0.5556,person
88,1486,59.440,960.45,343.74,69.58,200.28,0.5102,person
95,1487,59.480,1049.58,644.33,81.95,264.39,0.5440,person
95,1488,59.520,1051.02,644.20,81.68,262.62,0.5027,person
95,1489,59.560,1052.33,644.82,81.41,260.77,0.5147,person
0,1490,59.600,1127.64,676.73,65.94,222.21,0.5699,person
1,1490,59.600,1113.38,284.90,71.15,183.30,0.5361,person
0,1491,59.640,1128.16,678.77,67.84,222.49,0.5795,person
1,1491,59.640,1114.38,281.73,71.10,184.57,0.5405,person
2,1491,59.640,438.10,888.35,78.11,191.65,0.5195,person
0,1492,59.680,1129.84,683.56,66.83,222.28,0.5920,person
1,1492,59.680,1114.25,280.68,71.17,185.56,0.5801,person
2,1492,59.680,438.89,892.51,76.61,187.49,0.5129,person
0,1493,59.720,1117.80,279.87,69.84,186.42,0.6289,person
1,1493,59.720,1130.54,686.67,68.09,219.58,0.5503,person
2,1493,59.720,438.60,896.42,76.83,183.58,0.5281,person
96,1494,59.760,1119.29,279.81,68.23,182.05,0.5265,person
96,1495,59.800,1120.11,279.50,67.50,179.89,0.5257,person
96,1496,59.840,1121.69,278.91,67.99,181.07,0.5626,person
96,1497,59.880,1122.29,278.39,68.07,181.06,0.5557,person
95,1497,59.880,1056.14,662.66,84.39,269.40,0.5183,person
96,1498,59.920,1122.73,278.16,67.70,179.54,0.5450,person
95,1498,59.920,1056.81,665.08,85.03,270.20,0.5531,person
88,1498,59.920,974.46,335.23,67.72,196.73,0.5013,person
96,1499,59.960,1123.80,278.53,67.25,177.44,0.5371,person
95,1499,59.960,1056.79,667.26,85.34,270.41,0.5544,person
